data:text/csv;charset=utf-8,"sep=,"
Game ID, Name, Image, Year Published, Price, Artists, Designers, Primary Family, Other Families, Categories, Mechanics, BGG Rating, User Rating, Complexity, Language Level, Play Time, Minimum Age, Recommended Min Age, Minimum Players, Maximum Players, Minimum Players (Base Game), Maximum Players (Base Game), Best with x Number of Players, Recommended with x Number of Players, Number of Plays, BGG Rank, Owners, Type
308663,"7 Gods","https://cf.geekdo-images.com/BN0-LH7FDXsptRxUGkWYCw__original/img/8k3ki3vJJi9fWvQTZ6AS67UUjRw=/0x0/filters:format(png)/pic6348681.png",2020,Unknown,"Studio Monnikenwerk","Joris Maas,Alexander Remi","","Containers: Triangular Boxes,Digital Implementations: Tabletopia","Dice,Exploration,Mythology","Area Majority / Influence,Dice Rolling,End Game Bonuses,Grid Movement,Hand Management,Hidden Victory Points,Variable Player Powers,Variable Set-up",6.4,"Not Rated",3.0,Unknown,30 - 180,14,12,2,6,2,6,"4","3,4,5,6","0",23451,"excali8ur",Base Game,
446231,"7 Wonders Dice","https://cf.geekdo-images.com/FJtnBtuDIkRO95pGLSd5aA__original/img/phjoEbQy9HWmWWkH0ocU-Cquv9s=/0x0/filters:format(jpeg)/pic8871909.jpg",2025,Unknown,"Agnès Ripoche","Antoine Bauza","Family Game","Admin: Upcoming Releases,Components: Dice Cup / Dice Tower / Dice Tray,Components: Dice with Icons,Constructions: Lighthouses,Digital Implementations: Board Game Arena,Game: 7 Wonders,Mechanism: Roll-and-Write,Versions & Editions: Dice Versions of Non-Dice Games,Versions & Editions: Roll- or Flip-and-Write Versions of Non-Writing Games","Ancient,City Building,Dice","Bingo,Dice Rolling,Die Icon Resolution,Paper-and-Pencil,Simultaneous Action Selection",6.4,"Not Rated",2.5,1,25 - 30,10,8,2,7,2,7,"3,4,5,6","2,3,4,5,6,7","2",3859,"excali8ur",Base Game,
346703,"7 Wonders: Architects","https://cf.geekdo-images.com/BGtYtHbLgYhYyNMoyOm1RA__original/img/05P7xaW8B4ueCvItryBjO5wVA5s=/0x0/filters:format(jpeg)/pic7416525.jpg",2021,Unknown,"Etienne Hebinger","Antoine Bauza","Family Game","Animals: Cats,Constructions: Lighthouses,Constructions: Pyramids,Digital Implementations: Board Game Arena,Game: 7 Wonders,Misc: LongPack Games","Ancient","Neighbor Scope,Open Drafting,Set Collection,Variable Player Powers",7.0,"Not Rated",1.4,1,25,8,6,2,7,2,7,"4","2,3,4,5,6,7","7",814,"excali8ur",Base Game,
454438,"8 Dragons","https://cf.geekdo-images.com/R5iIG_-VyhoDw2kYX-lVdA__original/img/iM3aQoOsbjmtlGLCpxP6HpDYk8U=/0x0/filters:format(jpeg)/pic9108005.jpg",2027,Unknown,"Pauliina Hannuniemi","Sönke Schmidt","","Admin: Upcoming Releases,Creatures: Dragons","Fantasy","",7.3,"Not Rated",2.5,Unknown,40 - 60,10,8,2,4,2,4,"","","0",Unknown,"",Base Game,
292354,"13 Monsters","https://cf.geekdo-images.com/adLgwGHlJcTPmMXzqZhVzA__original/img/anm6fa-dLRQLOCU42dirVtjn_Sg=/0x0/filters:format(png)/pic6525444.png",2020,Unknown,"Rens Willemsen","Rens Willemsen","","Crowdfunding: Kickstarter,Digital Implementations: Tabletopia","Card Game,Collectible Components,Dice,Fantasy,Fighting,Memory,Negotiation,Party Game","Chaining,Connections,Dice Rolling,Finale Ending,Highest-Lowest Scoring,Memory,Negotiation,Once-Per-Game Abilities,Re-rolling and Locking,Semi-Cooperative Game,Trading,Variable Player Powers,Variable Set-up",6.4,"8.0",2.5,1,30 - 75,6,Unknown,2,8,2,8,"3,5,6","2,3,4,5,6,7,8","1",20940,"excali8ur",Base Game,
320519,"13 Monsters: Armed to the Teeth","https://cf.geekdo-images.com/T7Zc2y_pNpS7Ji4YlGcEDg__original/img/kMoDENC93a4v7j3_arCvfXK4kC8=/0x0/filters:format(png)/pic6525445.png",2020,Unknown,"Rens Willemsen","Tom Terwan,Rens Willemsen","","","Collectible Components,Expansion for Base-game,Memory","Chaining,Deck Construction,Matching,Memory,Negotiation,Once-Per-Game Abilities,Passed Action Token,Tile Placement,Trading,Variable Phase Order,Variable Player Powers",6.5,"Not Rated",0.0,Unknown,60 - 90,6,Unknown,2,6,2,6,"","","0",Unknown,"excali8ur",Expansion,
298619,"15 Days","https://cf.geekdo-images.com/zGvQn8R2EoOMIlUiTKB89Q__original/img/oDE_hP7xCCxK5C2ivSI0-ihCXqY=/0x0/filters:format(png)/pic5168771.png",2020,Unknown,"Cinyee Chiu","Francesco Testini","Family Game","Components: Meeples (Animal) / Animeeples,Components: Wooden pieces & boards,Crowdfunding: Kickstarter,Digital Implementations: Board Game Arena,Series: The Matchbox Collection (Thundergryph),Theme: Seasons of the year","Animals,Card Game","Hand Management,Set Collection",6.3,"Not Rated",1.8,1,20,14,10,1,4,1,4,"3","1,2,3,4","5",7607,"excali8ur",Base Game,
424055,"365 Adventures: The Dungeon – 2025","https://cf.geekdo-images.com/xTnG122cWZhOdoI89XLKRg__original/img/TOwma_-0E994fEc5wWHQaQvZaAE=/0x0/filters:format(jpeg)/pic8284447.jpg",2024,Unknown,"Radja Sauperamaniane","Lee Ju-Hwa","","Category: Annual Calendar Games,Category: Dungeon Crawler,Components: Coloured Dice,Mechanism: Roll-and-Write,Misc: Limited Replayability,Players: Solitaire Only Games,Series: 365 Adventures","Adventure,Dice,Fantasy","Dice Rolling,Paper-and-Pencil,Re-rolling and Locking,Solo / Solitaire Game",6.5,"Not Rated",1.0,Unknown,2 - 5,14,6,1,1,1,1,"1","1","17",16663,"excali8ur",Base Game,
437337,"Abroad","https://cf.geekdo-images.com/i2rtJevFq95NLPU-d0kDQQ__original/img/Gjdj8fICdvbtMTuLbMWSlmyE_gs=/0x0/filters:format(png)/pic8650802.png",2025,Unknown,"Christian Schupp","Rodrigo Rego,Danilo Valente","","Components: Map (Continental / National scale),Continents: Europe,Misc: LongPack Games","Travel","Area Majority / Influence,End Game Bonuses,Hand Management,Income,Solo / Solitaire Game,Tags",7.8,"Not Rated",2.8,3,90,12,12,1,5,1,5,"3,4","1,2,3,4","0",3847,"",Base Game,
413469,"Ada's Dream","https://cf.geekdo-images.com/i3YeleJsNmnvcKdwgW3TKA__original/img/0bHPZadTVedYlWrXsy0LKZ0Kwf8=/0x0/filters:format(jpeg)/pic8030666.jpg",2025,Unknown,"Javier González Cava","Toni López","Strategy Game","Admin: Better Description Needed!,Components: Coloured Dice,Crowdfunding: Kickstarter,Historical Figures: Ada Lovelace,Mechanism: Dice Drafting,Players: Games with Solitaire Rules,Theme: Computer / Information Technology Industry","Dice,Industry / Manufacturing,Math","Dice Rolling,Hand Management,Rondel,Solo / Solitaire Game,Tech Trees / Tech Tracks",8.0,"Not Rated",4.0,2,90 - 120,14,14,1,4,1,4,"3","1,2,3,4","0",1860,"",Base Game,
364276,"Adrift: A Puzzletale","https://cf.geekdo-images.com/kQJJ2ZWqWMcqunKK5UCsjg__original/img/Bno9-Yu1cib1fGSGC1ERYWZS7is=/0x0/filters:format(png)/pic8790980.png",2022,Unknown,"Amelia Leonards","Rita Orlov","","Category: Escape Room Games","Fantasy,Murder / Mystery,Mythology,Puzzle","Cooperative Game,Solo / Solitaire Game,Storytelling",7.8,"Not Rated",2.9,Unknown,90 - 180,14,10,1,4,1,4,"2","1,2,3","0",8004,"",Base Game,
161970,"Alchemists","https://cf.geekdo-images.com/ztNshEv3Fsm46HCJaEOFPw__original/img/SP4ItZ27dLweUPbz_bF7C-P7GtA=/0x0/filters:format(png)/pic2241156.png",2014,Unknown,"David Cochard","Matúš Kotry","Strategy Game","Components: Digital Hybrid – App/Website Required,Components: Gems/Crystals,Components: Player Screens,Digital Implementations: Board Game Arena,Digital Implementations: Boiteajeux,Digital Implementations: VASSAL,Theme: Alchemy,Theme: Wizards","Deduction,Fantasy,Puzzle","Action Drafting,Constrained Bidding,Deduction,End Game Bonuses,Events,Hand Management,Open Drafting,Turn Order: Progressive,Worker Placement",7.6,"Not Rated",3.9,3,120,12,12,2,4,2,4,"4","2,3,4","0",179,"excali8ur",Base Game,
204650,"Alchemists: The King's Golem","https://cf.geekdo-images.com/VQUCSJnGsJHDjFXZr54klQ__original/img/9_3PigpZ3FlGVfXKyfeTYIq7Ib8=/0x0/filters:format(jpeg)/pic3195558.jpg",2016,Unknown,"David Cochard,Matúš Kotry,Jakub Politzer","Matúš Kotry","Strategy Game","","Deduction,Expansion for Base-game,Fantasy,Puzzle","Action Drafting,Deduction,End Game Bonuses,Hand Management,Open Drafting,Worker Placement",8.4,"Not Rated",4.6,2,120,14,14,2,4,2,4,"3","2,3,4","0",Unknown,"excali8ur",Expansion,
382158,"Almighty","https://cf.geekdo-images.com/ZAQzUeNiRNmWJqA0uU3RCQ__original/img/xqKKoQxQjwuRPI33bZHxFnYH7rg=/0x0/filters:format(png)/pic9033470.png",2027,Unknown,"Malachi Ray Rempen","Kevin Privalle,Malachi Ray Rempen","","Admin: Upcoming Releases,Crowdfunding: Kickstarter","Ancient,Fantasy,Humor,Mythology,Prehistoric,Religious","Area Majority / Influence,End Game Bonuses,Hand Management,Solo / Solitaire Game,Take That,Variable Player Powers",7.7,"Not Rated",2.7,Unknown,60 - 90,10,10,1,4,1,4,"4","1,2,3,4","0",15302,"",Base Game,
428577,"Ananda","https://cf.geekdo-images.com/0T5c0E4U7w67xV5f9T1VcQ__original/img/L8_OZ39AFhksF7h9g4jOK43S4AI=/0x0/filters:format(jpeg)/pic8415416.jpg",2024,Unknown,"Matthias Holländer","Dirk Barsuhn","","Religious: Buddhism,Theme: Psychology,Theme: Temple","","Hand Management,Pattern Building,Tile Placement",6.7,"Not Rated",1.5,1,30 - 45,10,8,2,4,2,4,"","2,3,4","4",12555,"excali8ur",Base Game,
419454,"Around the World in 80 Days","https://cf.geekdo-images.com/Zp5XxHADYoOcL6dgpyHYGg__original/img/HKsOzmt-hNUrvwOTJG_lbQoEuzw=/0x0/filters:format(jpeg)/pic8296975.jpg",2024,Unknown,"Pedro Soto","Eloi Pujadas,Àlex M. Sanguino","","Authors: Jules Verne,Mechanism: Flip-and-Write,Series: Historic Novels (Looping Games)","Adventure,Novel-based,Racing,Transportation,Travel","Line Drawing,Measurement Movement,Paper-and-Pencil",6.9,"Not Rated",2.0,Unknown,30,8,8,2,4,2,4,"2,3","1,2,3,4","3",10564,"excali8ur",Base Game,
465889,"Arribada","https://cf.geekdo-images.com/VXuBu0BC6VLIe7Eq3EodaQ__original/img/S-KRdtuIeLNRinPbIjYmVJOMOCc=/0x0/filters:format(jpeg)/pic9438239.jpg",2026,Unknown,"A. Giroux","Robert Hovakimyan","","Admin: Upcoming Releases,Animals: Turtles,Crowdfunding: Kickstarter,Series: Travel Line (Bitewing Games)","Abstract Strategy,Animals","Area Majority / Influence,Chaining,Hand Management,Tile Placement",7.6,"Not Rated",0.0,1,30 - 45,10,Unknown,2,4,2,4,"","","0",Unknown,"",Base Game,
450286,"Ashes & Amber","https://cf.geekdo-images.com/_aeRIXpPVI_oQz72xJL8pw__original/img/EqxzfctfsSFGtJjtgz8K43osuNY=/0x0/filters:format(jpeg)/pic9705619.jpg",2026,Unknown,"David Falla de Acebo","David Falla de Acebo","","Admin: Upcoming Releases,Card Games: Draw and Discard,Components: AI Generated Illustrations,Game: Civilization,Misc: LongPack Games","Card Game,City Building,Civilization","Events,Hand Management,Income,Multi-Use Cards,Solo / Solitaire Game,Tags,Tech Trees / Tech Tracks,Turn Order: Claim Action,Variable Player Powers,Variable Set-up,Victory Points as a Resource",7.4,"Not Rated",3.0,Unknown,40 - 160,14,Unknown,1,4,1,4,"","","0",Unknown,"",Base Game,
402276,"Avalon: The Riven Veil","https://cf.geekdo-images.com/rXGLkG-3OCyERQS9zuN_dA__original/img/elYOl-NTSEXYklZvMeiE0Pq0rIE=/0x0/filters:format(jpeg)/pic8505782.jpg",2026,Unknown,"Pedro Nuñez,Aitor Sebastián","Jamie Jolly","Thematic,Strategy Game","Admin: Upcoming Releases,Components: Miniatures,Crowdfunding: Kickstarter,Mechanism: Hunt,Theme: King Arthur / The Knights of the Round Table / Camelot","Adventure,Bluffing,Exploration,Fantasy,Fighting,Medieval,Miniatures,Mythology,Religious","Area Majority / Influence,Card Play Conflict Resolution,End Game Bonuses,Hand Management,King of the Hill,Map Addition,Multi-Use Cards,Prisoner's Dilemma,Simultaneous Action Selection,Turn Order: Stat-Based,Variable Player Powers",8.7,"Not Rated",3.6,3,90 - 120,14,10,2,4,2,4,"3,4","2,3,4","0",3686,"excali8ur",Base Game,
418354,"Babylon","https://cf.geekdo-images.com/b5iF1K7adpDzl56EgixITQ__original/img/SAqE2M0Mqlrc_5ijZIoe6u8g1L0=/0x0/filters:format(jpeg)/pic8255989.jpg",2024,Unknown,"The Creation Studio","Olivier Grégoire","Family Game","Ancient: Babylon,Ancient: Mesopotamia,Constructions: The Hanging Gardens of Babylon,Theme: Construction","Ancient,City Building","Modular Board,Open Drafting,Three Dimensional Movement,Tile Placement",7.1,"Not Rated",1.9,1,40 - 60,8,8,2,4,2,4,"3","2,3,4","4",3838,"excali8ur",Base Game,
344925,"Bardwood Grove","https://cf.geekdo-images.com/Mgv8-ZhhHO9NoknMrIJYXg__original/img/g_rnKZZGsGbyj47FcUPPRhtd2LA=/0x0/filters:format(jpeg)/pic6352309.jpg",2024,Unknown,"Mihajlo Dimitrievski","Carl Van Ostrand","Strategy Game","Crowdfunding: Kickstarter,Digital Implementations: TableTop Simulator Mod (TTS),Mechanism: Tableau Building,Players: Games with expansions that change player count,Players: Games with Solitaire Rules,Setting: The Five Realms,Theme: Music Making & Makers","Card Game,Fantasy,Music","Deck, Bag, and Pool Building,End Game Bonuses,Movement Points,Solo / Solitaire Game,Variable Player Powers",7.3,"Not Rated",3.3,2,60 - 90,14,12,1,4,1,4,"","1,2,3","0",4380,"",Base Game,
382549,"Biome","https://cf.geekdo-images.com/3Z2EjY23iDYBJd2ccTIZnw__original/img/X4NLuu7iDvNYkapIF49sM_xIb98=/0x0/filters:format(png)/pic8532107.png",2024,Unknown,"Jessica Apel,DALL·E,Grzegorz Siwek","Leonie Grundler","","Components: AI Generated Illustrations,Components: Wooden pieces & boards,Crowdfunding: Gamefound,Crowdfunding: Kickstarter,Digital Implementations: Board Game Arena,Mechanism: Tableau Building,Misc: LongPack Games,Players: Games with Solitaire Rules,Theme: Ecology,Theme: Environmental Protection / Degradation / Pollution,Theme: Nature","Animals,Card Game,Educational,Environmental","End Game Bonuses,Events,Hand Management,Income,Interrupts,Solo / Solitaire Game,Trading,Turn Order: Progressive,Variable Player Powers,Victory Points as a Resource",7.5,"Not Rated,Not Rated",2.6,4,60 - 90,10,10,1,4,1,4,"2,3","2,3,4","7,7",3577,"",Base Game,
311930,"Block and Key","https://cf.geekdo-images.com/6_BYcrCoSoSvwENXzBKL5A__original/img/VqDXH2wM2tN-8HLgzouvP7uFAO0=/0x0/filters:format(png)/pic5518467.png",2022,Unknown,"Edu Valls","David Van Drunen","","Components: 3-Dimensional (3D),Components: Game Box Used In Play,Crowdfunding: Kickstarter,Mechanism: Perspective,Misc: DIZED Tutorial,Theme: Archaeology / Paleontology","Abstract Strategy,Puzzle","End Game Bonuses,Line of Sight,Open Drafting,Pattern Building,Square Grid,Stacking and Balancing",7.0,"Not Rated",1.8,1,20 - 40,8,8,1,4,1,4,"4","2,3,4","3",3758,"excali8ur",Base Game,
376610,"Blueprints of Mad King Ludwig","https://cf.geekdo-images.com/inSFynpmGq7s4Dx9IYZnRw__original/img/HAW5RNmbjYQOY4U2TsWK4RoT43s=/0x0/filters:format(jpeg)/pic7275398.jpg",2024,Unknown,"Ted Alspach,Roland MacDonald","Ted Alspach","","Game: Castles of Mad King Ludwig,Mechanism: Flip-and-Write,Misc: LongPack Games,Misc: Watch It Played How To Videos,Occupation: Architect,Versions & Editions: Roll- or Flip-and-Write Versions of Non-Writing Games","Post-Napoleonic,Puzzle","Drawing,End Game Bonuses,Grid Coverage,Line Drawing,Open Drafting,Paper-and-Pencil,Solo / Solitaire Game,Square Grid,Variable Player Powers",7.3,"Not Rated",2.8,Unknown,60,15,10,1,5,1,5,"4","1,2,3,4","0",4007,"",Base Game,
370399,"Boblin's Rebellion","https://cf.geekdo-images.com/KWXZBPlUJhD6dOXG4L_FDg__original/img/dX-IHcQo-YhvlqnOIE_1Q8OxFnE=/0x0/filters:format(png)/pic7910492.png",2024,Unknown,"Gong Studios","Alexandros Kapidakis","","Creatures: Goblins,Misc: LongPack Games,Setting: Dungeon Drop Universe","Fantasy,Territory Building","Action Points,Chaining,Open Drafting,Solo / Solitaire Game",7.2,"Not Rated",2.5,1,30 - 40,8,12,1,4,1,4,"","1,2,3,4","0",13718,"",Base Game,
448116,"Borealis: Arctic Expeditions","https://cf.geekdo-images.com/Ke3AIo4Prk1fbVvs7RMQtQ__original/img/ZQRKqivOnU4bCnpG04VQ3wVkmQ4=/0x0/filters:format(jpeg)/pic8936390.jpg",2026,Unknown,"Rodrigo Camilo Alves De Almeida,Kevin Sidharta,Inês Toczyska,Ariadna Żytniewska","Dariusz Mindur","","Digital Implementations: Tabletopia,Misc: LongPack Games,Occupation: Researcher / Scientist,Region: Arctic,Theme: Photography","Abstract Strategy,Environmental","End Game Bonuses,Hand Management,Open Drafting,Pattern Recognition,Race,Set Collection,Slide / Push,Track Movement,Variable Set-up,Victory Points as a Resource",7.3,"Not Rated",2.4,2,45,10,12,2,4,2,4,"3","1,2,3,4","0",5328,"",Base Game,
174973,"Boss Monster 2: The Next Level","https://cf.geekdo-images.com/HLuhiyNmAMbMkta8qz_QlQ__original/img/p120ZgPrE1dyyhd50Cxh2etTQ_0=/0x0/filters:format(jpeg)/pic2451609.jpg",2015,Unknown,"Darren Calvert,Francisco Coda,Katrina Guillermo,Kyle Merritt,Santiago Reinoso Muñoz,David Nyari","Johnny O'Neal,Chris O'Neal,Christopher O'Neal","Strategy Game,Family Game","Crowdfunding: Kickstarter,Game: Boss Monster,Theme: Villainy","Card Game,City Building,Expansion for Base-game,Fantasy,Video Game Theme","Auction / Bidding,Hand Management,Player Elimination,Take That",6.7,"Not Rated",1.8,3,20 - 30,13,10,2,4,2,4,"2","2,3,4","0",2378,"excali8ur",Base Game,
131835,"Boss Monster: The Dungeon Building Card Game","https://cf.geekdo-images.com/VBwaHyx-NWL3VLcCWKRA0w__original/img/izAmJ81QELl5DoK3y2bzJw55lhA=/0x0/filters:format(jpeg)/pic1732644.jpg",2013,Unknown,"Beau Buckley,Francisco Coda,Katrina Guillermo,Kyle Merritt,David Nyari,Alexander Olsen,Andres Sanabria","Johnny O'Neal,Chris O'Neal,Christopher O'Neal","Family Game","Containers: Unique Shape,Creatures: Monsters,Crowdfunding: Kickstarter,Digital Implementations: TableTop Simulator Mod (TTS),Digital Implementations: VASSAL,Game: Boss Monster,Misc: Watch It Played How To Videos,Players: Games with expansions that add solo play,Players: Games with expansions that change player count,Theme: Villainy","Card Game,Fantasy,Video Game Theme","Hand Management,Player Elimination,Take That,Variable Player Powers",6.3,"Not Rated",1.8,3,30,13,8,2,4,2,4,"4","2,3,4","0",2798,"excali8ur",Base Game,
184921,"Bunny Kingdom","https://cf.geekdo-images.com/Noz8-u1ba828WUv69pTXKg__original/img/UsuOzkr2-QWs5KPyOhWS5s02Uug=/0x0/filters:format(jpeg)/pic3613444.jpg",2017,Unknown,"Paul Mafayon","Richard Garfield","Strategy Game,Family Game","Animals: Rabbits / Hares,Components: 10 x 10 Grids,Components: Miniatures,Digital Implementations: Board Game Arena,Game: Bunny Kingdom,Players: Games with expansions that change player count,Theme: Anthropomorphic Animals","Animals,Medieval,Territory Building","Area Majority / Influence,Closed Drafting,End Game Bonuses,Grid Coverage,Hand Management,Simultaneous Action Selection,Square Grid",7.4,"Not Rated",2.3,3,40 - 60,12,10,2,5,2,4,"3,4","2,3,4","14",392,"excali8ur",Base Game,
373425,"Bunny Kingdom: Bunny Express","https://cf.geekdo-images.com/dyaHjTyr66DGmKy2Z988Sw__original/img/Y9M70l36Qh2xSF8VoJ2DfBg9Cy4=/0x0/filters:format(jpeg)/pic7142325.jpg",2023,Unknown,"Paul Mafayon","Richard Garfield","","Animals: Rabbits / Hares,Digital Implementations: Board Game Arena,Game: Bunny Kingdom","Expansion for Base-game,Animals,Medieval,Territory Building","Area Majority / Influence,Open Drafting",7.1,"Not Rated",1.8,Unknown,40 - 60,12,Unknown,2,4,2,4,"4","3,4","0",Unknown,"excali8ur",Expansion,
264396,"Bunny Kingdom: In the Sky","https://cf.geekdo-images.com/j9JljicZdy5SG6PJc-OKRg__original/img/ueCd0TwTPchWVHxNyqovMrTwXng=/0x0/filters:format(jpeg)/pic4550867.jpg",2019,Unknown,"Paul Mafayon","Richard Garfield","","Animals: Rabbits / Hares,Components: Miniatures,Digital Implementations: Board Game Arena,Game: Bunny Kingdom,Players: Expansions Changing Player Count,Theme: Anthropomorphic Animals","Animals,Expansion for Base-game,Medieval,Territory Building","Area Majority / Influence,Open Drafting",7.5,"Not Rated",2.9,3,40 - 60,14,12,2,5,2,5,"3,4,5","2,3,4,5","1",Unknown,"excali8ur",Expansion,
822,"Carcassonne","https://cf.geekdo-images.com/peUgu3A20LRmAXAMyDQfpQ__original/img/bP18m_PYjyFOv1IBGgMOteQUneA=/0x0/filters:format(jpeg)/pic8621446.jpg",2000,Unknown,"Marcel Gröber,Doris Matthäus,Anne Pätzke,Chris Quilliams,Franz-Georg Stämmele","Klaus-Jürgen Wrede","Family Game","Cities: Carcassonne (France),Components:  Meeples,Components: Map (Regional scale),Components: Wooden pieces & boards,Containers: Tin/Metal Box,Country: France,Digital Implementations: Apple App Store,Digital Implementations: Board Game Arena,Digital Implementations: BrettspielWelt,Digital Implementations: Google Play,Digital Implementations: Steam,Digital Implementations: VASSAL,Game: Carcassonne,Misc: BGG Hall of Fame,Misc: Dice Tower Hall of Fame,Misc: DIZED Tutorial,Misc: Watch It Played How To Videos,Occupation: Farmer,Players: Games with expansions that change player count,Region: Languedoc (France),Religious: Monks/Abbots & Monasteries/Abbeys","Medieval,Territory Building","Area Majority / Influence,Enclosure,Kill Steal,Map Addition,Pattern Building,Square Grid,Tile Placement",7.4,"Not Rated",1.9,1,30 - 45,7,8,2,6,2,5,"2,3","2,3,4,5","0",240,"excali8ur",Base Game,
35666,"Carcassonne: Cult, Siege & Creativity","https://cf.geekdo-images.com/__hRf93_nBnKHZd_o5qP2A__original/img/YvfRksEkHVs1207nblp5fTPQiVM=/0x0/filters:format(jpeg)/pic380914.jpg",2008,Unknown,"Doris Matthäus","Christwart Conrad,Jay Tummelson,Klaus-Jürgen Wrede","Strategy Game,Family Game","Game: Carcassonne,Series: Carcassonne Official Minor Expansions","City Building,Expansion for Base-game,Medieval","Area Majority / Influence,Tile Placement",6.8,"Not Rated",1.9,1,60,7,8,2,6,2,6,"2,3,4","2,3,4","0",Unknown,"excali8ur",Expansion,
15158,"Carcassonne: Dragon & Fairy","https://cf.geekdo-images.com/qqsCzGyFGZVGklj3q5jNkQ__original/img/2FQbC3UupAVOdYmD2Iq-XSE7grY=/0x0/filters:format(jpeg)/pic9210965.jpg",2005,Unknown,"Doris Matthäus,Anne Pätzke,Chris Quilliams,Klaus-Jürgen Wrede","Klaus-Jürgen Wrede","Strategy Game,Family Game","Components: Wooden pieces & boards,Creatures: Dragons,Creatures: Fairies / Elves / Pixies,Digital Implementations: Board Game Arena,Digital Implementations: BrettspielWelt,Game: Carcassonne,Series: Carcassonne Official Major Expansions","Expansion for Base-game,City Building,Fantasy,Medieval,Territory Building","Area Majority / Influence,Take That,Tile Placement",6.8,"Not Rated",2.0,1,60,13,8,2,6,2,6,"3,4","2,3,4,5,6","0",Unknown,"excali8ur",Expansion,
4390,"Carcassonne: Hunters and Gatherers","https://cf.geekdo-images.com/NSD4L9c-rY5OOlJYFlQ2Wg__original/img/pBCT2KKOuuSrj4OI5gybXzySnRo=/0x0/filters:format(png)/pic5647234.png",2002,Unknown,"Marcel Gröber,Anne Pätzke,Chris Quilliams,Johann Rüttinger","Klaus-Jürgen Wrede,Bernd Brunnhofer","Family Game","Animals: Mammoths,Animals: Prehistoric Non-Dinosaurs,Digital Implementations: Board Game Arena,Digital Implementations: BrettspielWelt,Digital Implementations: Tabletopia,Digital Implementations: VASSAL,Digital Implementations: Yucata,Game: Carcassonne,Misc: Watch It Played How To Videos,Theme: Nature","Prehistoric,Territory Building","Area Majority / Influence,Enclosure,Kill Steal,Map Addition,Pattern Building,Square Grid,Tile Placement",7.1,"Not Rated",1.9,1,35 - 40,8,8,2,5,2,5,"2,3","2,3,4,5","0",698,"excali8ur",Base Game,
12903,"Carcassonne: The Count of Carcassonne","https://cf.geekdo-images.com/Xa9aBDIZPLOS4qLiLOi76w__original/img/ReXcxkxNRmgVE18CE-XLqz_YHWY=/0x0/filters:format(jpeg)/pic137042.jpg",2004,Unknown,"Doris Matthäus","Klaus-Jürgen Wrede","Family Game","Game: Carcassonne","City Building,Expansion for Base-game,Medieval,Territory Building","Area Majority / Influence,Tile Placement",6.0,"Not Rated",2.0,1,60,8,8,2,6,2,6,"","3,4","0",Unknown,"excali8ur",Expansion,
16216,"Carcassonne: The Discovery","https://cf.geekdo-images.com/v33XDn-IOU1gRw4pJ5tflQ__original/img/m1UaK2ISzchgAfNM4mSb4UNqMVA=/0x0/filters:format(jpeg)/pic134384.jpg",2005,Unknown,"Stefano Mondini,Fabio Visintin","Leo Colovini,Klaus-Jürgen Wrede","Family Game","Digital Implementations: VASSAL,Game: Carcassonne","Exploration,Medieval,Territory Building","Area Majority / Influence,Tile Placement",6.5,"Not Rated",1.9,1,30 - 45,12,8,2,5,2,5,"3","2,3,4,5","1",3440,"excali8ur",Base Game,
2591,"Carcassonne: The River","https://cf.geekdo-images.com/qCiVmugRuY47bf9YFXlQ8A__original/img/xgYF8t4-_U8DJPv_DxPoM_Nstzg=/0x0/filters:format(jpeg)/pic193765.jpg",2001,Unknown,"Doris Matthäus","Rudolf Ross,Klaus-Jürgen Wrede","Family Game","Country: France,Digital Implementations: Board Game Arena,Game: Carcassonne,Theme: Rivers","Expansion for Base-game,Medieval,Territory Building","Area Majority / Influence,Enclosure,End Game Bonuses,Kill Steal,Map Addition,Modular Board,Pattern Building,Square Grid,Tile Placement,Variable Set-up",7.0,"Not Rated",1.7,1,30 - 45,8,8,2,6,2,5,"3","2,3,4,5","0",Unknown,"excali8ur",Expansion,
18836,"Carcassonne: The River II","https://cf.geekdo-images.com/_ackszLDlziy-B9RPW4jvw__original/img/zxVFjCeOkMSjN1WYelYqQCIufc0=/0x0/filters:format(jpeg)/pic105976.jpg",2005,Unknown,"Doris Matthäus","Rudolf Ross,Klaus-Jürgen Wrede","Family Game","Game: Carcassonne,Theme: Rivers","City Building,Expansion for Base-game,Medieval,Territory Building","Area Majority / Influence,Tile Placement",7.2,"Not Rated",1.7,1,60,8,8,2,6,2,6,"2,3","2,3,4,5","0",Unknown,"excali8ur",Expansion,
21385,"Carcassonne: Towers & Thieves","https://cf.geekdo-images.com/4yn-h8juUIMaY7WtYGx5ew__original/img/mPfQ_OG2k1x4GaSlJjXEZY-43Pk=/0x0/filters:format(jpeg)/pic9210966.jpg",2006,Unknown,"Doris Matthäus,Anne Pätzke,Chris Quilliams","Klaus-Jürgen Wrede","Strategy Game,Family Game","Game: Carcassonne,Series: Carcassonne Official Major Expansions","Expansion for Base-game,City Building,Medieval,Territory Building","Area Majority / Influence,Tile Placement",6.6,"Not Rated",2.2,1,60,8,8,2,6,2,6,"2,3","2,3,4,5","0",Unknown,"excali8ur",Expansion,
58798,"Cardcassonne","https://cf.geekdo-images.com/PGJdwoNNyG-JQy4pJSSspg__original/img/vnMpJI5sHW29bBxGc_kaH92-B3o=/0x0/filters:format(jpeg)/pic629745.jpg",2009,Unknown,"Claus Stephan","Karl-Heinz Schmiel,Klaus-Jürgen Wrede","Family Game","Admin: Better Description Needed!,Game: Carcassonne,Versions & Editions: Card Versions of Non-Card Games","Card Game,City Building,Medieval","Hand Management,Open Drafting,Set Collection",6.3,"Not Rated",1.7,1,30 - 45,8,8,2,5,2,5,"4","3,4,5","0",5109,"excali8ur",Base Game,
351937,"Carla Caramel","https://cf.geekdo-images.com/xqu4JwxRuLxL3yQAOXVpeA__original/img/YCc2gSIvYR5kUNN6RJgu2fJo8tw=/0x0/filters:format(jpeg)/pic6754887.jpg",2022,Unknown,"Apolline Etienne","Sara Zarian","Children's Game","Food & Drink: Ice Cream & Gelato,Theme: Food Trucks","Children's Game,Dice","Cooperative Game,Dice Rolling,Die Icon Resolution",6.3,"Not Rated",1.0,1,10 - 25,4,3,1,6,1,6,"1,2","1,2,3,4","5",16059,"excali8ur",Base Game,
263918,"Cartographers","https://cf.geekdo-images.com/GifbnAmsA4lfEcDkeaC9VA__original/img/YzJORdIDNza8kmrY6KEU_h2p2Wo=/0x0/filters:format(png)/pic4397932.png",2019,Unknown,"Luis Francisco,Lucas Ribeiro","Jordy Adan","Family Game","Components: Map (Continental / National scale),Components: Polyominoes,Digital Implementations: Apple App Store,Digital Implementations: Board Game Arena,Digital Implementations: Google Play,Digital Implementations: Steam,Digital Implementations: Tabletopia,Digital Implementations: Yucata,Game: Cartographers,Mechanism: Drawing,Mechanism: Flip-and-Write,Misc: DIZED Tutorial,Misc: LongPack Games,Misc: Made by Panda,Misc: Watch It Played How To Videos,Players: Games with Solitaire Rules,Setting: World of Ulos","Fantasy,Territory Building","Bingo,Enclosure,End Game Bonuses,Grid Coverage,Paper-and-Pencil,Pattern Building,Simultaneous Action Selection,Solo / Solitaire Game,Square Grid,Take That,Variable Set-up",7.5,"Not Rated",1.9,2,30 - 45,10,8,1,100,1,100,"3,4","1,2,3,4,5,6,7,8","14",185,"excali8ur",Base Game,
315767,"Cartographers Heroes","https://cf.geekdo-images.com/HIFpoE6wwuriOREJmqizPw__original/img/14Jiq17EwZ0bKZhyXD3LjcXbTCs=/0x0/filters:format(png)/pic5567490.png",2021,Unknown,"Davey Baker,Lucas Ribeiro","Jordy Adan,John Brieger","Strategy Game,Family Game","Components: Map (Continental / National scale),Components: Polyominoes,Crowdfunding: Kickstarter,Digital Implementations: Board Game Arena,Digital Implementations: Yucata,Game: Cartographers,Mechanism: Flip-and-Write,Players: Games with Solitaire Rules,Setting: World of Ulos","Fantasy,Territory Building","Bingo,End Game Bonuses,Grid Coverage,Line Drawing,Paper-and-Pencil,Simultaneous Action Selection,Solo / Solitaire Game,Square Grid,Take That,Variable Set-up",7.7,"Not Rated",2.0,2,30 - 45,10,10,1,100,1,100,"3,4","1,2,3,4,5,6,7,8,9,10","1",461,"excali8ur",Base Game,
319272,"Cartographers: Map Pack 1 – Nebblis: Plane of Flame","https://cf.geekdo-images.com/4KQ2sdpGQ2g2vih-rkJhVQ__original/img/VqRexsU445QtMBRzfmxwCq_WXjw=/0x0/filters:format(png)/pic5648477.png",2021,Unknown,"Lucas Ribeiro","Jordy Adan,John Brieger","","Components: Polyominoes,Crowdfunding: Kickstarter,Game: Cartographers,Setting: World of Ulos,Theme: Volcanoes","Expansion for Base-game,Fantasy,Territory Building","Bingo,Grid Coverage,Line Drawing,Paper-and-Pencil",8.0,"Not Rated",1.8,2,30 - 45,10,10,1,75,1,75,"3,4","1,3,4,5,6","0",Unknown,"excali8ur",Expansion,
319273,"Cartographers: Map Pack 2 – Affril: Plane of Knowledge","https://cf.geekdo-images.com/7b-bqQ4DCvhFgxLV34tA5g__original/img/Y1CCtkuAeFHcDiPEg9Nd3ovYQrw=/0x0/filters:format(png)/pic5648476.png",2021,Unknown,"Lucas Ribeiro","Jordy Adan,John Brieger","","Components: Polyominoes,Crowdfunding: Kickstarter,Game: Cartographers,Setting: World of Ulos","Expansion for Base-game,Fantasy,Territory Building","Bingo,Grid Coverage,Line Drawing,Paper-and-Pencil",7.8,"Not Rated",1.9,2,30 - 45,10,10,1,75,1,75,"3,4","2,3,4,5,6,7,8,9,10,11","0",Unknown,"excali8ur",Expansion,
319274,"Cartographers: Map Pack 3 – Undercity: Depths of Sabek","https://cf.geekdo-images.com/VBjrkPfOsRN9WM8ngio-ow__original/img/Ztn0-dEWNPk0lKfD56UfspIUEoQ=/0x0/filters:format(png)/pic5648475.png",2021,Unknown,"Lucas Ribeiro","Jordy Adan,John Brieger","","Components: Polyominoes,Crowdfunding: Kickstarter,Game: Cartographers,Setting: World of Ulos","Expansion for Base-game,Fantasy,Territory Building","Bingo,Grid Coverage,Line Drawing,Paper-and-Pencil",7.8,"Not Rated",1.8,Unknown,30 - 45,10,10,1,75,1,75,"","1,2,3","0",Unknown,"excali8ur",Expansion,
378074,"Castle Up","https://cf.geekdo-images.com/s1rLcuLIFiG3MtFSZJa05g__original/img/1W11DNx-BcX5-Qi_zdqpylwjfTs=/0x0/filters:format(png)/pic7275673.png",2025,Unknown,"Vitaliy Sandula","Marti Ganduxe,Oriol Ganduxe","","Crowdfunding: Kickstarter","Card Game,City Building,Medieval","Action Drafting,Deck Construction,Investment,Market",6.5,"Not Rated",2.5,3,60 - 90,12,12,2,4,2,4,"2","2,3,4","0",22747,"",Base Game,
13,"Catan","https://cf.geekdo-images.com/0XODRpReiZBFUffEcqT5-Q__original/img/oRc0AomWA9ZtFqQDZiZbIyKE1j0=/0x0/filters:format(png)/pic9156909.png",1995,Unknown,"Volkan Baga,Tanja Donner,Pete Fenlon,Jason Hawkins,Eric Hibbeler,Michaela Kienle,Andreas Klober,Harald Lieske,Michael Menzel,Marion Pott,Quentin Regnes,Andreas Resch,Matt Schwabel,Klaus Teuber,Franz Vohwinkel,Stephen Graham Walsh","Klaus Teuber","Strategy Game,Family Game","Animals: Sheep,Components: Hexagonal Tiles,Components: HexHex3 Grids,Components: Wooden pieces & boards,Digital Implementations: Apple App Store,Digital Implementations: Board Game Arena,Digital Implementations: BrettspielWelt,Digital Implementations: Screentop.gg,Digital Implementations: Steam,Game: Catan,Islands: Fictional,Misc: BGG Hall of Fame,Misc: Dice Tower Hall of Fame,Misc: Watch It Played How To Videos,Players: Games with expansions that change player count,Promotional: Board Games,Series: World's Smallest (Super Impulse),Theme: Colonial","Economic,Negotiation","Chaining,Dice Rolling,Hand Management,Hexagon Grid,Hidden Victory Points,Income,Market,Modular Board,Negotiation,Network and Route Building,Race,Random Production,Take That,Trading,Variable Set-up",7.1,"Not Rated",2.3,2,60 - 120,10,8,3,4,3,4,"4","3,4","0",624,"excali8ur",Base Game,
278,"Catan Card Game","https://cf.geekdo-images.com/CRCOv0p4FgZaze_3fGuhIA__original/img/OiugGzMENFVOzMTKBFZnEVOPzto=/0x0/filters:format(jpeg)/pic706443.jpg",1996,Unknown,"Tanja Donner,Pete Fenlon,Jason Hawkins,Michaela Kienle,Matt Schwabel,Klaus Teuber,Franz Vohwinkel,Stephen Graham Walsh","Klaus Teuber","Strategy Game","Digital Implementations: Apple App Store,Game: Catan,Game: Catan Card Game,Players: Two-Player Only Games,Series: Two-player games (Kosmos),Versions & Editions: Card Versions of Non-Card Games,Versions & Editions: Two-Player Versions of More-Player Games","Card Game,City Building,Territory Building","Dice Rolling,Hand Management,Map Addition,Open Drafting,Race,Random Production,Trading",6.7,"Not Rated",2.4,4,60 - 120,10,12,2,2,2,2,"2","2","0",1392,"excali8ur",Base Game,
27710,"Catan Dice Game","https://cf.geekdo-images.com/lNVa_4IQ3pBHuh5CRzSe-w__original/img/nDWd2-dY7D1ZoFPZhXvDqQs_BA8=/0x0/filters:format(jpeg)/pic3661032.jpg",2007,Unknown,"Volkan Baga,Tanja Donner,Eric Hibbeler,Michaela Kienle,Harald Lieske,Michael Menzel,Quentin Regnes,Klaus Teuber","Klaus Teuber","Family Game","Components: Dice with Icons,Game: Catan,Mechanism: Roll-and-Write,Misc: LongPack Games,Versions & Editions: Dice Versions of Non-Dice Games,Versions & Editions: Roll- or Flip-and-Write Versions of Non-Writing Games","Dice","Dice Rolling,Paper-and-Pencil,Set Collection,Solo / Solitaire Game",5.7,"Not Rated",1.2,1,15 - 30,7,8,1,4,1,4,"1,2","1,2,3","0",7959,"excali8ur",Base Game,
236304,"Cerebria: The Card Game","https://cf.geekdo-images.com/waFdeTE4ey5Z8OXSvFYVFg__original/img/GPngraFbD6NkuQywHv-d_kDY8FM=/0x0/filters:format(jpeg)/pic3761846.jpg",2018,Unknown,"Pedro A. Alberto,Villő Farkas,Jamie Sichel","István Pócsi,Frigyes Schőberl","","Crowdfunding: Kickstarter,Digital Implementations: Tabletopia,Game: Cerebria,Misc: Made by Panda,Theme: Psychology,Versions & Editions: Card Versions of Non-Card Games","Card Game,Fantasy","Hand Management,Open Drafting,Set Collection,Take That",6.4,"Not Rated",2.4,1,15 - 30,14,12,2,5,2,5,"3","2,3,4","3",7853,"excali8ur",Base Game,
267378,"Chakra","https://cf.geekdo-images.com/KJ7S0Cv32wJ0CdBHj7gwcg__original/img/vG6URdrXyXDswE7wlggu9lBTze8=/0x0/filters:format(jpeg)/pic4487174.jpg",2019,Unknown,"Claire Conan","Luka Krleža","Abstract Game,Family Game","Components: Gems/Crystals,Digital Implementations: Board Game Arena,Digital Implementations: Yucata,Misc: LongPack Games,Players: Games with Solitaire Rules,Religious: Hinduism","Abstract Strategy","Action Retrieval,Set Collection",6.9,"Not Rated",1.8,1,30,8,8,1,4,1,4,"2","2,3,4","4",2154,"excali8ur",Base Game,
312950,"Chakra: Yin Yang","https://cf.geekdo-images.com/04ZMx76Bs1FUdGIn9eHBAw__original/img/BfbwJM1kuxFjALNJcJyG7njDYdQ=/0x0/filters:format(jpeg)/pic5496977.jpg",2020,Unknown,"Claire Conan","Luka Krleža","","Components: Gems/Crystals,Digital Implementations: Board Game Arena","Abstract Strategy,Expansion for Base-game","Set Collection",7.6,"Not Rated",2.0,Unknown,30,8,8,2,4,2,4,"","2,3,4","0",Unknown,"",Expansion,
374134,"Chandigarh","https://cf.geekdo-images.com/GHMJDnPmqvL3o4fLkG3mIQ__original/img/gjnP14C728OMwcb_SHcCwsMaFxE=/0x0/filters:format(jpeg)/pic7794453.jpg",2024,Unknown,"Edu Valls","Toni López","","Country: India,Digital Implementations: Board Game Arena,Misc: LongPack Games,Theme: City","City Building","Pattern Building,Point to Point Movement",7.0,"Not Rated",2.4,1,45 - 60,10,10,2,4,2,4,"2,3","2,3,4","1",4921,"",Base Game,
228657,"Chaos Cove","https://cf.geekdo-images.com/tuh9DLYiNVEGdtLeAbAwHQ__original/img/oufktOIFfgTi5I5QPc3W1OwELgc=/0x0/filters:format(jpeg)/pic7718510.jpg",2024,Unknown,"Lina Cossette,David Forest,Joe Shawcross","Martin Wallace","","Crowdfunding: Gamefound,Digital Implementations: Tabletopia,Theme: Anthropomorphic Animals","Fantasy,Pirates","Chaining,Multi-Use Cards,Semi-Cooperative Game,Worker Placement",6.8,"Not Rated",2.3,Unknown,120,14,Unknown,2,4,2,4,"4","4","0",16651,"",Base Game,
355788,"Chemical Overload","https://cf.geekdo-images.com/8dUmSnrG6JXGoW98LzVzjg__original/img/sFugIn86ICPfZN1iBsg6gT48wDk=/0x0/filters:format(png)/pic7321719.png",2025,Unknown,"James Churchill,Viktoriya Fajardo,Maxim Khodyrev","Michael Crandall,Katie Crandall","","Crowdfunding: Kickstarter,Digital Implementations: Board Game Arena,Misc: LongPack Games,Theme: Alchemy","Card Game,Fantasy","Action Points,Deck, Bag, and Pool Building,Income,Multi-Use Cards,Open Drafting,Set Collection",6.8,"Not Rated",2.4,3,45 - 75,13,10,1,4,1,4,"2","2,3,4","0",8013,"",Base Game,
351466,"Chompin' Charlie","https://cf.geekdo-images.com/xNM4gcts9WoXYyyIYv2t_w__original/img/q2r6P-fGsnOzJGBPD6F5dso78Yk=/0x0/filters:format(png)/pic6518249.png",2021,Unknown,"","","","Animals: Squirrels / Chipmunks,Components: Dice with Icons","Action / Dexterity,Animals,Children's Game,Real-time","Real-Time",3.8,"Not Rated",1.0,Unknown,0,4,Unknown,2,4,2,4,"","","13",Unknown,"excali8ur",Base Game,
402676,"Cities","https://cf.geekdo-images.com/jJsq3gVshPzWL9MJnhmO_A__original/img/axK1CrNKWxZgxJHOApHbV9H0qy4=/0x0/filters:format(jpeg)/pic7977800.jpg",2024,Unknown,"Jorge Tabanera Redondo","Steve Finn,Phil Walker-Harding","Family Game","Cities: Barcelona (Spain),Cities: Buenos Aires (Argentina),Cities: Lisbon (Portugal),Cities: Mexico City (Mexico),Cities: New York (New York, USA),Cities: Rio de Janeiro (Brazil),Cities: Sydney (Australia),Cities: Venice (Veneto, Italy),Components: 3-Dimensional (3D),Digital Implementations: Board Game Arena,Digital Implementations: Tabletopia","Abstract Strategy,City Building","Closed Drafting,Contracts,Open Drafting,Pattern Building,Set Collection,Tile Placement,Turn Order: Claim Action,Variable Set-up,Worker Placement",7.3,"Not Rated",1.9,2,45,14,10,2,4,2,4,"4","2,3,4","1",967,"",Base Game,
309207,"City Builder: Ancient World","https://cf.geekdo-images.com/NZ4CQGlb8L_eg2cN7sfAKg__original/img/cjA1ZZXPIV4VEOcyXo8O7gI6mec=/0x0/filters:format(png)/pic5408106.png",2021,Unknown,"Andrew Dorland","Andrei Filip","Strategy Game","Crowdfunding: Kickstarter,Digital Implementations: Tabletopia","Ancient,City Building","Cooperative Game,End Game Bonuses,Solo / Solitaire Game,Tile Placement,Tug of War",6.8,"Not Rated",2.4,Unknown,30 - 60,8,8,1,4,1,4,"3","1,2,3,4","4",8020,"excali8ur",Base Game,
201808,"Clank!: A Deck-Building Adventure","https://cf.geekdo-images.com/DPjV1iI0ygo5Bl3XLNRiIg__original/img/cXqOdM3BLyIeRt0GP3M3V--gF1M=/0x0/filters:format(jpeg)/pic4449526.jpg",2016,Unknown,"Rayph Beisner,Raul Ramos,Nate Storm","Paul Dennen","Strategy Game,Family Game","Category: Dungeon Crawler,Creatures: Dragons,Creatures: Goblins,Creatures: Monsters,Digital Implementations: Dire Wolf Game Room,Digital Implementations: Google Play,Digital Implementations: Steam,Game: Clank!,Misc: Mensa Select,Misc: Watch It Played How To Videos,Players: Games with expansions that add solo play,Players: Games with expansions that change player count","Adventure,Fantasy","Action Points,Deck, Bag, and Pool Building,Delayed Purchase,End Game Bonuses,Events,Movement Points,Open Drafting,Player Elimination,Point to Point Movement,Push Your Luck,Take That,Variable Set-up,Victory Points as a Resource",7.8,"Not Rated",2.2,3,30 - 60,12,8,2,4,2,4,"3,4","2,3,4","4",103,"excali8ur",Base Game,
445785,"Club of Cthulhu","https://cf.geekdo-images.com/N6G_moXfngy00i4fDKWgqQ__original/img/erF2El8z7SNLsjUMJcNdpEYBxTY=/0x0/filters:format(png)/pic8885727.png",2025,Unknown,"Keching Chang","Shi Chen","","Theme: Cthulhu Mythos","Card Game,Fantasy,Horror,Humor,Mythology","Hand Management,Push Your Luck,Set Collection,Take That",8.3,"Not Rated",1.8,2,15 - 30,15,10,2,4,2,4,"","3,4","0",19992,"",Base Game,
2792,"Coco Crazy","https://cf.geekdo-images.com/7OLL3yBW05SPwk6BLJI-Sw__original/img/LgB8L8o2jC6_ptkm2rlHZWUgC4g=/0x0/filters:format(jpeg)/pic7017238.jpg",1992,Unknown,"Tom Espen,Bernhard Förth,IDL,Chris Mitchell (I),Michel Verdu","Hajo Bücken","Children's Game","Animals: Apes / Monkeys,Series: Unser Lieblingsspiel (Georg Appl / Espenlaub)","Animals,Children's Game,Memory,Party Game","Set Collection",5.4,"Not Rated",1.1,1,20,7,6,2,8,2,8,"","3,4,5,6","0",29213,"excali8ur",Base Game,
377061,"Coffee Rush","https://cf.geekdo-images.com/LdK5ItPPwIHKUITxh3vqxA__original/img/gKSzzvUhpCYH1PjIzSYo9ffxSoM=/0x0/filters:format(jpeg)/pic7275386.jpg",2023,Unknown,"Siwon Hwang","Euijin Han","Family Game","Digital Implementations: Board Game Arena,Food & Drink: Coffee,Food & Drink: Tea,Game: Coffee Rush,Misc: LongPack Games,Theme: Restaurant/Café","Economic","Contracts,Grid Movement,Simulation",7.1,"Not Rated",1.8,1,30,8,8,2,4,2,4,"3","2,3,4","1",1226,"",Base Game,
343899,"Coral","https://cf.geekdo-images.com/VkHdaM9ki7mU4m6_SYbyAQ__original/img/Q-vT7jPjfZB9nzGS020FKBglTGA=/0x0/filters:format(png)/pic6590748.png",2022,Unknown,"Tatiana Boyko","Tangi Tabuteau","Abstract Game","Animals: Coral / Jellyfish / Anemones,Category: Combinatorial,Components: 3-Dimensional (3D),Players: Games with expansions that change player count,Theme: Nature,Theme: Sealife, Seas, and Oceans","Abstract Strategy,Animals,Environmental,Territory Building","End Game Bonuses,Grid Coverage,Grid Movement,Map Addition,Solo / Solitaire Game,Stacking and Balancing,Three Dimensional Movement",6.5,"Not Rated",1.4,1,10 - 20,8,8,1,4,1,4,"","1,2,3,4","2",5971,"excali8ur",Base Game,
321753,"Count 'em Up","https://cf.geekdo-images.com/-Ln6fXXkRk-CVboK2sgXOg__original/img/-TsKwhxTJ_EIhc2oh_wggw7UKlg=/0x0/filters:format(jpeg)/pic5712119.jpg",2020,Unknown,"Susanne Schiefelbein","Markus Nikisch,Imke Storch","","Misc: LongPack Games,Series: My Very First Games (HABA)","Animals,Children's Game","Rondel",6.6,"Not Rated",0.0,Unknown,10 - 20,2,2,2,4,2,4,"","2,3,4","1",Unknown,"excali8ur",Base Game,
429863,"Covenant","https://cf.geekdo-images.com/4XkIFGbIAXtA-pDb6nlvsg__original/img/poJ-o9gvMirUyEz7PjrwLH7w6PU=/0x0/filters:format(jpeg)/pic8968542.jpg",2025,Unknown,"Enrique Fernández Peláez","Germán P. Millán","Strategy Game","Components: Dice with Icons,Creatures: Dwarves & Gnomes,Digital Implementations: Tabletopia","Adventure,Fantasy","Action Points,Set Collection,Solo / Solitaire Game,Worker Placement,Zone of Control",7.7,"Not Rated",3.7,1,100,14,14,1,4,1,4,"2,3","1,2,3","2",1529,"excali8ur",Base Game,
447683,"Crispy Critters","https://cf.geekdo-images.com/Kq38yhyWVU-S4bG_nAM1ew__original/img/VefwyjGU3jqvgycSzxxZ6MeMli0=/0x0/filters:format(jpeg)/pic8920162.jpg",2026,Unknown,"Matthis Schroeder","Matt Ding","","Admin: Upcoming Releases,Creatures: Dragons","Animals,Card Game,Fantasy","Hidden Victory Points,Move Through Deck,Push Your Luck,Take That",0.0,"Not Rated",1.0,Unknown,15 - 25,7,6,2,4,2,4,"2,3,4","2,3,4","0",Unknown,"",Base Game,
245476,"CuBirds","https://cf.geekdo-images.com/FDBUwGFBkniyl8q4Alvq8A__original/img/PQee1I5tS1r2TjNXMj7XR6uCsxE=/0x0/filters:format(jpeg)/pic7491534.jpg",2018,Unknown,"Kristiaan der Nederlanden","Stefan Alexander","Family Game","Animals: Birds,Card Games: Fishing,Digital Implementations: Board Game Arena,Digital Implementations: Tabletopia,Digital Implementations: Yucata,Mechanism: Card Line,Organizations: Forgenext","Animals,Card Game","Hand Management,Set Collection",6.9,"Not Rated",1.3,1,20,8,8,2,5,2,5,"3","2,3,4,5","12",1183,"excali8ur",Base Game,
298069,"Cubitos","https://cf.geekdo-images.com/_WY_JrQQRrSUlVof11hMpQ__original/img/x5IICp6q86ozlyzJjTcoNkMELnI=/0x0/filters:format(png)/pic5226311.png",2021,Unknown,"Banu Andaru,Felicia Cano,Jacqui Davis,Kali Fitzgerald,Ryan Iler","John D. Clair","Family Game","Components: Dice with Icons,Components: Meeples (Animal) / Animeeples,Players: Games with expansions that change player count","Dice,Racing","Catch the Leader,Deck, Bag, and Pool Building,Delayed Purchase,Dice Rolling,Grid Movement,Market,Movement Points,Push Your Luck,Race,Re-rolling and Locking,Variable Set-up",7.4,"Not Rated",2.2,3,30 - 60,10,8,2,4,2,4,"3,4","2,3,4","5",519,"excali8ur",Base Game,
449854,"The Dawn of Pangaea","https://cf.geekdo-images.com/W62Tx2tMyW96AfqcbnkFhQ__original/img/8tzIEDAfWYaCbYXiE3oWYUtDAsA=/0x0/filters:format(jpeg)/pic8980030.jpg",2026,Unknown,"Nina Pommelin,Johanna Tarkela","Thomas Franken","","Admin: Upcoming Releases,Crowdfunding: Kickstarter,Misc: LongPack Games,Theme: Nature,Theme: Trees and Forests","Environmental,Fantasy,Territory Building","Area Majority / Influence,Pattern Building,Set Collection",8.5,"Not Rated",0.0,Unknown,40 - 80,10,Unknown,1,4,1,4,"","","0",Unknown,"",Base Game,
15512,"Diamant","https://cf.geekdo-images.com/G7gR2mJRPosZmGahXFKFXA__original/img/mwD68OdF-9k-Jkd9dRY87Nt__qo=/0x0/filters:format(jpeg)/pic7924444.jpg",2005,Unknown,"Jörg Asselborn,Matthias Catrein,Mila Harbar,Robert Islas,Prapach Lapamnuaysap,Paul Mafayon,Claus Stephan,Christof Tisch","Bruno Faidutti,Alan R. Moon","Party Game,Family Game","Components: Gems/Crystals,Components: Player Screens,Country: Peru,Digital Implementations: Board Game Arena,Digital Implementations: BrettspielWelt,Digital Implementations: TableTop Simulator Mod (TTS),Occupation: Adventurer / Explorer,Series: Bookshelf (Gryphon Games),Theme: Archaeology / Paleontology","Bluffing,Card Game,Exploration","Move Through Deck,Push Your Luck,Simultaneous Action Selection",6.8,"Not Rated",1.1,1,20 - 40,8,6,3,8,3,8,"6,7,8","3,4,5,6,7,8","0",901,"",Base Game,
194594,"Dice Forge","https://cf.geekdo-images.com/4BTVGQWO0M9ayxyku3FW6Q__original/img/8G3m0Cc_y3Qa0jcFn4ynWTwOV3A=/0x0/filters:format(jpeg)/pic3477004.jpg",2017,Unknown,"Biboun","Régis Bonnessée","Family Game","Components: Color Dice,Components: Dice with Icons,Components: Dice With Swappable Faces,Digital Implementations: Board Game Arena,Game: Dice Forge","Ancient,Dice,Fantasy,Mythology","Deck, Bag, and Pool Building,Dice Rolling,Open Drafting,Random Production",7.2,"Not Rated",2.0,1,45,10,8,2,4,2,4,"4","2,3,4","4",507,"excali8ur",Base Game,
445045,"Dice Pool Party","https://cf.geekdo-images.com/KqIGUpgWR4w-ncK5uI_R_Q__original/img/HxoW_GQCYl5jIQXPXvrxDKhgNSw=/0x0/filters:format(jpeg)/pic8968207.jpg",2025,Unknown,"Annika Heller","Christoph Cantzler,Torsten Marold","","Components: Game Box Used In Play,Misc: LongPack Games","Dice,Party Game","Dice Rolling,Pattern Recognition,Real-Time",6.7,"Not Rated",1.1,1,10 - 20,8,6,2,8,2,8,"2,4,5","2,3,4,5","4",6969,"",Base Game,
318009,"Dinosaur Island: Rawr 'n Write","https://cf.geekdo-images.com/xRP9jo5gfwhfFkgxQBgWTw__original/img/h-5jmA7e2JrfO9DM9OKy0S2MDjw=/0x0/filters:format(png)/pic5622932.png",2021,Unknown,"Kwanchai Moriya,Andrew Thompson","Brian Lewis,David McGregor,Marissa Misura","Strategy Game","Animals: Dinosaurs,Components: Dice with Icons,Components: Polyominoes,Crowdfunding: Kickstarter,Digital Implementations: Tabletopia,Game: Dinosaur Island/Dinosaur World,Islands: Fictional,Mechanism: Dice Drafting,Mechanism: Roll-and-Write,Players: Games with Solitaire Rules,Theme: Amusement Parks / Theme Parks,Theme: Zoos, Aquaria, Safari Parks,Versions & Editions: Roll- or Flip-and-Write Versions of Non-Writing Games","Animals,Dice,Science Fiction","Connections,Dice Rolling,Grid Coverage,Network and Route Building,Open Drafting,Paper-and-Pencil,Worker Placement with Dice Workers",7.6,"Not Rated",2.8,2,30 - 45,10,10,1,4,1,4,"2","1,2,3,4","7",635,"excali8ur",Base Game,
295490,"Dodo","https://cf.geekdo-images.com/n5g0G5u31AQRMRqNeiojQg__original/img/OZd707EBrxiwzKk1qXSb6BIdvxU=/0x0/filters:format(jpeg)/pic7962725.jpg",2020,Unknown,"Cyril Bouquet,Paul Mafayon,Andreas Resch","Frank Bebenroth,Marco Teubner","Children's Game","Animals: Birds,Components: 3-Dimensional (3D),Components: Dice with Icons,Misc: LongPack Games","Action / Dexterity","Cooperative Game,Memory,Real-Time",6.5,"Not Rated",1.0,1,10,6,4,2,4,2,4,"","2,3,4","2",5686,"excali8ur",Base Game,
344839,"Dog Lover","https://cf.geekdo-images.com/k5vsit8aU1_PnrqTwum2YQ__original/img/wqanoy5VSZg4kEjXs_5tfXEyybk=/0x0/filters:format(jpeg)/pic6503210.jpg",2021,Unknown,"Caravan Studio,Kali Fitzgerald","David Short","Family Game","Animals: Dogs,Components: Meeples (Animal) / Animeeples,Components: Polyominoes,Components: Scoring pad,Digital Implementations: Board Game Arena,Digital Implementations: TableTop Simulator Mod (TTS),Mechanism: Tableau Building,Theme: Pets / Companion Animals","Animals,Card Game","Multi-Use Cards,Open Drafting,Set Collection,Square Grid,Variable Player Powers",6.7,"Not Rated",1.8,3,30,10,10,2,4,2,4,"2","2,3,4","7",3524,"excali8ur",Base Game,
381278,"Dracula vs Van Helsing","https://cf.geekdo-images.com/RbNAitZatR7g82u_9OBV8A__original/img/z2leJtn83aYVYDepcIb9srAjM3I=/0x0/filters:format(jpeg)/pic7453834.jpg",2023,Unknown,"Weberson Santiago","Maxime Rambourg,Théo Rivière","Strategy Game,Family Game","Books: Dracula,Card Games: Lane Battler,Creatures: Vampires,Digital Implementations: Board Game Arena,Digital Implementations: TableTop Simulator Mod (TTS),Players: Two-Player Only Games","Card Game,Horror,Novel-based","Area Majority / Influence,Card Play Conflict Resolution,Force Commitment,Hand Management,Trick-taking",7.4,"Not Rated",1.7,1,20 - 45,10,10,2,2,2,2,"2","2","1",1164,"excali8ur",Base Game,
264055,"Draftosaurus","https://cf.geekdo-images.com/JahbLRZ_jEe8P8gisXUtJw__original/img/Ug7yXzMmgpaqcv7B_lNTXsAk7_g=/0x0/filters:format(jpeg)/pic4447676.jpg",2019,Unknown,"Jiahui Eva Gao,Vipin Alex Jacob,Roman Kucharski,TANSAN Inc.","Antoine Bauza,Corentin Lebrat,Ludovic Maublanc,Théo Rivière","Family Game","Animals: Dinosaurs,Components: Dice with Icons,Components: Meeples (Dinosaur) / Dinomeeples,Digital Implementations: Board Game Arena,Organizations: Forgenext,Theme: Zoos, Aquaria, Safari Parks","Animals,Prehistoric,Science Fiction","Closed Drafting,Dice Rolling,Die Icon Resolution,Set Collection,Simultaneous Action Selection",7.1,"Not Rated",1.2,1,15,8,6,2,5,2,5,"4","2,3,4,5","12",681,"excali8ur",Base Game,
320778,"Draftosaurus: Aerial Show","https://cf.geekdo-images.com/x5LSE9eaoxNI00bKoZGDwg__original/img/7OGzvdpE1sH5jftfy75PeaCe2G4=/0x0/filters:format(png)/pic5685940.png",2020,Unknown,"Jiahui Eva Gao,Roman Kucharski","Antoine Bauza,Corentin Lebrat,Ludovic Maublanc,Théo Rivière","","Animals: Dinosaurs,Components: Meeples (Dinosaur) / Dinomeeples,Digital Implementations: Board Game Arena,Organizations: Forgenext","Expansion for Base-game,Animals","Closed Drafting,Dice Rolling,Set Collection,Simultaneous Action Selection",7.1,"Not Rated",1.4,1,15 - 20,8,8,2,5,2,5,"4","2,3,4,5","0",Unknown,"",Expansion,
318382,"Draftosaurus: Goodie Tile","https://cf.geekdo-images.com/44ncFYtxZBHswmCh9XPd4A__original/img/eZ-uxUA9fpG6g9C7PUecBlKJd9o=/0x0/filters:format(jpeg)/pic5715591.jpg",2020,Unknown,"Roman Kucharski","","","Animals: Dinosaurs,Organizations: Forgenext","Expansion for Base-game","Closed Drafting,Dice Rolling,Set Collection,Simultaneous Action Selection",7.2,"Not Rated",1.2,Unknown,15,8,8,2,5,2,5,"2,4","2,3,4,5","0",Unknown,"",Expansion,
320777,"Draftosaurus: Marina","https://cf.geekdo-images.com/8GhdbqkSMeVJRw0EOn2QUg__original/img/nsk6-ny1e-0Emv5_MLvqfD92h7I=/0x0/filters:format(png)/pic5685952.png",2020,Unknown,"Jiahui Eva Gao,Roman Kucharski","Antoine Bauza,Corentin Lebrat,Ludovic Maublanc,Théo Rivière","","Animals: Dinosaurs,Components: Meeples (Dinosaur) / Dinomeeples,Digital Implementations: Board Game Arena,Organizations: Forgenext","Expansion for Base-game,Animals","Closed Drafting,Dice Rolling,Set Collection,Simultaneous Action Selection",7.3,"Not Rated",1.4,1,15 - 20,8,8,2,5,2,5,"3,4","2,3,4,5","0",Unknown,"",Expansion,
232219,"Dragon Castle","https://cf.geekdo-images.com/LvBG5jXW8ZFyllrbyJme-A__original/img/u8VQUhndzJDGh1EWdLx4FdsAnWE=/0x0/filters:format(png)/pic3683059.png",2017,Unknown,"Cinyee Chiu","Hjalmar Hach,Luca Ricci,Lorenzo Silva","Abstract Game,Family Game","Country: China,Digital Implementations: Board Game Arena,Digital Implementations: Google Play,Digital Implementations: Steam,Digital Implementations: Tabletopia,Game: Dragon Castle,Players: Games with expansions that add solo play,Players: Games with Solitaire Rules,Traditional Games: Mahjong","Abstract Strategy","End Game Bonuses,Layering,Open Drafting,Pattern Building,Pattern Recognition,Tile Placement,Variable Player Powers,Variable Set-up",7.1,"Not Rated",2.0,1,30 - 45,8,8,1,4,1,4,"2","2,3,4","0",910,"excali8ur",Base Game,
449349,"Dragon Scrolls","https://cf.geekdo-images.com/Fj71n7AuHnMGal6QdzPhJg__original/img/uu0Twvro7eMZY4AfQ6g6Otl-9-E=/0x0/filters:format(jpeg)/pic8969610.jpg",2026,Unknown,"Alan Gomes","Mark Jambeck","","Admin: Upcoming Releases,Creatures: Dragons","Card Game,Fantasy","Betting and Bluffing,Chaining,Closed Drafting,Matching,Push Your Luck,Set Collection",7.5,"Not Rated",1.0,Unknown,5 - 10,8,Unknown,2,5,2,5,"","","1",Unknown,"",Base Game,
235655,"Dragon's Breath","https://cf.geekdo-images.com/CNKb5AGuOvx6VlbWQEV7wQ__original/img/OV3AWRelBb93_is3fzIp6Db81o8=/0x0/filters:format(jpeg)/pic5220396.jpg",2017,Unknown,"Daniel Döbner","Günter Burkhardt,Lena Burkhardt","Children's Game","Components: Game Box Used In Play,Components: Gems/Crystals,Creatures: Dragons,Misc: LongPack Games,Series: Mitbringspiele M (HABA)","Action / Dexterity,Animals,Children's Game,Fantasy","Open Drafting,Physical Removal,Set Collection",6.6,"Not Rated",1.0,1,15 - 20,5,4,2,4,2,4,"3,4","2,3,4","3",3265,"excali8ur",Base Game,
285529,"Dragon's Breath: The Hatching","https://cf.geekdo-images.com/vGjq34IwVPB6i7hQ_GaKFA__original/img/1G4KeOaja6louTx31PVlozcTkss=/0x0/filters:format(jpeg)/pic4889626.jpg",2019,Unknown,"Daniel Döbner","Günter Burkhardt,Lena Burkhardt,Annemarie Hölscher","","Creatures: Dragons,Misc: LongPack Games,Series: Mitbringspiele S (HABA)","Animals,Children's Game","Storytelling",6.1,"Not Rated",1.0,Unknown,20,6,5,2,4,2,4,"4","3,4","4",17771,"excali8ur",Base Game,
350064,"Dreadful Meadows","https://cf.geekdo-images.com/s7mNB71_BOrFzJ5_7Lvr1A__original/img/XAKk1px57BkyZTrILWaKE99KEsc=/0x0/filters:format(png)/pic6971763.png",2023,Unknown,"Paul M Tobin,Claire Tobin","Lukus Adam","","Crowdfunding: Kickstarter,Digital Implementations: Tabletopia,Holidays: Halloween","Economic,Farming","Contracts,Market,Solo / Solitaire Game,Tile Placement,Variable Player Powers,Worker Placement",7.3,"Not Rated",2.5,2,30 - 60,13,10,1,4,1,4,"3","1,2,3,4","2",3923,"excali8ur",Base Game,
308028,"Drop Drive","https://cf.geekdo-images.com/NNgI48h6AfdkmGruM_s5kA__original/img/mOtZunEAyS0D092vZn3OJ71L1nc=/0x0/filters:format(png)/pic7592275.png",2023,Unknown,"Gong Studios","Scott R. Smith","","Misc: LongPack Games,Players: Games with expansions that change player count","Science Fiction,Space Exploration","End Game Bonuses,Events,Pattern Movement,Pick-up and Deliver,Set Collection,Variable Set-up",7.4,"Not Rated",2.1,Unknown,45 - 60,8,8,2,5,2,4,"3,4","2,3,4","2",7884,"excali8ur",Base Game,
413803,"Drop Drive: 5th Captain Pack","https://cf.geekdo-images.com/S9ASIsFFbkq9t_Lpd3wtyg__original/img/nxSDFWkL6xJx5740CX9c_5X00DE=/0x0/filters:format(png)/pic8056507.png",0,Unknown,"","","","Players: Expansions Changing Player Count","Expansion for Base-game","",7.8,"Not Rated",0.0,Unknown,0,Unknown,Unknown,2,5,2,5,"","","0",Unknown,"excali8ur",Expansion,
413300,"Drop Drive: Limited Promo Pack (2021)","https://cf.geekdo-images.com/A5aCgeNSRNYFDhk7_Q7ccg__original/img/eWYx_UaYFPV2sfl1fS8YBRHN7N4=/0x0/filters:format(jpeg)/pic8008692.jpg",2023,Unknown,"","","","","Adventure,Expansion for Base-game,Exploration,Fighting,Science Fiction,Space Exploration","Betting and Bluffing,Events,Push Your Luck,Roles with Asymmetric Information",7.9,"Not Rated",0.0,Unknown,45 - 60,8,Unknown,2,4,2,4,"","","0",Unknown,"excali8ur",Expansion,
404232,"Drop Drive: Strange Signals","https://cf.geekdo-images.com/b1mmCvG1ivl8kOax_kcn4A__original/img/2CfOYVkdTIeE5HrHk1CB8dlpnqw=/0x0/filters:format(png)/pic7815736.png",2023,Unknown,"Gong Studios","Scott R. Smith","","","Expansion for Base-game,Adventure,Dice,Exploration,Movies / TV / Radio theme,Science Fiction,Space Exploration","Events,Market,Rondel,Scenario / Mission / Campaign Game,Semi-Cooperative Game,Simulation",8.1,"Not Rated",0.0,Unknown,45 - 60,8,Unknown,2,4,2,4,"","","0",Unknown,"excali8ur",Expansion,
475466,"Drops of Evil","https://cf.geekdo-images.com/FbTTS-grB-4v8ubDlpqRsA__original/img/RxYADCpQynamlZQtCGnPdGWy0fw=/0x0/filters:format(jpeg)/pic9707213.jpg",2026,Unknown,"Weberson Santiago","Hjalmar Hach,Lorenzo Silva","","Admin: Better Description Needed!,Admin: Upcoming Releases,Theme: Witches","Abstract Strategy,Horror,Puzzle","Pattern Building,Square Grid,Worker Placement,Worker Placement, Different Worker Types",0.0,"Not Rated",0.0,Unknown,60,12,Unknown,2,4,2,4,"","","0",Unknown,"",Base Game,
422019,"Duck & Cover","https://cf.geekdo-images.com/u6FSdD7Whz3YO0D4R96jKQ__original/img/fW93d24U5Rknba53QIlryN2rCbc=/0x0/filters:format(png)/pic8403387.png",2024,Unknown,"Adrien Journel","Oussama Khelifati","Family Game","Animals: Ducks,Organizations: Forgenext,Players: Games with expansions that change player count","Animals,Card Game,Party Game","Bingo,Layering,Score-and-Reset Game,Simultaneous Action Selection",6.7,"Not Rated",1.0,1,15 - 20,8,6,2,7,2,7,"4,5,6","2,3,4,5,6,7","3",2897,"",Base Game,
447243,"Duel for Cardia","https://cf.geekdo-images.com/e-Xx7mz_tgisEx2Aq4Wa6w__original/img/pe7roKL2-gtXSvGIzHBiXzb0yzk=/0x0/filters:format(png)/pic8910865.png",2025,Unknown,"Florian Herold,Qistina Khalidah,Dominik Mayer,Ingram Schell,Jonas Schmutzler","Faouzi Boughida,Mathieu Rivero","Strategy Game,Family Game","Admin: Better Description Needed!,Card Games: Lane Battler,Digital Implementations: Board Game Arena,Game: Cardia,Organizations: Forgenext,Players: Games with expansions that change player count,Players: Two-Player Only Games","Card Game,Fantasy","Hand Management,Simultaneous Action Selection,Trick-taking",7.5,"Not Rated",1.8,3,15,9,10,2,2,2,2,"2","2","7",759,"excali8ur",Base Game,
349463,"Dungeons, Dice & Danger","https://cf.geekdo-images.com/vv4ZUP_R3RYNjrqa4yPUdA__original/img/Rb0zyry1aNrPXCrAYFQG6qanTa4=/0x0/filters:format(jpeg)/pic6616164.jpg",2022,Unknown,"Cam Kendell","Richard Garfield","Family Game","Category: Dungeon Crawler,Digital Implementations: BrettspielWelt,Mechanism: Roll-and-Write,Misc: Watch It Played How To Videos","Fantasy","Dice Rolling,Paper-and-Pencil",7.0,"Not Rated",1.9,1,45 - 60,12,10,1,4,1,4,"2","1,2,3,4","2",1790,"",Base Game,
469261,"Elementica","https://cf.geekdo-images.com/hbiqAsLbm59P-dhAS7eEeQ__original/img/-grsXZFgJAt_WnfVJlaYXOMZ5rA=/0x0/filters:format(png)/pic9550132.png",2026,Unknown,"Soragame Studio","Akashi","","Admin: Better Description Needed!","","",8.2,"Not Rated",3.0,Unknown,60 - 100,12,Unknown,1,4,1,4,"3,4","1,2,3,4","0",Unknown,"",Base Game,
186489,"Elementos","https://cf.geekdo-images.com/au5pp3lttOdwjOMoGio1kw__original/img/TB3a7wJc2VU1kMhf-B3C2JirqY8=/0x0/filters:format(jpeg)/pic2931001.jpg",2015,Unknown,"Sharon Katz","Sharon Katz","Abstract Game","Components: Wooden pieces & boards,Crowdfunding: Kickstarter,Players: Two-Player Only Games","Abstract Strategy","Grid Movement,Rock-Paper-Scissors",6.3,"Not Rated",2.0,1,15,7,8,2,2,2,2,"2","2","0",19888,"excali8ur",Base Game,
442415,"Emerald Echoes","https://cf.geekdo-images.com/FzxziXepOGzJeNuU1io5YQ__original/img/VWw90l593FLITN6ETA8WjCFDVUo=/0x0/filters:format(png)/pic8802084.png",2026,Unknown,"Jack Fallows,Liiga Klavina,Rita Orlov","Rita Orlov,Chelsea Stark","","Admin: Upcoming Releases,Category: Escape Room Games,Crowdfunding: Kickstarter,Misc: Limited Replayability,Theme: Alchemy","Adventure,Fantasy,Murder / Mystery,Puzzle","Cooperative Game,Solo / Solitaire Game,Storytelling",7.9,"Not Rated",2.7,Unknown,240,14,12,1,99,1,99,"2","1,2,3","0",14654,"",Base Game,
299371,"The Emerald Flame","https://cf.geekdo-images.com/-paEcLVl2Qvhd0U8JYFtwg__original/img/L2hiTrBhgq1otPaGNNVoeG-sUUQ=/0x0/filters:format(jpeg)/pic5239478.jpg",2021,Unknown,"Liiga Klavina,Rita Orlov","Rita Orlov","Thematic","Category: Escape Room Games,Cities: Prague (Czech Republic),Crowdfunding: Kickstarter","Adventure,Deduction,Fantasy,Murder / Mystery,Puzzle","Cooperative Game",8.3,"Not Rated",3.6,5,270 - 540,14,12,1,4,1,4,"2","1,2,3","5",3417,"excali8ur",Base Game,
400817,"Epochs: Course of Cultures","https://cf.geekdo-images.com/JxmQbo0FeleL9LWe7Mvu0g__original/img/ABP314nUlTGQwCe02xmPCaEx2HQ=/0x0/filters:format(png)/pic9017975.png",2025,Unknown,"Arepko,James Churchill,Cold Castle Studios,Daniel Cunha,Roxy Dai,Joel Holtzman,Maciej Janik,Amanda Phelps,Jelena Pjevic","Jeffrey CCH","","Admin: Upcoming Releases,Crowdfunding: Kickstarter,Digital Implementations: Tabletopia,Mechanism: 4X,Mechanism: Tableau Building,Misc: LongPack Games","Civilization,Economic,Territory Building","Hand Management,Hexagon Grid,Modular Board,Open Drafting,Variable Player Powers",8.0,"Not Rated",3.5,3,120 - 180,12,12,2,4,2,4,"3,4","2,3,4","1",4815,"excali8ur",Base Game,
412086,"Etherstone","https://cf.geekdo-images.com/K0DaAMxsEtQV7h7ac47OGQ__original/img/Lr-xBjN5Tzb45lLYwYlhTe9YGr4=/0x0/filters:format(png)/pic7986687.png",2025,Unknown,"Paolo Voto","Virginio Gigli,Simone Luciani","Customizable,Strategy Game","Crowdfunding: Kickstarter,Misc: LongPack Games","Card Game,Fantasy,Novel-based,Science Fiction","Closed Drafting,Deck, Bag, and Pool Building,Hand Management,Open Drafting,Variable Player Powers",7.6,"Not Rated",2.4,4,30 - 60,14,12,2,4,2,4,"2","2,3,4","0",2010,"",Base Game,
369897,"Everbloom","https://cf.geekdo-images.com/WInxygzJx3T8Untx1g8wQQ__original/img/X_Ls4L6MNHK0PMyUuAsNRcFJeQU=/0x0/filters:format(jpeg)/pic8052261.jpg",2025,Unknown,"PUGA Studios","Nolan Lee,Ian Moss","","Animals: Insects,Misc: LongPack Games,Theme: Flowers,Theme: Nature","Animals,Environmental,Fantasy","Area Majority / Influence,Auction / Bidding,Set Collection,Solo / Solitaire Game,Variable Player Powers,Variable Set-up",7.3,"Not Rated",2.8,Unknown,60 - 90,13,12,1,4,1,4,"3,4","2,3,4","0",11410,"",Base Game,
363307,"Evergreen","https://cf.geekdo-images.com/71I0Ku92KgjaW_ZokJidCA__original/img/idwvytJgNpT0IXRTVUUXw8AWhTE=/0x0/filters:format(png)/pic6872745.png",2022,Unknown,"Wenyi Geng","Hjalmar Hach","Family Game","Digital Implementations: Apple App Store,Digital Implementations: Board Game Arena,Digital Implementations: Google Play,Digital Implementations: Steam,Players: Games with Solitaire Rules,Theme: Nature,Theme: Trees and Forests","Environmental,Puzzle","Bias,End Game Bonuses,Grid Coverage,Open Drafting,Tech Trees / Tech Tracks",7.5,"Not Rated",2.1,1,45,8,10,1,4,1,4,"2","1,2,3,4","9",841,"excali8ur",Base Game,
448442,"Evergreen: Cherry Blossoms and Bamboo","https://cf.geekdo-images.com/r7rY8x-d7lDUyMuvg1toGA__original/img/3U8jE9M2r-WXBTYsFENAOLzYZRM=/0x0/filters:format(jpeg)/pic8954676.jpg",2025,Unknown,"Wenyi Geng,Giulia Ghigini","Hjalmar Hach","","Theme: Nature,Theme: Trees and Forests","Expansion for Base-game","Bias,End Game Bonuses,Open Drafting",8.1,"Not Rated",0.0,Unknown,45 - 60,8,Unknown,1,4,1,4,"","","0",Unknown,"excali8ur",Expansion,
372323,"Evergreen: Essen 2022 Promo Card","https://cf.geekdo-images.com/xI7ukRLSVV-eTiynXHloFQ__original/img/rgCP89t84ty9t2YoaQsrd8RDHvA=/0x0/filters:format(png)/pic7131115.png",2022,Unknown,"Wenyi Geng","Hjalmar Hach","","","Expansion for Base-game","",7.5,"Not Rated",0.0,Unknown,45 - 0,8,Unknown,1,4,1,4,"","","0",Unknown,"excali8ur",Expansion,
429028,"Evergreen: Giant Trees and Mushrooms","https://cf.geekdo-images.com/YBQku52meWGcNokqII51MQ__original/img/N2jtj6QkshhfeDTdJbGz4RODQ8c=/0x0/filters:format(png)/pic8428692.png",2024,Unknown,"Wenyi Geng","Hjalmar Hach","","Theme: Mushrooms,Theme: Nature,Theme: Trees and Forests","Expansion for Base-game","Bias,End Game Bonuses,Open Drafting",8.0,"Not Rated",2.0,1,45,8,10,1,4,1,4,"2","2","0",Unknown,"excali8ur",Expansion,
400944,"Evergreen: Pines and Cacti","https://cf.geekdo-images.com/wkKLmhmHcV57eEdzAze94w__original/img/Oye66n3NC-mvwX0DuNz1G9be2TE=/0x0/filters:format(jpeg)/pic7744715.jpg",2023,Unknown,"Wenyi Geng","Hjalmar Hach","","Theme: Cacti and Succulents,Theme: Nature,Theme: Trees and Forests","Expansion for Base-game,Puzzle","Bias,End Game Bonuses,Open Drafting",7.9,"Not Rated",2.3,Unknown,45,8,8,1,4,1,4,"2","1,2,3,4","0",Unknown,"excali8ur",Expansion,
371932,"Explorers of Navoria","https://cf.geekdo-images.com/ytFv6aVdLQ4rNWxTlZhHlQ__original/img/M8rm24-ZpNTfkzSwpY2svdm-nAA=/0x0/filters:format(png)/pic7598950.png",2024,Unknown,"Meng Chunlin","Meng Chunlin","Strategy Game","Components:  Meeples,Components: Meeples (Animal) / Animeeples,Crowdfunding: Kickstarter,Players: Games with expansions that add solo play,Players: Games with expansions that change player count","Adventure,Exploration,Fantasy","Action Drafting,End Game Bonuses,Income,Set Collection,Track Movement,Worker Placement, Different Worker Types",7.5,"Not Rated",2.3,1,40 - 80,12,8,1,5,2,4,"3","2,3,4","1",1257,"",Base Game,
411026,"Explorers of Navoria: Forgotten Lands","https://cf.geekdo-images.com/OgopsX_z4SgATqdUGYoMVQ__original/img/bba0Yz4xWhe4Mgft58g-_qQi8bU=/0x0/filters:format(jpeg)/pic7955033.jpg",2024,Unknown,"Meng Chunlin","Meng Chunlin","","Crowdfunding: Kickstarter,Players: Expansions Adding Solo Play,Players: Expansions Changing Player Count","Expansion for Base-game,Exploration,Fantasy","Action Drafting,End Game Bonuses,Solo / Solitaire Game,Track Movement,Variable Player Powers,Variable Set-up,Worker Placement, Different Worker Types",7.7,"Not Rated",2.7,1,40 - 80,12,10,1,5,1,5,"3","1,2,3,4,5","0",Unknown,"",Expansion,
385761,"Faraway","https://cf.geekdo-images.com/u1cwi9BWSKsPxSkVO0BzbA__original/img/jTY6_PRF6FrUgInfMajzobVy0S8=/0x0/filters:format(png)/pic7570101.png",2023,Unknown,"Maxime Morin","Johannes Goupy,Corentin Lebrat","Family Game","Digital Implementations: Board Game Arena,Digital Implementations: Game Park,Digital Implementations: TableTop Simulator Mod (TTS),Digital Implementations: Tabletopia,Game: Faraway,Mechanism: Card Line,Players: Games with expansions that change player count","Card Game,Fantasy,Puzzle","Constrained Bidding,End Game Bonuses,Hand Management,Open Drafting,Selection Order Bid,Set Collection,Simultaneous Action Selection,Tags",7.5,"Not Rated",1.9,1,25,10,10,2,7,2,6,"2,3","2,3,4,5","5",254,"excali8ur",Base Game,
425029,"Faraway: People From Below","https://cf.geekdo-images.com/IAm2HJ23ikP6ixbm3Cbcbw__original/img/gs8wZCRecDoc29xB8OJF8Cg-ROI=/0x0/filters:format(jpeg)/pic8557413.jpg",2024,Unknown,"Maxime Morin","Johannes Goupy,Corentin Lebrat","","Digital Implementations: Board Game Arena,Digital Implementations: Game Park,Digital Implementations: TableTop Simulator Mod (TTS),Game: Faraway,Players: Expansions Changing Player Count","Expansion for Base-game,Adventure,Card Game,Fantasy","Contracts,Open Drafting,Set Collection,Simultaneous Action Selection",7.8,"Not Rated",1.9,1,25,10,6,2,7,2,7,"2,3,4,5","2,3,4,5,6","0",Unknown,"excali8ur",Expansion,
451708,"Faraway: Under Starry Skies","https://cf.geekdo-images.com/dCc29ngMNPfMSgWDS2OcEw__original/img/8fKyeBbZa3guH9SHhXN005yOSuQ=/0x0/filters:format(jpeg)/pic9344596.jpg",2026,Unknown,"Maxime Morin","Johannes Goupy,Corentin Lebrat","","Admin: Upcoming Releases,Digital Implementations: Game Park,Game: Faraway,Mechanism: Tableau Building","Expansion for Base-game,Card Game,Fantasy","Constrained Bidding,End Game Bonuses,Hand Management,Open Drafting,Selection Order Bid,Set Collection,Simultaneous Action Selection,Tags,Turn Order: Auction",7.7,"Not Rated",2.1,1,15 - 30,10,8,2,6,2,6,"2,3,4,5","2,3,4,5","0",Unknown,"",Expansion,
438442,"Feya's Swamp","https://cf.geekdo-images.com/lxzo9PekKd4TRyBUlLH7Yw__original/img/5ofkerciKc8XsWYgejw3xTK0AkE=/0x0/filters:format(png)/pic8703614.png",2025,Unknown,"Mihajlo Dimitrievski","Helge Ostertag,Anselm Ostertag","Strategy Game","Theme: Anthropomorphic Animals,Theme: Wetlands / Swamps / Bogs / Fens / Marshland","Animals,Civilization,Economic,Fantasy,Territory Building","Area Movement,End Game Bonuses,Hexagon Grid,Income,Roles with Asymmetric Information,Tile Placement,Variable Player Powers,Worker Placement",7.6,"Not Rated",3.2,1,80 - 100,12,14,2,4,2,4,"4","2,3,4","0",1746,"",Base Game,
347703,"First Rat","https://cf.geekdo-images.com/TAmP5w8gDSXe7APvp8tMVw__original/img/sxlrsxj497dHDrWywWCKOL_senY=/0x0/filters:format(jpeg)/pic6502612.jpg",2022,Unknown,"Dennis Lohausen","Gabriele Ausiello,Virginio Gigli","Strategy Game,Family Game","Animals: Rats,Category: Combinatorial,Misc: LongPack Games,Players: Games with Solitaire Rules,Space: Earth's Moon,Theme: Trash / Garbage","Adventure,Animals,Humor,Space Exploration","Point to Point Movement,Set Collection,Solo / Solitaire Game",7.5,"Not Rated",2.3,1,30 - 75,10,10,1,5,1,5,"3,4","1,2,3,4,5","2",715,"",Base Game,
457742,"Flame & Forge","https://cf.geekdo-images.com/0Hz2ToY7DQtBWrd1Hznhqw__original/img/omFR7kaDkvDYXyGtX6w0TlKeVno=/0x0/filters:format(png)/pic9219125.png",2026,Unknown,"Luís Brueh","Luís Brueh","","Admin: Upcoming Releases,Creatures: Dragons,Creatures: Dwarves & Gnomes,Crowdfunding: Kickstarter,Series: Dwar7s","Fantasy,Medieval","Cooperative Game,Deck, Bag, and Pool Building,Push Your Luck,Scenario / Mission / Campaign Game,Solo / Solitaire Game,Tech Trees / Tech Tracks,Variable Player Powers,Variable Set-up,Worker Placement,Worker Placement, Different Worker Types",7.9,"Not Rated",2.0,1,45 - 60,14,8,1,4,1,4,"1,2,3","1,2,3,4","0",Unknown,"",Base Game,
336986,"Flamecraft","https://cf.geekdo-images.com/EvGtnsBDcfnKiqSiXHothQ__original/img/7yj8nA0ObuZ1w5AYCThEOK6meWA=/0x0/filters:format(jpeg)/pic6605448.jpg",2022,Unknown,"Sandara Tang","Manny Vega","Strategy Game,Family Game","Components: Game Trayz Inside,Creatures: Dragons,Crowdfunding: Kickstarter,Series: Flamecraft,Theme: Anthropomorphic Animals,Theme: Pets / Companion Animals","Animals,Card Game,City Building,Fantasy","Contracts,End Game Bonuses,Hand Management,Modular Board,Multi-Use Cards,Set Collection,Solo / Solitaire Game,Tags,Worker Placement",7.4,"Not Rated",2.2,3,60,10,8,1,5,1,5,"3","1,2,3,4,5","5",408,"excali8ur",Base Game,
363204,"FLOE","https://cf.geekdo-images.com/OVGfbJL6TJDaGzNDlGa6sA__original/img/v0JJ_Xeu8f5VeEPsUwkU0F7iafU=/0x0/filters:format(jpeg)/pic7907058.jpg",2026,Unknown,"Andrew Bosley","Henry Audubon,Jonny Pac,Yoma","Thematic,Family Game","Admin: Better Description Needed!,Admin: Upcoming Releases,Crowdfunding: Kickstarter,Players: Games with Solitaire Rules,Region: Arctic,Theme: Anthropomorphic Animals","Adventure,Animals,Exploration,Fantasy","Action Points,Area Movement,Contracts,Critical Hits and Failures,Hidden Victory Points,Mancala,Modular Board,Solo / Solitaire Game,Tags,Variable Player Powers",7.1,"Not Rated",3.0,3,60 - 90,10,Unknown,1,4,1,4,"3","2,3,4","0",13913,"",Base Game,
317859,"Forests of Pangaia","https://cf.geekdo-images.com/8XCJExd_Oj1aLMxJkopdBg__original/img/pAYbekQLyPYr2ID1vPp2QARDlE4=/0x0/filters:format(jpeg)/pic7421954.jpg",2023,Unknown,"Marcel Domke,Chris Karbach,Anna Meshchanova,Paperhead","Thomas Franken","Strategy Game","Crowdfunding: Kickstarter,Theme: Nature,Theme: Trees and Forests","Fantasy,Territory Building","Area Majority / Influence,Pattern Building,Set Collection,Victory Points as a Resource",7.2,"Not Rated",2.4,1,40 - 60,14,10,1,4,1,4,"3","2,3,4","2",3321,"excali8ur",Base Game,
416059,"Gardlings","https://cf.geekdo-images.com/fUOKaaWYVnBagDKj4AQb2Q__original/img/hatQoun0oFaitZLGBDsJqDXbFTM=/0x0/filters:format(jpeg)/pic8075053.jpg",2024,Unknown,"Gjermund Bohne","Kristian Amundsen Østby,Maria Østby","","Players: Games with Solitaire Rules,Theme: Gardening","Fantasy,Farming,Puzzle","Deck, Bag, and Pool Building,Push Your Luck,Tile Placement",7.2,"Not Rated",1.6,Unknown,20 - 45,8,8,1,4,1,4,"4","1,2,3,4","0",4171,"",Base Game,
285028,"Geek Out! Disney","https://cf.geekdo-images.com/bDgHusHCH-sEQtIMxyZNhA__original/img/Kym-ZB6LSS7meUvQYelYImoWHNU=/0x0/filters:format(jpeg)/pic4861320.jpg",2019,Unknown,"Jessica R. Eyler","Sean Fletcher,Dan Rowen,Elisa Teague","","Brands: Disney,Game: Geek Out!","Card Game,Party Game,Trivia","Auction / Bidding,Dice Rolling",6.5,"Not Rated",1.0,Unknown,30,10,Unknown,2,99,2,99,"","","1",18686,"excali8ur",Base Game,
331808,"The Girl Who Made The Stars","https://cf.geekdo-images.com/mB-dZqQmYHNaZtGBchJ_xA__original/img/rywu2-UzLQpcL0aBv0IoFvhzrG4=/0x0/filters:format(jpeg)/pic6004321.jpg",2023,Unknown,"Lamaro Smith","John Shulters","","Crowdfunding: Kickstarter","Abstract Strategy,Mythology","End Game Bonuses,Pattern Building,Set Collection,Tile Placement,Worker Placement",6.7,"Not Rated",2.3,Unknown,60,14,Unknown,1,4,1,4,"4","3,4","2",11882,"excali8ur",Base Game,
291549,"Go Slow!","https://cf.geekdo-images.com/mG69-rQ7yUTekuXpOuCA4w__original/img/Xy9pb_11rZ7D1VJLkPr9iH9Pbd8=/0x0/filters:format(jpeg)/pic4995961.jpg",2020,Unknown,"Gediminas Akelaitis","Felix Beukemann","","","Animals,Card Game,Children's Game","",6.7,"Not Rated",1.0,1,15 - 20,4,4,2,4,2,4,"4","2,4","1",14421,"excali8ur",Base Game,
447306,"Gods & Mortals","https://cf.geekdo-images.com/S7sTSwvkxpgxvcsMt9tcog__original/img/s1rFiQppjZ62NGhtsXcXhhQBMeM=/0x0/filters:format(jpeg)/pic8991293.jpg",2026,Unknown,"Revujo","William Borg Barthet,Artyom Nichipurov","","Admin: Better Description Needed!,Admin: Upcoming Releases,Crowdfunding: Gamefound,Digital Implementations: Tabletopia,Misc: LongPack Games,Mythology: Greek","Mythology","Hand Management,Multi-Use Cards,Stock Holding,Variable Player Powers,Victory Points as a Resource",7.0,"Not Rated",3.0,Unknown,40 - 80,14,Unknown,2,4,2,4,"3","3,4","0",20015,"",Base Game,
298383,"Golem","https://cf.geekdo-images.com/9wDd5YVER3lwpGO3v5EkTA__original/img/RtYW5lfwrLzWDI0rorp_vqI9af8=/0x0/filters:format(jpeg)/pic5374175.jpg",2021,Unknown,"Francesco Ciampi,Roberto Grasso (I)","Flaminia Brasini,Virginio Gigli,Simone Luciani","Strategy Game","Cities: Prague (Czech Republic),Components: Marbles,Digital Implementations: Tabletopia,Religious: Judaism","Fantasy,Novel-based,Renaissance","Action Drafting,Income,Set Collection,Variable Player Powers,Variable Set-up,Worker Placement",7.5,"Not Rated",4.0,1,90 - 120,14,14,1,4,1,4,"2,3","1,2,3,4","2",748,"excali8ur",Base Game,
30166,"The Good, the Bad, and the Munchkin","https://cf.geekdo-images.com/l6IEkuhpfFlen1F_Fswy5w__original/img/VVSGaReIfGpvwJdiKLRw6O4DcqU=/0x0/filters:format(jpeg)/pic221497.jpg",2007,Unknown,"John Kovalic","J. H. G. Hendriks,Steve Jackson (I)","Thematic","Game: Munchkin","American West,Card Game,Fighting,Humor","Dice Rolling,Trading,Variable Player Powers",6.2,"6.0",1.9,4,90,10,10,3,6,3,6,"4,5,6","3,4,5,6","0",6264,"",Base Game,
270293,"Gorinto","https://cf.geekdo-images.com/PmNzEXa5jlsrzNL4l-X8-g__original/img/_c-Sy5HUwoKNJkWf3fdM2Hy4s8o=/0x0/filters:format(jpeg)/pic4943733.jpg",2021,Unknown,"Josh Cappel","Richard Yaner","Abstract Game","Components: 5 x 5 Grids,Continents: Asia,Country: Japan,Crowdfunding: Kickstarter,Digital Implementations: Game Park,Digital Implementations: Tabletopia,Misc: LongPack Games","Abstract Strategy","Pattern Recognition,Set Collection,Square Grid,Static Capture,Tile Placement",7.2,"Not Rated",2.0,2,30 - 60,13,8,1,4,1,4,"3","1,2,3,4","5",2977,"",Base Game,
186947,"The Grimwood","https://cf.geekdo-images.com/UwXWECg3KARRxSr7ceaxbA__original/img/RQyfk-owcoZva_PVBAJ4f2YaI54=/0x0/filters:format(jpeg)/pic2728951.jpg",2016,Unknown,"Angela Wu","Morgan McAllister,Angela Wu","","Crowdfunding: Kickstarter","Card Game","Hand Management,Set Collection,Take That",6.1,"Not Rated",1.4,2,30 - 60,12,Unknown,2,6,2,6,"4","2,3,4,5,6","7",15456,"excali8ur",Base Game,
428682,"Grow Sky","https://cf.geekdo-images.com/b3lMV93rQt7UrTyoAdS7Nw__original/img/p1w0k90vnCx-16gQgz6d8syktUE=/0x0/filters:format(png)/pic9703976.png",2024,Unknown,"","","","Animals: Birds,Components: Dice with Icons,Country: Japan,Crowdfunding: Kickstarter,Mechanism: Tableau Building,Misc: LongPack Games,Players: Games with Solitaire Rules,Theme: Airships / Blimps / Dirigibles / Zeppelins,Theme: Steampunk","Aviation / Flight,Card Game,Dice,Economic,Fantasy,Puzzle,Racing,Science Fiction,Transportation,Travel","Dice Rolling,End Game Bonuses,Pattern Building,Race,Resource to Move,Rondel,Solo / Solitaire Game,Tech Trees / Tech Tracks,Tile Placement,Track Movement,Variable Player Powers,Worker Placement with Dice Workers",7.5,"Not Rated",2.5,1,45 - 90,10,Unknown,1,4,1,4,"3","3","0",9059,"",Base Game,
434222,"Gwent: The Legendary Card Game","https://cf.geekdo-images.com/bLintO18LwPlMoA0DiC05Q__original/img/9Vbui5VSwJTBzGBMyCUbXsu0FFY=/0x0/filters:format(png)/pic8954964.png",2025,Unknown,"CD Projekt","CD Projekt,Rafał Jaki,Damien Monnier","Customizable","Books: The Witcher,Misc: LongPack Games,Theme: Video Game Industry","Card Game,Video Game Theme","Deck Construction,Deck, Bag, and Pool Building,Hand Management",7.5,"Not Rated",1.9,2,20,14,10,1,5,1,5,"2","2","10",3475,"excali8ur",Base Game,
276086,"Hamlet: The Village Building Game","https://cf.geekdo-images.com/sP1iiqxJ_yTkTdttqxmfAg__original/img/VnYUe9IjJKmg6jO8CQQPp10czYQ=/0x0/filters:format(jpeg)/pic7315662.jpg",2022,Unknown,"Yusuf Artun","David Chircop","Strategy Game","Admin: Better Description Needed!,Animals: Donkeys,Crowdfunding: Kickstarter,Digital Implementations: Tabletopia","City Building,Economic,Medieval","Increase Value of Unchosen Resources,Market,Modular Board,Network and Route Building,Pick-up and Deliver,Solo / Solitaire Game,Tile Placement,Worker Placement",6.8,"Not Rated",2.9,2,25 - 100,14,12,1,4,1,4,"3","2,3,4","3",2397,"excali8ur",Base Game,
414317,"Harmonies","https://cf.geekdo-images.com/A_XP2_VN3ugyqPhezowB_w__original/img/_Rv8lSr3fC1oDRkrQleQW2H2yCs=/0x0/filters:format(png)/pic8026369.png",2024,Unknown,"Maëva da Silva","Johan Benvenuto","Abstract Game,Family Game","Digital Implementations: Board Game Arena,Digital Implementations: TableTop Simulator Mod (TTS),Misc: LongPack Games,Theme: Nature","Animals,Environmental,Puzzle","Chaining,Hexagon Grid,Open Drafting,Pattern Building,Set Collection,Solo / Solitaire Game,Tile Placement,Variable Player Powers",8.0,"Not Rated",2.0,1,30 - 45,10,8,1,4,1,4,"2,3","1,2,3,4","5",53,"excali8ur",Base Game,
472690,"Harmonies: Crescendo","https://cf.geekdo-images.com/ago2UVVsZUbkM6RAQa8ruQ__original/img/At5iWh9Qh5zSDdrsDw3PVE7-iQI=/0x0/filters:format(png)/pic9706560.png",2026,Unknown,"Maëva da Silva","Johan Benvenuto,Mathieu Rivero","","Admin: Upcoming Releases","Expansion for Base-game","",7.6,"Not Rated",2.5,Unknown,0,10,10,1,4,1,4,"","","0",Unknown,"",Expansion,
466234,"Harmonies: Pulse","https://cf.geekdo-images.com/Hqd0FaAe4GH4rCVX7GqO0g__original/img/XDQS-cHKQ6qdYoRlk6rPGU8n5lw=/0x0/filters:format(png)/pic9451549.png",2026,Unknown,"Maëva da Silva","Johan Benvenuto","Family Game","Theme: Nature","Expansion for Base-game,Abstract Strategy,Animals,Environmental,Puzzle","Chaining,Hexagon Grid,Open Drafting,Pattern Building,Set Collection,Solo / Solitaire Game,Tile Placement,Variable Player Powers",8.3,"Not Rated",2.1,1,30 - 45,10,8,1,4,1,4,"2,3,4","1,2,3,4","0",Unknown,"excali8ur",Expansion,
366013,"Heat: Pedal to the Metal","https://cf.geekdo-images.com/-vOrd4bOspibyohYExLqWg__original/img/iXU8a9WaVlwrkiEiOxWN06y9y5g=/0x0/filters:format(png)/pic6940449.png",2022,Unknown,"Vincent Dutrait","Asger Aleksandrov Granerud,Daniel Skjold Pedersen","Family Game","Game: Heat – Pedal to the Metal,Digital Implementations: Board Game Arena,Misc: Watch It Played How To Videos,Players: Games with Solitaire Rules,Sports: Auto Racing,Sports: Formula 1,Theme: Retro","Racing,Sports","Catch the Leader,Deck, Bag, and Pool Building,Hand Management,Programmed Movement,Push Your Luck,Race,Simulation,Simultaneous Action Selection,Solo / Solitaire Game,Track Movement,Variable Set-up",8.0,"Not Rated",2.2,1,30 - 60,10,8,1,6,1,6,"5,6","1,2,3,4,5,6","1",47,"",Base Game,
296358,"Hedgehog Haberdash","https://cf.geekdo-images.com/FbBxKgiG8JaRWHG_BkHDig__original/img/IKttsyHBTpX_To6TKeHhw9VNpIA=/0x0/filters:format(jpeg)/pic5225426.jpg",2020,Unknown,"Anna-Lena Kühler","Felix Beukemann","","Animals: Hedgehogs / Porcupines,Series: Mitbringspiele M (HABA)","Animals,Children's Game,Memory","Dice Rolling,Memory",6.2,"Not Rated",1.0,Unknown,10,3,2,2,4,2,4,"4","2,3,4","3",17705,"excali8ur",Base Game,
292364,"Here be Dragons: Into the Unknown","https://cf.geekdo-images.com/ucB3XXcZTB_oMZYc1Uxzlw__original/img/3NEUUjsMpYaEk_1inhHsPW0JVVI=/0x0/filters:format(png)/pic7067050.png",2020,Unknown,"Kim Jansson","Kim Åberg,Kim Jansson","","","Adventure,Exploration,Fantasy,Fighting,Miniatures","Acting,Action Points,Alliances,Dice Rolling,Hexagon Grid,Income,Map Addition,Multiple Maps,Player Elimination",7.1,"Not Rated",2.0,Unknown,60 - 240,10,Unknown,1,6,1,6,"1","1,2","0",19195,"",Base Game,
299252,"Here to Slay","https://cf.geekdo-images.com/ozUv3be9fcf28tJk30bNow__original/img/digC3cWVMhV6rlcE0AEcoVkmVI0=/0x0/filters:format(jpeg)/pic5181432.jpg",2020,Unknown,"Ramy Badie","Ramy Badie","Party Game,Family Game","Animals: Bears,Animals: Cats,Animals: Deer / Antelope,Animals: Dogs,Animals: Foxes,Animals: Lions,Animals: Pandas,Animals: Rabbits / Hares,Animals: Squirrels / Chipmunks,Animals: Tigers,Animals: Wolves,Creatures: Dragons,Creatures: Monsters,Creatures: Unicorns,Crowdfunding: Kickstarter,Game: Here to Slay,Misc: LongPack Games,Theme: Anthropomorphic Animals","Animals,Card Game,Dice,Fantasy,Fighting","Action Points,Dice Rolling,Hand Management,Interrupts,Role Playing,Set Collection,Take That,Turn Order: Progressive,Variable Player Powers",6.9,"Not Rated",1.7,3,30 - 60,10,10,2,6,2,6,"3,4","2,3,4,5","1",1515,"excali8ur",Base Game,
308525,"Here to Slay: Dragon Sorcerer Expansion","https://cf.geekdo-images.com/n5pGRkeVlwyaPY_SdJjSMQ__original/img/_4VBBUXrG7uXJNdL4taexW93myc=/0x0/filters:format(jpeg)/pic5611247.jpg",2020,Unknown,"Ramy Badie","","","Crowdfunding: Kickstarter,Game: Here to Slay,Misc: LongPack Games","Expansion for Base-game,Animals,Card Game,Dice,Fantasy,Fighting","Action Points",7.4,"Not Rated",1.5,2,15 - 90,14,Unknown,2,6,2,6,"","","0",Unknown,"",Expansion,
321259,"Here to Slay: Warriors & Druids Expansion","https://cf.geekdo-images.com/6UZ0BdzVu5LEHkQZpYSpxg__original/img/iAqXtKksT-ANHr4eKv2PBRYamSU=/0x0/filters:format(jpeg)/pic5714466.jpg",2020,Unknown,"","Ramy Badie","","Animals: Bears,Animals: Cats,Animals: Deer / Antelope,Animals: Foxes,Animals: Rabbits / Hares,Creatures: Dragons,Creatures: Unicorns,Game: Here to Slay,Misc: LongPack Games,Theme: Anthropomorphic Animals","Animals,Card Game,Dice,Expansion for Base-game,Fantasy,Fighting","Action Points,Dice Rolling,Hand Management,Interrupts,Set Collection,Take That,Turn Order: Progressive,Variable Player Powers",7.4,"Not Rated",1.9,3,30 - 60,10,8,2,6,2,6,"3,4,5","2,3,4,5","0",Unknown,"excali8ur",Expansion,
367490,"Hickory Dickory","https://cf.geekdo-images.com/wNPQex7ukUTDRO6WK1v0eA__original/img/yhwfSa8UQV4c2g9nz-zfzGg8oOw=/0x0/filters:format(jpeg)/pic6972966.jpg",2023,Unknown,"Sonja Müller","Sawyer West","","Animals: Mice,Authors: Mother Goose,Components: 3-Dimensional (3D),Components: Gears,Components: Meeples (Animal) / Animeeples,Components: Wooden pieces & boards,Misc: Watch It Played How To Videos,Theme: Anthropomorphic Animals","Animals","Action Retrieval,End Game Bonuses,Market,Race,Set Collection,Solo / Solitaire Game,Tile Placement,Worker Placement,Worker Placement, Different Worker Types",7.0,"Not Rated",2.7,1,60 - 120,10,8,1,4,1,4,"3","1,2,3,4","5",3725,"excali8ur",Base Game,
440608,"Hitster: 100% NL","https://cf.geekdo-images.com/PWXlU-fCrkybkkSGc7xMig__original/img/Q5yAsrjPWpi4diEQ8kMzZEjqrIY=/0x0/filters:format(jpeg)/pic8762512.jpg",2025,Unknown,"Marcus Carleson","Marcus Carleson","","Components: Digital Hybrid – App/Website Required,Game: Hitster","Card Game,Music,Party Game,Trivia","",7.4,"Not Rated",1.0,Unknown,30,16,Unknown,2,10,2,10,"","","4",14220,"excali8ur",Base Game,
436514,"Hitster: Christmas","https://cf.geekdo-images.com/o1iN0gIplpL-erxwS9YfFQ__original/img/sDcQLBs2Wpp_RkPJhLH4x58ssr8=/0x0/filters:format(jpeg)/pic9745627.jpg",2025,Unknown,"","","","Admin: Upcoming Releases,Game: Hitster,Holidays: Christmas","Card Game,Music,Party Game,Trivia","",6.8,"Not Rated",1.0,Unknown,30,16,14,2,10,2,10,"4","2,3,4,5,6,7,8,9","0",Unknown,"excali8ur",Expansion,
397736,"Hitster: Guilty Pleasures","https://cf.geekdo-images.com/C063hYA55MgUlwR9ZJiGag__original/img/TN18BjlTtZu7WU6oTHoblYjaR-o=/0x0/filters:format(jpeg)/pic7902240.jpg",2023,Unknown,"","Marcus Carleson","Party Game","Components: Digital Hybrid – App/Website Required,Game: Hitster","Card Game,Music,Party Game","",7.4,"Not Rated",1.0,1,30,16,14,2,10,2,10,"4,5,6","2,3,4,5,6,7,8,9,10","6",1981,"excali8ur",Base Game,
433541,"Hitster: Movies & TV Soundtracks","https://cf.geekdo-images.com/l4x9x7eYgp7d7D9SgsRRTQ__original/img/ZKGFLQIhh93E5CkpvSCeczykJl0=/0x0/filters:format(png)/pic8719140.png",2024,Unknown,"","Marcus Carleson","","Components: Digital Hybrid – App/Website Required,Game: Hitster,Trivia: Music","Expansion for Base-game,Card Game,Music,Party Game,Trivia","",7.4,"Not Rated",1.0,1,30,16,16,2,10,2,10,"4,5","2,3,4,5,6,7,8,9,10","1",Unknown,"excali8ur",Expansion,
2655,"Hive","https://cf.geekdo-images.com/fQe85tsBZoH6ibPnm1k1UA__original/img/eqUVrCJKcMBGBhw4Gfc9_9JabYE=/0x0/filters:format(jpeg)/pic791151.jpg",2001,Unknown,"John Yianni","John Yianni","Abstract Game","Animals: Ants,Animals: Bees,Animals: Grasshoppers,Animals: Insects,Animals: Spiders,Category: Combinatorial,Components: Hexagonal Tiles,Containers: Unique Shape,Containers: Zippered Pouch,Digital Implementations: Board Game Arena,Digital Implementations: BoardSpace,Digital Implementations: Google Play,Digital Implementations: Steam,Game: Hive,Misc: Dice Tower Hall of Fame,Misc: Mensa Select,Players: Two-Player Only Games","Abstract Strategy,Animals","Enclosure,Grid Movement,Hexagon Grid,Pattern Movement,Pieces as Map,Three Dimensional Movement,Tile Placement",7.3,"Not Rated",2.3,1,20,9,8,2,2,2,2,"2","2","1",338,"excali8ur",Base Game,
284742,"Honey Buzz","https://cf.geekdo-images.com/q3KbDdmiSkvKucANAdOU1g__original/img/2mJguceZAdOqSem23FEHobaZ0a4=/0x0/filters:format(jpeg)/pic5608344.jpg",2020,Unknown,"Anne Heidsieck","Paul Salomon","Strategy Game,Family Game","Animals: Bees,Animals: Insects,Components:  Meeples,Components: Wooden pieces & boards,Crowdfunding: Kickstarter,Misc: Watch It Played How To Videos,Theme: Anthropomorphic Animals","Animals,Economic","Action Retrieval,Contracts,Enclosure,End Game Bonuses,Grid Movement,Hexagon Grid,Income,Market,Memory,Modular Board,Open Drafting,Pattern Building,Pieces as Map,Race,Resource to Move,Solo / Solitaire Game,Square Grid,Tile Placement,Variable Set-up,Worker Placement",7.5,"Not Rated",2.7,2,45 - 90,10,10,1,4,1,4,"3","1,2,3,4","2",477,"excali8ur",Base Game,
167412,"Hopp und Hui!","https://cf.geekdo-images.com/rDxYtD2qtMz7xJk7smjhEw__original/img/xUyaQINmWgCKv0hxBxartOiJG6w=/0x0/filters:format(jpeg)/pic2266315.jpg",2014,Unknown,"Gediminas Akelaitis","Matthias Kaufmann","","Admin: Better Description Needed!","Children's Game,Dice","Dice Rolling",5.8,"Not Rated",1.0,Unknown,20,3,3,2,4,2,4,"3","2,3,4","5",24378,"excali8ur",Base Game,
426523,"HYVE","https://cf.geekdo-images.com/1QQuwgz2vxL4Wnv7-gqDQQ__original/img/otTZRktWWFNjoFRGcvTodEAHq_A=/0x0/filters:format(jpeg)/pic8403794.jpg",2024,Unknown,"Kevin Ruffenach","Matthew Folger","Strategy Game","Animals: Bees,Crowdfunding: Kickstarter,Mechanism: Roll-and-Write","Dice,Print & Play,Puzzle","Dice Rolling,Paper-and-Pencil,Re-rolling and Locking,Solo / Solitaire Game",7.6,"Not Rated",2.0,Unknown,45 - 90,10,Unknown,1,2,1,2,"1","1","0",16195,"",Base Game,
417219,"I C E: Second Edition","https://cf.geekdo-images.com/GM5aYL88ArfWPsTNp48LHQ__original/img/cpQZ6J9x7qNNkmpQ99Iqjd8VEpg=/0x0/filters:format(png)/pic8099978.png",2026,Unknown,"Léonard Dupond","Bragou,Sams","","Components: Hexagonal Tiles,Components: Magnets,Components: Wooden pieces & boards,Crowdfunding: Gamefound,Digital Implementations: TableTop Simulator Mod (TTS),Misc: GettingGames Tutorial Videos,Theme: Archaeology / Paleontology","Exploration,Science Fiction","Action Points,Auction: Turn Order Until Pass,Modular Board,Worker Placement, Different Worker Types",7.8,"Not Rated",2.9,Unknown,75 - 120,14,12,1,5,1,5,"","1,2,3,4","0",10932,"",Base Game,
423013,"Ice and Idols","https://cf.geekdo-images.com/qpdcaHi-3WeQ3Se-1VhGVw__original/img/YjaNrJvcLX4sUlUykUXMVunVu7g=/0x0/filters:format(png)/pic8999804.png",2025,Unknown,"Edu Valls","Mat Hanson","","Crowdfunding: Kickstarter,Region: Arctic","Adventure,Exploration","Action Points,End Game Bonuses,Events,Modular Board,Network and Route Building,Pick-up and Deliver,Set Collection,Square Grid,Tile Placement,Variable Player Powers",6.9,"Not Rated",2.3,2,45 - 60,14,Unknown,2,4,2,4,"2","2","0",9142,"",Base Game,
154203,"Imperial Settlers","https://cf.geekdo-images.com/pRwsvyfsRJ-lWWwVJCdXNg__original/img/Cw8O-7dOaO1sZRy95QGImdSm7p8=/0x0/filters:format(jpeg)/pic2871265.jpg",2014,Unknown,"Mateusz Bielski,Tomasz Jedruszek,Jarosław Marcinek,Rafał Szyma","Ignacy Trzewiczek","Strategy Game","Ancient: Egypt,Ancient: Rome,Components: Multi-Use Cards,Country: Japan,Digital Implementations: Board Game Arena,Digital Implementations: Tabletopia,Game: Imperial Settlers,Mechanism: Tableau Building,Misc: LongPack Games,Misc: Watch It Played How To Videos,Players: Games with Solitaire Rules","Ancient,Card Game,City Building,Civilization","Closed Drafting,Contracts,End Game Bonuses,Hand Management,Income,Multi-Use Cards,Open Drafting,Solo / Solitaire Game,Take That,Turn Order: Progressive,Variable Player Powers",7.3,"Not Rated",2.8,3,45 - 90,10,12,1,4,1,4,"2","1,2,3","6",407,"excali8ur",Base Game,
195543,"Imperial Settlers: 3 Is a Magic Number","https://cf.geekdo-images.com/uUfcScMhnWZiEy7M00oXSA__original/img/7spkRMiHYuBMEh6JOhhhuBKQEgU=/0x0/filters:format(jpeg)/pic2964327.jpg",2016,Unknown,"Tomasz Jedruszek,Denis Martynets,Rafał Szyma","Ignacy Trzewiczek","","Game: Imperial Settlers","Expansion for Base-game","",7.5,"Not Rated",2.8,3,60,12,12,1,4,1,4,"2,3","1,2,3,4","0",Unknown,"excali8ur",Expansion,
238389,"Imperial Settlers: We Didn't Start The Fire","https://cf.geekdo-images.com/azHL5MIQNaw6s3q5aVTssQ__original/img/PfNeKlb16QR8jq7BLDuft3PkOvU=/0x0/filters:format(jpeg)/pic3966137.jpg",2018,Unknown,"Aga Jakimiec,Roman Kucharski,Rafał Szyma","Ignacy Trzewiczek","","Game: Imperial Settlers","Expansion for Base-game","Hand Management,Open Drafting,Take That,Variable Phase Order,Variable Player Powers",7.4,"Not Rated",3.0,4,45 - 90,10,12,1,4,1,4,"2","1,2,3","0",Unknown,"excali8ur",Expansion,
169075,"Imperial Settlers: Why Can't We Be Friends","https://cf.geekdo-images.com/5lCxeMYbuM1CH0zCyD1MgA__original/img/ddtDRHDZJ6WeaQ-jVbKyBFbh7WA=/0x0/filters:format(jpeg)/pic2305119.jpg",2014,Unknown,"Tomasz Jedruszek","Ignacy Trzewiczek","Strategy Game","Digital Implementations: Tabletopia,Game: Imperial Settlers","Ancient,Card Game,Civilization,Expansion for Base-game","Hand Management,Open Drafting,Variable Player Powers",7.5,"Not Rated",2.6,4,45 - 90,10,12,1,4,1,4,"2","1,2,3,4","0",Unknown,"excali8ur",Expansion,
437301,"Ink","https://cf.geekdo-images.com/-IUd2mtuwWJn8BwfX0Pg9A__original/img/T2N-a0X1BJ-8dVTfZ6GmqCfaQ_w=/0x0/filters:format(jpeg)/pic8733117.jpg",2025,Unknown,"Chris Quilliams","Kasper Lapp","Abstract Game,Family Game","Category: Color,Digital Implementations: Board Game Arena,Theme: Art,Theme: Painting / Paintings","Abstract Strategy,Economic","Contracts,Pattern Building,Rondel,Solo / Solitaire Game,Tile Placement",6.9,"Not Rated",1.9,1,30 - 45,8,8,1,4,1,4,"2","1,2,3,4","0",4035,"",Base Game,
235627,"Iquazú","https://cf.geekdo-images.com/i47GBXJ48Es-wnYBjy2nCQ__original/img/era6WK3Rvhd8jrbsuqSFEFBeixg=/0x0/filters:format(jpeg)/pic5477474.jpg",2017,Unknown,"Stephanie Böhm","Michael Feldkötter","Family Game","Components: Gems/Crystals,Country: Argentina,Country: Brazil,Creatures: Dragons,Series: Family Games (HABA)","Fantasy","Area Majority / Influence,Hand Management,Modular Board,Set Collection",6.9,"Not Rated",1.8,1,50,10,10,2,4,2,4,"4","2,3,4","0",4422,"excali8ur",Base Game,
407343,"Ironwood","https://cf.geekdo-images.com/bHjyk23An87Hl0ZuA91sTg__original/img/E5S_FHGVPqwihXfws4S0VpVJjr0=/0x0/filters:format(jpeg)/pic7885912.jpg",2024,Unknown,"Villő Farkas,Qistina Khalidah","Maël Brunet,Julien Chaput","War Game,Strategy Game","Components: Gems/Crystals,Crowdfunding: Gamefound,Digital Implementations: TableTop Simulator Mod (TTS),Mechanism: Artificial Player,Misc: Made by Panda,Players: Games with Solitaire Rules,Players: Two-Player Only Games,Theme: Trees and Forests","Fantasy,Wargame","Area Movement,Card Play Conflict Resolution,Command Cards,Hand Management,Multi-Use Cards,Pick-up and Deliver,Solo / Solitaire Game",7.8,"Not Rated",2.8,3,30 - 60,12,12,1,2,1,2,"2","1,2","2",1312,"excali8ur",Base Game,
357872,"Island Alone","https://cf.geekdo-images.com/vB1tXrX0gF7Tam904RPVcw__original/img/6PeZaHCqyaqR7VNrGFfpGwZdkBM=/0x0/filters:format(png)/pic6713831.png",2022,Unknown,"","Radosław Ignatów","","Crowdfunding: Kickstarter,Islands: Fictional,Mechanism: Roll-and-Write,Theme: Survival,Theme: Tropical Islands","Children's Game,Dice,Print & Play","Dice Rolling,Paper-and-Pencil,Scenario / Mission / Campaign Game",7.0,"Not Rated",1.7,Unknown,15 - 40,8,Unknown,1,4,1,4,"","1,2","4",10235,"excali8ur",Base Game,
281259,"The Isle of Cats","https://cf.geekdo-images.com/AuAheDzhkLufiZFE9JaRNA__original/img/pKq-l1Ms78olHwMbZYMa_x6m-fM=/0x0/filters:format(jpeg)/pic4781085.jpg",2019,Unknown,"Dragolisco,Frank West","Frank West","Strategy Game,Family Game","Animals: Cats,Animals: Fish / Fishes,Components: Meeples (Animal) / Animeeples,Components: Polyominoes,Components: Wooden pieces & boards,Crowdfunding: Kickstarter,Digital Implementations: Board Game Arena,Digital Implementations: Google Play,Digital Implementations: Sovranti,Digital Implementations: Tabletopia,Game: The City of Kings,Islands: Fictional,Misc: Watch It Played How To Videos,Players: Games with Solitaire Rules,Theme: Pirates","Animals,Fantasy,Nautical,Pirates,Puzzle","Closed Drafting,Grid Coverage,Hidden Victory Points,Income,Open Drafting,Pattern Building,Set Collection,Solo / Solitaire Game,Square Grid,Tile Placement,Turn Order: Stat-Based",7.6,"Not Rated",2.4,3,60 - 90,8,10,1,4,1,4,"3","1,2,3,4","3",205,"excali8ur",Base Game,
432491,"Johari Bazaar","https://cf.geekdo-images.com/eCVyvCPg739L-NL4UDiK2Q__original/img/hMUjobch88XXRDmPq1KjoBpa4io=/0x0/filters:format(png)/pic8525147.png",2025,Unknown,"Sándor Zubály","Balázs Bergendy","","Admin: Upcoming Releases,Country: India","Abstract Strategy","Set Collection,Tile Placement,Variable Player Powers",7.6,"6.0",1.8,1,15 - 30,8,8,2,4,2,4,"2","2,4","0",17960,"excali8ur",Base Game,
231229,"Jokeren","https://cf.geekdo-images.com/NLKZEET18k5ct_UwBveDrw__original/img/yNMIVAN6wjtNWBXIS1yoklbe70U=/0x0/filters:format(jpeg)/pic4936584.jpg",0,Unknown,"","","","","Card Game","Set Collection",5.7,"Not Rated",0.0,Unknown,0,6,Unknown,2,4,2,4,"","","5",Unknown,"excali8ur",Base Game,
446453,"Kalypso","https://cf.geekdo-images.com/nf3T_JBSqeIoOWWkmyFbSw__original/img/kg9xGkEMmwPQRWUAfFe_JlAHV6I=/0x0/filters:format(png)/pic8896482.png",2026,Unknown,"Amelia Sales","Gilles Turbide","","Admin: Upcoming Releases,Components: Polyominoes,Crowdfunding: Kickstarter,Theme: Post-Apocalyptic","City Building,Environmental,Nautical,Puzzle,Science Fiction","Chaining,Closed Drafting,Contracts,Cooperative Game,Enclosure,End Game Bonuses,Events,Grid Coverage,Layering,Pattern Building,Simultaneous Action Selection,Solo / Solitaire Game,Square Grid,Tile Placement,Variable Set-up",7.9,"Not Rated",2.3,Unknown,45 - 60,14,Unknown,1,4,1,4,"","","0",17631,"",Base Game,
470343,"Kano","https://cf.geekdo-images.com/7eUewAJLb-3oMUsX6WU7eQ__original/img/FdW9YWlEh9yBgxKKtlgmVxNzsgs=/0x0/filters:format(jpeg)/pic9753407.jpg",2026,Unknown,"Jun Sato","Pablo Jiménez,Angel Pintero","","Admin: Upcoming Releases,Components: Polyominoes,Country: Japan,Theme: Art","","Contracts,Pattern Building,Set Collection,Tile Placement",8.0,"Not Rated",2.5,Unknown,30 - 40,12,Unknown,2,4,2,4,"","","0",12756,"",Base Game,
399166,"Kids Chronicles: The Old Oak Prophecy","https://cf.geekdo-images.com/-a1w48MENVFzP9ZK1U7aog__original/img/kvN48U0svn1ydyo6jhemYRbClWU=/0x0/filters:format(png)/pic7704209.png",2023,Unknown,"","David Cicurel","Children's Game","Components: Digital Hybrid – App/Website Required,Misc: LongPack Games,Players: Games with Solitaire Rules","Adventure,Children's Game,Exploration,Fantasy","Cooperative Game,Scenario / Mission / Campaign Game,Solo / Solitaire Game,Storytelling",7.2,"Not Rated",1.1,Unknown,30 - 45,7,5,1,4,1,4,"2,3,4","1,2,3,4","1",8621,"excali8ur",Base Game,
430319,"Kilauea","https://cf.geekdo-images.com/mEjbcdFSxSYLgyGC-WlvMQ__original/img/NkVnfzDLcoOkKQItRfDKF-AM-fw=/0x0/filters:format(png)/pic8652566.png",2025,Unknown,"Eduardo García Gregorio","David Bernal,Ferran Renalias","","Admin: Upcoming Releases,Crowdfunding: Gamefound,States: Hawaii,Theme: Art style – Tiki Culture,Theme: Volcanoes","Abstract Strategy,Mythology","Area Majority / Influence,Rondel",7.2,"Not Rated",2.5,1,40 - 60,10,10,2,4,2,4,"2,4","2,3,4","0",8960,"",Base Game,
437245,"Kingdom Crossing","https://cf.geekdo-images.com/QQikkHAYbLyf2IGC5tz0Fg__original/img/nwnkUWOLYn3aMrhx5Igjc-6zph4=/0x0/filters:format(jpeg)/pic8660175.jpg",2025,Unknown,"David Sitbon","Marco Canetta,Stefania Niccolini","Strategy Game","Animals: Bears,Animals: Beavers,Animals: Deer / Antelope,Animals: Foxes,Animals: Owls,Animals: Wild boar","Animals","Area Movement,Contracts,End Game Bonuses,Income,Movement Points,Programmed Movement,Resource to Move,Set Collection,Track Movement,Turn Order: Claim Action",7.7,"Not Rated",3.0,1,45 - 90,14,12,1,4,1,4,"3","2,3,4","1",2316,"excali8ur",Base Game,
204583,"Kingdomino","https://cf.geekdo-images.com/c0m3gwZTcfKoLI63ASio8g__original/img/HT6NQPT0cSFcZXjSewtjTO_NBAE=/0x0/filters:format(png)/pic8443569.png",2016,Unknown,"Cyril Bouquet,Pauline Detraz,Charlotte Bey,Bruno Cathala,Hervine Galliou","Bruno Cathala","Family Game","Components: 5 x 5 Grids,Components: Non-Traditional Dominoes,Components: Oversized Editions,Components: Scoring pad,Digital Implementations: Apple App Store,Digital Implementations: Board Game Arena,Digital Implementations: Google Play,Digital Implementations: Steam,Game: Kingdomino,Misc: DIZED Tutorial,Misc: LongPack Games,Misc: Watch It Played How To Videos,Series: Europe Collection (Blue Orange Games),Versions & Editions: Bigger Versions of Regular-Size Games","Abstract Strategy,Medieval,Puzzle,Territory Building","Enclosure,Matching,Open Drafting,Tile Placement,Turn Order: Claim Action",7.3,"Not Rated",1.2,1,15 - 25,8,6,2,4,2,4,"2,4","2,3,4","5",333,"excali8ur",Base Game,
436161,"Koi","https://cf.geekdo-images.com/b3_IZN2s5bSpFQh29I-Jww__original/img/kLYUGRxsdzz-pY-fBeU2OitTfNk=/0x0/filters:format(png)/pic8921884.png",2025,Unknown,"Emiliano Castellano","Rosaria Battiato,Massimo Borzì,Martino Chiacchiera","Family Game","Animals: Fish / Fishes,Country: Japan,Misc: DIZED Tutorial,Misc: LongPack Games,Players: Games with Solitaire Rules","Puzzle","Contracts,End Game Bonuses,Open Drafting,Pattern Building,Solo / Solitaire Game,Tile Placement",7.5,"Not Rated",2.0,1,45,10,10,1,4,1,4,"3","1,2,3,4","1",2932,"",Base Game,
140535,"Koryŏ","https://cf.geekdo-images.com/DIfCxl-1C1XOZj4bWnskaA__original/img/BsxhhS60jmrcLEE9pVxS8oXNBYE=/0x0/filters:format(jpeg)/pic4593312.jpg",2013,Unknown,"Stéphane Gantiez,Ian Parovel","Gary Kim","Strategy Game","Country: Korea,Digital Implementations: Board Game Arena,Theme: Art style – Art Deco,Theme: Steampunk","Card Game","Set Collection,Simultaneous Action Selection",6.6,"Not Rated",1.9,1,10 - 20,13,10,2,4,2,4,"3","2,3,4","0",3374,"excali8ur",Base Game,
406619,"Kronologic: Cuzco 1450","https://cf.geekdo-images.com/0GirCf3O4zKBOzAIncZa8g__original/img/g2Q1D1gQGHg_hm5whKJYVsP4j5Q=/0x0/filters:format(png)/pic8587448.png",2025,Unknown,"","Fabien Gridel,Yoann Levet","","Cities: Cusco (Peru),Country: Inca Empire,Digital Implementations: TableTop Simulator Mod (TTS),Series: Kronologic","Deduction,Murder / Mystery,Puzzle","Deduction,Solo / Solitaire Game",7.6,"Not Rated",2.6,Unknown,30,10,10,1,4,1,4,"2","1,2,3","0",5591,"excali8ur",Base Game,
402111,"Kronologic: Paris 1920","https://cf.geekdo-images.com/BTLIJvNhaROMzo6cqP0aNw__original/img/BagaofOFwLoN8hOqY3AKd6ij7Lk=/0x0/filters:format(png)/pic7963849.png",2024,Unknown,"Arch Apolar,Yann Valéani","Fabien Gridel,Yoann Levet","Strategy Game","Cities: Paris (France),Country: France,Decades: The 1920's,History: Roaring Twenties (1920-1929),Misc: Limited Replayability,Players: Games with Solitaire Rules,Series: Kronologic,Theme: Art style – Art Nouveau,Theme: Burglary and Heists","Deduction,Murder / Mystery,Puzzle","Deduction,Grid Movement,Paper-and-Pencil,Point to Point Movement,Race",7.5,"Not Rated",2.1,1,30,10,12,1,4,1,4,"","1,2,3,4","0",1524,"",Base Game,
399132,"Kuldhara","https://cf.geekdo-images.com/UrJSO6KSK_7mZKICp-G9Cg__original/img/5fviLPn3kN8Obtl8wVf-f1kPcIk=/0x0/filters:format(png)/pic8976692.png",2025,Unknown,"Nicholas Westgård","Glenn Dejaeger","","Admin: Upcoming Releases,Animals: Camels,Components: Control Boards,Components: Gems/Crystals,Components: Wooden pieces & boards,Country: India,Creatures: Ghosts,Mythology: Hindu,Theme: Deserts","Adventure,Ancient,Exploration,Puzzle","Action Points,Area Movement,Chaining,End Game Bonuses,Hexagon Grid,Matching,Multiple Maps,Pattern Building,Pattern Recognition,Pick-up and Deliver,Point to Point Movement,Solo / Solitaire Game,Turn Order: Pass Order,Variable Set-up",7.1,"7.0",2.7,1,30 - 120,8,10,1,4,1,4,"1,3","1,2,3","1",15201,"",Base Game,
533,"Labyrinth: The Card Game","https://cf.geekdo-images.com/l3UUH9kbZmW8AxfwESNPHQ__original/img/mNhQ6BGOVYge-eThck9kDFxUua8=/0x0/filters:format(jpeg)/pic472535.jpg",2000,Unknown,"Xavier Gueniffey Durin,Andreas Härlin,Joachim Krause","Max J. Kobbert","Children's Game,Family Game","Game: Labyrinth (Ravensburger),Series: Mini (Ravensburger),Versions & Editions: Card Versions of Non-Card Games","Card Game,Fantasy,Maze","Network and Route Building,Pattern Building,Pattern Recognition,Tile Placement",5.6,"Not Rated",1.2,1,30,7,6,2,6,2,6,"2","2,3,4,5,6","1",17718,"excali8ur",Base Game,
222643,"The Lady and the Tiger","https://cf.geekdo-images.com/qdKy1hoBmVj6PE6YHu-jaQ__original/img/zyVOKvCTMZ1jmzKatSXm0RoxlWY=/0x0/filters:format(jpeg)/pic4088921.jpg",2017,Unknown,"Tania Walker","José Manuel Alvarez,Kevin Carmichael,Peter C. Hayward,JR Honeycutt,Ken Maher,Philip Tootill,Allysha Tulk","Family Game","Animals: Tigers,Digital Implementations: Board Game Arena,Digital Implementations: TableTop Simulator Mod (TTS)","Bluffing,Card Game,Deduction,Maze,Print & Play,Puzzle","Auction / Bidding,Open Drafting,Set Collection",6.2,"Not Rated",1.6,1,15 - 20,6,8,1,6,1,6,"2","1,2,3,4,5,6","0",6615,"excali8ur",Base Game,
439519,"Last Lantern","https://cf.geekdo-images.com/8KlKUeVra3-1jnP3yeGFqg__original/img/c061PZ9lwOqOPfN6U4eRV1wX0fc=/0x0/filters:format(png)/pic8917962.png",2025,Unknown,"Zingco Kang,Yuan Momoco","Jérémy Ducret,Gricha German,Anthony Perone","","Components: Meeples (Animal) / Animeeples,Misc: LongPack Games","Abstract Strategy,Puzzle","Communication Limits,Cooperative Game,Deck, Bag, and Pool Building,Set Collection,Tile Placement",7.3,"Not Rated",0.0,Unknown,30,8,Unknown,2,4,2,4,"","","0",14486,"",Base Game,
412816,"Layer Puzzle","https://cf.geekdo-images.com/-WkpO4erjs9eWjJSr82l9A__original/img/4guqOUKek0G53LrTNGPOcus1XGA=/0x0/filters:format(jpeg)/pic8730638.jpg",2024,Unknown,"Wanjin Gill,theflowerway","Libon Van","","Components: Transparent Elements","Abstract Strategy,Educational,Memory,Puzzle","Drawing,Layering,Memory,Open Drafting",7.0,"Not Rated",1.3,Unknown,10 - 30,8,Unknown,1,4,1,4,"3,4","2,3,4","0",19322,"",Base Game,
368173,"Let's Go! To Japan","https://cf.geekdo-images.com/OvhEUaF43CIjSFz8aF_yzQ__original/img/HoWWP2Q0rLOyInX0KZqObNkT8SM=/0x0/filters:format(jpeg)/pic6996891.jpg",2024,Unknown,"Chaykov,Kailene Falls,Toshiyuki Hara 原としゆき,Magdalena Pruckner,Erica Ward","Josh Wood","Family Game","Animals: Cats,Cities: Kyoto (Japan),Cities: Tokyo (Japan),Country: Japan,Digital Implementations: Board Game Arena,Food & Drink: Ramen,Food & Drink: Sushi,Players: Games with Solitaire Rules,Theme: Temple","Card Game,Transportation,Travel","Closed Drafting,Contracts,End Game Bonuses,Hand Management,Melding and Splaying,Multi-Use Cards,Set Collection,Simultaneous Action Selection,Solo / Solitaire Game,Storytelling,Tags",7.6,"Not Rated",2.3,2,45 - 60,10,10,1,4,1,4,"3","1,2,3,4","0",424,"",Base Game,
368305,"Life of the Amazonia","https://cf.geekdo-images.com/lRk6_QqYHNM0Bb-6pFK7Jg__original/img/DbMI3Mizoyi00Dac6sAinW36LOk=/0x0/filters:format(png)/pic7002853.png",2023,Unknown,"Sophia Kang","Jamie Bloom","Strategy Game","Components: 3-Dimensional (3D),Components: Meeples (Animal) / Animeeples,Crowdfunding: Kickstarter,Digital Implementations: Tabletopia,Players: Games with Solitaire Rules,Region: Amazon Rainforest,Theme: Nature","Animals,Puzzle","Deck, Bag, and Pool Building,End Game Bonuses,Hexagon Grid,Pattern Building,Set Collection,Solo / Solitaire Game,Tile Placement,Variable Set-up",8.1,"Not Rated",2.9,3,60 - 150,14,10,1,4,1,4,"2","1,2,3","4",462,"excali8ur",Base Game,
341519,"The Light in the Mist","https://cf.geekdo-images.com/kDX5fg82XYZBJ5cF2ttwbQ__original/img/bW9ym5crS-0qIHvUJV6MmpTCpsQ=/0x0/filters:format(jpeg)/pic6266380.jpg",2022,Unknown,"Jack Fallows","Jack Fallows,Rita Orlov","Thematic","Category: Escape Room Games,Components: Tarot Cards,Crowdfunding: Kickstarter,Misc: Limited Replayability,Players: Games with Solitaire Rules,Theme: Mystery / Crime","Adventure,Deduction,Fantasy,Murder / Mystery,Puzzle","Cooperative Game,Deduction,Solo / Solitaire Game",8.0,"Not Rated",2.9,5,300 - 500,14,14,1,4,1,4,"2","1,2","33",2213,"excali8ur",Base Game,
456018,"Lionwake","https://cf.geekdo-images.com/lteNmFsbtT9r7LHRG_qkkg__original/img/tnaDfBQsqylJ0T4rdNGy1a2tPTU=/0x0/filters:format(jpeg)/pic9157625.jpg",2027,Unknown,"","Duke Su","","Crowdfunding: Kickstarter","Animals,Dice,Fantasy,Mythology","Chaining,Deck Construction,Deck, Bag, and Pool Building,Dice Rolling,End Game Bonuses,Layering,Modular Board,Multi-Use Cards,Variable Player Powers,Worker Placement",8.4,"Not Rated",0.0,Unknown,60 - 120,14,Unknown,1,4,1,4,"","","0",Unknown,"",Base Game,
328479,"Living Forest","https://cf.geekdo-images.com/fPhdfZX9UTLr4-SVgK0zoQ__original/img/ZPdxDPt1jSRQMNnVgn-qIPhNv0E=/0x0/filters:format(jpeg)/pic5899025.jpg",2021,Unknown,"Apolline Etienne","Aske Christiansen","Family Game","Digital Implementations: Board Game Arena,Digital Implementations: Game Park,Misc: Watch It Played How To Videos,Theme: Firefighting,Theme: Nature,Theme: Trees and Forests","Animals,Card Game,Environmental,Fantasy,Mythology,Territory Building","Deck, Bag, and Pool Building,Push Your Luck,Race,Simultaneous Action Selection,Tile Placement",7.2,"Not Rated",2.2,1,40,10,10,1,4,1,4,"3","2,3,4","3",772,"excali8ur",Base Game,
424225,"Loot","https://cf.geekdo-images.com/yluBxjYMRmfjO1zX9IKvVQ__original/img/kAyoHof3Fj4qGZOfJ_TtiYW_kN8=/0x0/filters:format(jpeg)/pic8292849.jpg",2024,Unknown,"Michael Menzel,Christian Opperer","Roy zur Linde,Ralf zur Linde","","Animals: Cats,Cities: Essen (North Rhine-Westphalia, Germany),Components: Meeples (Animal) / Animeeples,Mechanism: Roll-and-Write,Theme: Boardgaming","Animals,Dice","Dice Rolling,Paper-and-Pencil,Roll / Spin and Move,Set Collection,Square Grid",5.5,"Not Rated",1.3,1,20,8,Unknown,2,4,2,4,"","","0",27721,"excali8ur",Base Game,
253398,"Lost Cities: Rivals","https://cf.geekdo-images.com/4NaIBUKkBY1KDfPdvYPULw__original/img/AU_dQvK4u8mh2XVD0WDnSmlEwUg=/0x0/filters:format(jpeg)/pic4137630.jpg",2018,Unknown,"Sébastien Caiveau","Reiner Knizia","Family Game","Game: Lost Cities,Misc: LongPack Games,Theme: Archaeology / Paleontology","Card Game,Exploration","Auction / Bidding,Auction: Turn Order Until Pass,Set Collection",6.6,"Not Rated",1.9,1,40,10,8,2,4,2,4,"","3,4","3",3312,"excali8ur",Base Game,
299702,"The Lost Code","https://cf.geekdo-images.com/EZ-K0yIcppJ4ysjq63NlHQ__original/img/yD2lGcViK91BR0hJ3qIxihb59Og=/0x0/filters:format(jpeg)/pic5194215.jpg",2022,Unknown,"Miguel Coimbra","Leo Colovini","Family Game","Continents: South America,Crowdfunding: Kickstarter","Deduction","Deduction,Dice Rolling,Paper-and-Pencil",7.3,"Not Rated",2.4,1,60,10,10,2,4,2,4,"2","2,3,4","2",3754,"",Base Game,
448477,"Lost! in the Woods","https://cf.geekdo-images.com/_U-shUQ8FqHfGPcqRxY4DA__original/img/Ai4nZYfuAWCblMnTMXjIaBTxIuw=/0x0/filters:format(jpeg)/pic8945767.jpg",2025,Unknown,"Cam Kendell,Marco Salogni","Marco Salogni,Silvano Sorrentino","","Admin: Upcoming Releases","Party Game","Communication Limits,Cooperative Game,Deduction",6.1,"Not Rated",1.0,1,15,7,6,2,8,2,8,"3,4","2,3,4,5","0",24257,"",Base Game,
143884,"Machi Koro","https://cf.geekdo-images.com/_lI2eUDHfesfe5SswJiFAg__original/img/H4XHVffQ4SOxgWoG396I9LUrwg8=/0x0/filters:format(png)/pic4783831.png",2012,Unknown,"Taro Hino,Noboru Hotta,Ian Parovel,Mirko Suzuki","Masao Suganuma","Family Game","Country: Japan,Digital Implementations: Steam,Digital Implementations: Yucata,Game: Machi Koro,Mechanism: Tableau Building,Misc: LongPack Games,Misc: Watch It Played How To Videos,Theme: City","City Building,Dice","Dice Rolling,Ownership,Race,Random Production",6.6,"Not Rated",1.5,3,30,10,8,2,4,2,4,"4","2,3,4","2",1402,"excali8ur",Base Game,
259551,"Magic Fold","https://cf.geekdo-images.com/w4le33slz64TzAFgj89ptA__original/img/2i90D2dCf_fQErrX7p0I29m-tTw=/0x0/filters:format(jpeg)/pic4283003.jpg",2018,Unknown,"Christopher Matt","Bruno Cathala,Yohan Goh","","Mythology: Arabian","Action / Dexterity,Arabian,Aviation / Flight,Puzzle","Action Queue,Pattern Recognition,Race,Real-Time",6.3,"Not Rated",1.3,1,20 - 30,7,6,2,4,2,4,"4","3,4","1",14878,"excali8ur",Base Game,
402366,"Majolica: Revised Edition","https://cf.geekdo-images.com/WiAH4GZWxmX9XD-bD_FqCg__original/img/fQLvfO3sOlGx4pVxBw1TCYGsSR0=/0x0/filters:format(png)/pic7764315.png",2024,Unknown,"","Yu Wang","","Admin: Upcoming Releases","Abstract Strategy","Pattern Building",6.8,"Not Rated",2.0,Unknown,20 - 60,Unknown,Unknown,2,4,2,4,"2","2","0",Unknown,"",Base Game,
317504,"Mandala Stones","https://cf.geekdo-images.com/ucWyiu4LOqHUmGi6yb5BmQ__original/img/qeqTcEL3nTndiBz-RlWyXHRU55k=/0x0/filters:format(jpeg)/pic5608253.jpg",2021,Unknown,"Zbigniew Umgelter","Filip Głowacz","Abstract Game","Crowdfunding: Spieleschmiede,Digital Implementations: Tabletopia,Misc: LongPack Games,Religious: Buddhism,Theme: Art","Abstract Strategy","End Game Bonuses,Layering,Pattern Building,Set Collection,Variable Set-up",6.8,"Not Rated",1.8,2,30,10,8,2,4,2,4,"2","2,3,4","5",2523,"excali8ur",Base Game,
350460,"Mandala Stones: Harmony","https://cf.geekdo-images.com/4HZDNuDelIEYF3ukUFGDKQ__original/img/iMmClDqc47yIL40HuydsuYw9e6Q=/0x0/filters:format(jpeg)/pic6489445.jpg",2022,Unknown,"Zbigniew Umgelter","Filip Głowacz","","Digital Implementations: Tabletopia,Misc: LongPack Games,Theme: Art","Expansion for Base-game","Layering,Pattern Building,Set Collection",7.2,"Not Rated",2.3,Unknown,30,10,8,2,4,2,4,"2","2,3,4","0",Unknown,"excali8ur",Expansion,
139030,"Mascarade","https://cf.geekdo-images.com/OS3ckk3rZbwFi8en1rjiGQ__original/img/LhjLUWnk4Cy0ropDcLAA4A4V20w=/0x0/filters:format(jpeg)/pic1762410.jpg",2013,Unknown,"Jérémy Masson","Bruno Faidutti","Party Game","Theme: Witches","Bluffing,Card Game,Medieval,Party Game","Hidden Roles,Memory,Variable Player Powers",6.6,"Not Rated",1.5,1,30,10,10,2,13,2,13,"6,7,8","5,6,7,8,9,10,11","0",1797,"excali8ur",Base Game,
197070,"Massive Darkness","https://cf.geekdo-images.com/4gH_fX2BQPViWLe9pNfSKg__original/img/_bA6dQIzEddE6_i_N7U5zP6ZZ1g=/0x0/filters:format(jpeg)/pic3687923.jpg",2017,Unknown,"Édouard Guiton,Jason Hendricks","Raphaël Guiton,Jean-Baptiste Lullien,Nicolas Raoult","Thematic","Admin: Better Description Needed!,Category: Dungeon Crawler,Components: Coloured Dice,Components: Dice with Icons,Components: Miniatures,Creatures: Monsters,Crowdfunding: Kickstarter,Game: Massive Darkness,Mechanism: Campaign Games,Players: Games with Solitaire Rules","Adventure,Exploration,Fantasy,Fighting,Miniatures","Action Points,Cooperative Game,Dice Rolling,Hand Management,Modular Board,Variable Player Powers",7.1,"Not Rated",2.6,3,120,14,10,1,6,1,6,"4","1,2,3,4","0",1478,"excali8ur",Base Game,
365647,"Mech A Dream","https://cf.geekdo-images.com/MmWHmeaqjC7sWBFIL_VABw__original/img/TD-iDBZlM-4mU5DniMXzHihlxRo=/0x0/filters:format(png)/pic6940255.png",2023,Unknown,"Mark Oliver","Thomas Dupont,Antoni Guillen","","Admin: Better Description Needed!,Digital Implementations: Board Game Arena,Theme: Dreams / Nightmares,Theme: Robots","Industry / Manufacturing","End Game Bonuses,Worker Placement",6.6,"Not Rated",2.0,1,45,10,10,2,4,2,4,"3","2,3,4","5",8852,"excali8ur",Base Game,
150811,"Mega Man: The Board Game","https://cf.geekdo-images.com/3Lq7mCthf1UydbXfL42S4A__original/img/vmlaEmKUpa-M1zDFnOAh_2bVSRQ=/0x0/filters:format(jpeg)/pic1877422.jpg",2016,Unknown,"Eduardo Bromhbley,Thomas Kohler","Jason Hawronsky,Matt Whitaker","Thematic,Strategy Game","Components: Miniatures,Crowdfunding: Kickstarter,Misc: LongPack Games,Video Game Theme: Mega Man,Video Game Theme: Nintendo","Adventure,Card Game,Fighting,Miniatures,Movies / TV / Radio theme,Video Game Theme","Action Points,Deck, Bag, and Pool Building,Hand Management,Point to Point Movement,Team-Based Game,Variable Player Powers",5.1,"Not Rated",1.6,4,60 - 90,13,10,2,6,2,6,"2,3","2,3","0",30996,"excali8ur",Base Game,
237719,"Meine ersten Spiele: Wir räumen auf","https://cf.geekdo-images.com/T_bc75BcdsE3vqRhqzwJ9w__original/img/4nNI9ZfAwEXhxA5TwIzZBgRaOtI=/0x0/filters:format(jpeg)/pic3790839.jpg",2017,Unknown,"Sabine Kraushaar","Christiane Hüpper","","Series: My Very First Games (HABA),Theme: Rooms: Interiour Design, Home Decoration, Tidying","Animals,Children's Game,Educational","Cooperative Game",6.1,"Not Rated",1.0,1,5 - 10,2,2,1,3,1,3,"1,2","1,2,3","4",23018,"excali8ur",Base Game,
404431,"Men-Nefer","https://cf.geekdo-images.com/hMkpLfORIUsMe4dHuuHPyg__original/img/JsUocrjmr10HEIh-Ii97DCIYUIM=/0x0/filters:format(jpeg)/pic7984201.jpg",2024,Unknown,"Laura Bevon","Germán P. Millán","Strategy Game","Ancient: Egypt,Digital Implementations: TableTop Simulator Mod (TTS),Misc: LongPack Games,Players: Games with Solitaire Rules","Ancient,Civilization,Industry / Manufacturing","Income,Open Drafting,Set Collection,Track Movement,Worker Placement",8.2,"Not Rated",3.7,1,60 - 120,14,14,1,4,1,4,"3","1,2,3,4","0",486,"",Base Game,
244608,"Menara","https://cf.geekdo-images.com/qRwLtZZDhIT1wPD8qjCEUA__original/img/DWcprkKsOtSABH4zfsuD_LI26G0=/0x0/filters:format(jpeg)/pic3944407.jpg",2018,Unknown,"Sébastien Caiveau","Oliver Richtberg","Family Game","Mechanism: Tower Stacking,Players: Games with Solitaire Rules,Theme: Temple","Action / Dexterity,Fantasy","Cooperative Game,Physical Removal,Stacking and Balancing",7.4,"8.0",1.6,1,10 - 60,8,6,1,4,1,4,"2,3","1,2,3,4","0",868,"excali8ur",Base Game,
277700,"Merchants Cove","https://cf.geekdo-images.com/-JD8JLncWYMes9Q6YIgorg__original/img/HkR7hlj4qqYD1oUvKXeyCLKjsKE=/0x0/filters:format(jpeg)/pic6136538.jpg",2021,Unknown,"Mihajlo Dimitrievski","Jonny Pac,Carl Van Ostrand,Drake Villareal","Strategy Game","Components: 3-Dimensional (3D),Components: Marbles,Crowdfunding: Kickstarter,Digital Implementations: TableTop Simulator Mod (TTS),Game: Merchants Cove,Players: Games with expansions that change player count,Setting: The Five Realms","Economic,Fantasy,Nautical","Commodity Speculation,Dice Rolling,Rondel,Solo / Solitaire Game,Tile Placement,Turn Order: Time Track,Variable Player Powers,Worker Placement",7.4,"Not Rated",2.8,1,60 - 90,14,10,1,5,1,4,"3","1,2,3,4","24",987,"excali8ur",Base Game,
364640,"Merchants Cove: Master Craft","https://cf.geekdo-images.com/tnVfO2Nm9LcvTBffkL0Y1A__original/img/8YNlyLtURUuJqYoNcneDKATP4Qw=/0x0/filters:format(jpeg)/pic6913881.jpg",2025,Unknown,"Mihajlo Dimitrievski","Carl Van Ostrand,Drake Villareal","","Crowdfunding: Kickstarter,Game: Merchants Cove,Players: Expansions Changing Player Count,Setting: The Five Realms","Economic,Expansion for Base-game,Fantasy,Nautical","Action Retrieval,Deck, Bag, and Pool Building,Hexagon Grid,Layering,Rondel,Scenario / Mission / Campaign Game,Solo / Solitaire Game,Track Movement,Turn Order: Time Track",8.1,"Not Rated",3.2,1,60 - 90,14,14,1,5,1,5,"2","1,2,3","0",Unknown,"excali8ur",Expansion,
306040,"Merv: The Heart of the Silk Road","https://cf.geekdo-images.com/y6DEV5Qf6hyXpxRlafgOWw__original/img/9yTRhWdnV6l-EkLmmKZNlWa_DzE=/0x0/filters:format(jpeg)/pic5314414.jpg",2020,Unknown,"Ian O'Toole","Fabio Lopiano","Strategy Game","Animals: Camels,Cities: Baghdad (Iraq),Cities: Samarkand (Uzbekistan),Components: 5 x 5 Grids,Crowdfunding: Spieleschmiede,Players: Games with Solitaire Rules,Series: Euro Trilogy (Osprey Games),Theme: Silk Road","Arabian,City Building,Economic,Medieval","Auction: Turn Order Until Pass,Contracts,Modular Board,Ownership,Rondel,Set Collection,Solo / Solitaire Game,Square Grid,Track Movement,Turn Order: Auction,Variable Set-up",7.5,"Not Rated",3.4,1,90,14,14,1,4,1,4,"4","2,3,4","3",779,"excali8ur",Base Game,
347347,"Micro Cosmos","https://cf.geekdo-images.com/k2g0DCiRUcuuTEF5NhtzJA__original/img/YeKzlF2lt0LtM3N3sHJMrzfwcjs=/0x0/filters:format(jpeg)/pic6848508.jpg",2023,Unknown,"Jarosław Wajs","Michał Jagodziński,Kamil Langie","","Digital Implementations: Tabletopia,Players: Games with Solitaire Rules","Science Fiction,Space Exploration","Area Movement,Chaining,Hand Management,Movement Points,Pick-up and Deliver,Solo / Solitaire Game",7.2,"Not Rated",2.9,1,40 - 90,10,10,1,4,1,4,"1,3","1,2,3,4","4",7228,"excali8ur",Base Game,
133687,"MimiQ","https://cf.geekdo-images.com/VOgEUZALfv6-AQIypAPxMQ__original/img/6NlsQH-kRxl8XQZpLPb0PJzFop0=/0x0/filters:format(jpeg)/pic2310652.jpg",2011,Unknown,"(Uncredited)","Freddy Andersen,Kristian Dreinø","","","Children's Game","Acting,Set Collection",5.2,"Not Rated",1.0,Unknown,10,4,4,2,4,2,4,"4","3,4","1",29561,"excali8ur",Base Game,
412006,"Mimir's Challenge","https://cf.geekdo-images.com/Gjj4I55sEfMvuox9qEys_A__original/img/bIxQBiMLfu6L8804FSs0WmP-2_k=/0x0/filters:format(png)/pic9092389.png",2025,Unknown,"Nicholas Westgård","Jørgen Brunborg-Næss","","Admin: Upcoming Releases,Components: Player Screens,Containers: Hexagonal Boxes,Mythology: Norse","Mythology","Area Majority / Influence,End Game Bonuses,Hidden Victory Points,Modular Board,Secret Unit Deployment,Turn Order: Pass Order,Variable Set-up",7.1,"Not Rated",1.7,1,30 - 60,10,Unknown,2,4,2,4,"","3,4","0",Unknown,"",Base Game,
378851,"The Mind: Soulmates","https://cf.geekdo-images.com/KuUSKJDwy01HZfTdJTUqpg__original/img/AyoGntWaeE2MobstLCTW2HgeGr4=/0x0/filters:format(png)/pic7296951.png",2023,Unknown,"Oliver Freudenreich","Reinhard Staupe,Wolfgang Warsch","","","Card Game","Cooperative Game",6.8,"Not Rated",1.1,1,20,8,8,2,4,2,4,"3","2,3,4","1",7828,"excali8ur",Base Game,
425765,"Ministry of Lost Things: Case 1 – Lint Condition","https://cf.geekdo-images.com/i6p8XbWAcD974BUZJ4lg3Q__original/img/RrYQJLDDz3LPSswX45qOgk6Vxo4=/0x0/filters:format(jpeg)/pic8353361.jpg",2025,Unknown,"Nicole Gustafsson","Mark Larson,Rita Orlov,Chelsea Stark","","Category: Escape Room Games,Components: Digital Hybrid – App/Website Required,Crowdfunding: Kickstarter,Misc: Limited Replayability","Adventure,Deduction,Fantasy,Humor,Murder / Mystery,Puzzle","Cooperative Game,Deduction,Solo / Solitaire Game",7.9,"Not Rated",2.5,5,120 - 180,14,10,1,4,1,4,"1","1,2","0",5590,"",Base Game,
453357,"Ministry of Lost Things: Case 2 – Finders Keypers","https://cf.geekdo-images.com/OKeFr8p_GOnXKxORBH89XA__original/img/XV9RO71H3MM2gkKr_52aiaYKTjI=/0x0/filters:format(png)/pic9084126.png",2026,Unknown,"Nicole Gustafsson","Mark Larson,Rita Orlov,Chelsea Stark","","Admin: Upcoming Releases,Category: Escape Room Games","Adventure,Deduction,Fantasy,Humor,Murder / Mystery,Puzzle","Cooperative Game,Deduction,Solo / Solitaire Game",8.3,"Not Rated",2.3,Unknown,120 - 240,14,10,1,4,1,4,"","1,2","0",14360,"",Base Game,
414130,"Monster Nursery","https://cf.geekdo-images.com/emh9h57vfRk72TxHn-Y9sA__original/img/WFi7uyPleZsAeXgEBmXu00maAzE=/0x0/filters:format(jpeg)/pic9003779.jpg",2025,Unknown,"Ivan Escalante","Manuel Garza Lopez","","Admin: Better Description Needed!,Admin: Upcoming Releases,Creatures: Monsters","Action / Dexterity,Children's Game","Auction: Dexterity,Tile Placement",6.7,"Not Rated",1.0,Unknown,20 - 30,10,8,2,6,2,6,"4","2,3,4,5","0",Unknown,"",Base Game,
358386,"Moon","https://cf.geekdo-images.com/5S4mv0txfpPBtvttcOThUg__original/img/KlEPo8uJ7k6Z7_k9FPz96FNYRQ0=/0x0/filters:format(png)/pic6742326.png",2023,Unknown,"Haakon Gaarder","Haakon Gaarder","Strategy Game","Crowdfunding: Kickstarter,Digital Implementations: TableTop Simulator Mod (TTS),Digital Implementations: Tabletopia,Space: Colonization / Extraterrestrial Colonisation,Space: Earth's Moon","Science Fiction,Space Exploration","Closed Drafting,End Game Bonuses,Hand Management,Worker Placement",7.3,"Not Rated",2.5,3,45 - 90,10,10,1,5,1,5,"3","1,2,3,4","2",2404,"",Base Game,
377991,"Moon Bunny","https://cf.geekdo-images.com/hhgnMLbUkpiNFa3ClsmoYg__original/img/nB00ucdxPf_2WVbMF0HwnYwtYgY=/0x0/filters:format(jpeg)/pic8116772.jpg",2025,Unknown,"Serene Chan","Pauline Kong,Marie Wong","","Animals: Rabbits / Hares,Components: 6 x 6 Grids,Continents: Asia,Crowdfunding: Kickstarter,Misc: LongPack Games,Mythology: Chinese,Players: Games with Solitaire Rules,Space: Earth's Moon,Theme: Alchemy","Animals,Fantasy","Grid Movement,Set Collection,Solo / Solitaire Game,Tile Placement",7.3,"Not Rated",2.1,Unknown,30 - 60,14,12,1,4,1,4,"3","1,2,3,4","3",7959,"excali8ur",Base Game,
378001,"Moon River","https://cf.geekdo-images.com/A9B6_CiPQhI4-H6S4VVgKA__original/img/5UH3N6Irvf0A88Ugllu_4PTdDFM=/0x0/filters:format(png)/pic7600249.png",2023,Unknown,"Régis Torres","Bruno Cathala,Yohan Servais","Family Game","Admin: Better Description Needed!,Animals: Cattle / Cows,Components: Non-Traditional Dominoes,Digital Implementations: Board Game Arena,Game: Kingdomino,Misc: LongPack Games,Occupation: Farmer","American West,Territory Building","Open Drafting,Take That,Tile Placement,Turn Order: Claim Action",6.7,"Not Rated",2.0,1,45,8,8,2,4,2,4,"2","2,3,4","6",4280,"excali8ur",Base Game,
353401,"Moonlight Castle","https://cf.geekdo-images.com/DVyh7qIlDctR30CG_tmMIg__original/img/AyU3AVBMMSowYnhNEYit46xI6z8=/0x0/filters:format(png)/pic6580583.png",2021,Unknown,"Monica Pierazzi Mitri","Wilfried Fort,Marie Fort","Children's Game,Family Game","Components: 3-Dimensional (3D),Components: Gems/Crystals","Animals,Children's Game,Fantasy","Modular Board,Slide / Push,Worker Placement",7.0,"Not Rated",1.5,1,30,5,5,2,4,2,4,"3,4","2,3,4","2",11219,"excali8ur",Base Game,
390406,"The Morrison Game Factory","https://cf.geekdo-images.com/_g-uKFrnZQXDIU1uth_IfQ__original/img/WybtbONb-W9wkqd9P2Fjgxm9Rdo=/0x0/filters:format(jpeg)/pic7546840.jpg",2024,Unknown,"Steve Thomas","Lauren Bello","","Category: Escape Room Games,Crowdfunding: Kickstarter,Misc: Limited Replayability,Theme: Boardgaming","Adventure,Industry / Manufacturing,Murder / Mystery,Puzzle","Cooperative Game,Deduction,Solo / Solitaire Game,Storytelling",8.2,"Not Rated",2.2,4,100 - 240,14,10,1,4,1,4,"2","1,2,3","6",3396,"excali8ur",Base Game,
2679,"Mouse Trap","https://cf.geekdo-images.com/FOAtyHTLsx-YS_eeB6gi8Q__original/img/Bg3vVUuAPMGI35K9Ppx5qvJiHNs=/0x0/filters:format(jpeg)/pic8203815.jpg",1963,Unknown,"(Uncredited)","Gordon A. Barlow,Marvin Glass,Harvey ""Hank"" Kramer,Burt Meyer","Children's Game","Animals: Mice,Components: 3-Dimensional (3D),Components: Gears,Components: Marbles,Game: Mouse Trap,Misc: Dice Tower Hall of Fame,Series: World's Smallest (Super Impulse)","Action / Dexterity,Animals,Children's Game","Race,Roll / Spin and Move",4.1,"Not Rated",1.1,2,30,6,5,2,4,2,4,"3,4","2,3,4","5",31244,"excali8ur",Base Game,
72287,"Mr. Jack Pocket","https://cf.geekdo-images.com/nd44m6n6ykDCsHVt4wcEcQ__original/img/9GFcbKuPOzXXMli4QcQFTBJaKDU=/0x0/filters:format(jpeg)/pic1519530.jpg",2010,Unknown,"Jean-Marie Minguez","Bruno Cathala,Ludovic Maublanc","Strategy Game","Books: Sherlock Holmes,Cities: London (England, UK),Components: 3 x 3 Grids,Country: England,Digital Implementations: Apple App Store,Game: Mr. Jack,Historical Figures: Jack the Ripper,Players: Two-Player Only Games,Theme: Mystery / Crime","Bluffing,Deduction,Murder / Mystery,Post-Napoleonic","Hidden Movement,Map Deformation,Modular Board",6.8,"Not Rated",1.8,1,15,14,8,2,2,2,2,"2","2","2",1266,"excali8ur",Base Game,
12194,"Munchkin Bites!","https://cf.geekdo-images.com/p4_JH1WrhtbyWfi1iTTGQA__original/img/LzDDGdGqR3upoBtgYeuSMp0MXgA=/0x0/filters:format(jpeg)/pic49542.jpg",2004,Unknown,"John Kovalic,Domenico Neziti","Steve Jackson (I)","Thematic","Creatures: Vampires,Game: Munchkin","Card Game,Fighting,Horror,Humor","Dice Rolling,Trading,Variable Player Powers",6.0,"Not Rated",1.8,4,90,10,12,3,6,3,6,"4,5","3,4,5,6","1",6396,"excali8ur",Base Game,
18898,"Munchkin Bites! 2: Pants Macabre","https://cf.geekdo-images.com/SqnGqe9tYpC56qH7u510CA__original/img/p8TOQOGvDHuABEt-Tdnk7HvW5H4=/0x0/filters:format(jpeg)/pic96743.jpg",2005,Unknown,"John Kovalic","Steve Jackson (I)","","Creatures: Vampires,Game: Munchkin","Card Game,Expansion for Base-game,Fighting,Horror,Humor","Dice Rolling,Trading,Variable Player Powers",6.4,"Not Rated",2.1,4,90,10,12,3,6,3,6,"4,5","3,4,5,6","0",Unknown,"excali8ur",Expansion,
25071,"Munchkin Cthulhu","https://cf.geekdo-images.com/xFlGGfyoP4Pb-nYKxJTi7A__original/img/Wpa4WcLLng6qxx5zysK7ieQVGNk=/0x0/filters:format(jpeg)/pic162995.jpg",2007,Unknown,"Katie Cook,John Kovalic,François Launet,Gabby Ruenes","J. H. G. Hendriks,Steve Jackson (I)","Thematic","Game: Munchkin,Theme: Cthulhu Mythos","Card Game,Fighting,Horror,Humor","Dice Rolling,Trading,Variable Player Powers",6.2,"Not Rated",1.7,4,90,10,12,3,6,3,6,"4,5","3,4,5,6","0",4097,"excali8ur",Base Game,
22948,"Munchkin Impossible","https://cf.geekdo-images.com/ynjuYycb9fBRNDQbjmgySw__original/img/L3oBlC6RJlhwUZhqXzPIJlSJqHg=/0x0/filters:format(jpeg)/pic137335.jpg",2006,Unknown,"John Kovalic","Steve Jackson (I)","Thematic","Game: Munchkin","Card Game,Fighting,Humor,Spies / Secret Agents","Dice Rolling,Trading,Variable Player Powers",5.9,"Not Rated",1.8,4,60 - 120,10,10,3,6,3,6,"4,5","3,4,5,6","0",9424,"excali8ur",Base Game,
410580,"Muster: Raise the Banners","https://cf.geekdo-images.com/h1tP97mUTSF6SaCjg3appw__original/img/GYaR52RhHPJbudM0JtaBalsGDUY=/0x0/filters:format(jpeg)/pic8769787.jpg",2025,Unknown,"Pedro R. M. Andreo","Spencer Lloyd Thomas","","Card Games: Draw and Discard,Card Games: Lane Battler,Crowdfunding: Gamefound,Players: Two-Player Only Games","Card Game,Print & Play","Area Majority / Influence,Hand Management,Layering,Matching,Melding and Splaying,Move Through Deck",7.4,"Not Rated",1.3,1,10 - 20,8,5,2,2,2,2,"2","2","3",16620,"",Base Game,
328866,"My Father's Work","https://cf.geekdo-images.com/N0hCcxXw8d7vUjKfsYO6vg__original/img/P8-tSkeRO-e3SnNXh4Yq8d0JcWQ=/0x0/filters:format(png)/pic6121929.png",2022,Unknown,"Anh Le Art,Cold Castle Studios,Eric Hibbeler,Damien Mammoliti,Janos Orban","T. C. Petty III","Thematic","Components: Book as Board,Components: Digital Hybrid – App/Website Required,Components: Game Trayz Inside,Components: Miniatures,Crowdfunding: Kickstarter,Organizations: Game Designers of North Carolina,Theme: Mad Science / Mad Scientist","Fantasy,Horror","Events,Hand Management,Narrative Choice / Paragraph,Storytelling,Worker Placement,Worker Placement, Different Worker Types",7.8,"Not Rated",3.1,4,180,14,14,2,4,2,4,"","2,3","12",699,"excali8ur",Base Game,
269620,"My Very First Games: Off to Bed!","https://cf.geekdo-images.com/Z5pPT1N_jPmVh7GsnIx60A__original/img/x4sUAlZq7OYfP7vEWm6KMP288Vw=/0x0/filters:format(jpeg)/pic6068793.jpg",2019,Unknown,"Sabine Kraushaar","Kristin Dittmann","","Series: My Very First Games (HABA)","Children's Game","Matching,Memory,Storytelling",6.1,"Not Rated",2.0,1,10,2,2,1,3,1,3,"2","1,2,3","1",23899,"excali8ur",Base Game,
447570,"Mythologies","https://cf.geekdo-images.com/LmogQFHcVtMonS4OlYn7Zw__original/img/I5_d5oC-v1i2KiW6WSP0Z5nABSc=/0x0/filters:format(jpeg)/pic8916698.jpg",2026,Unknown,"Arthur Boccard","Maxime Babad,Mickaël ""Froh"" Garcin","","Admin: Upcoming Releases,Components: 3 x 3 Grids,Digital Implementations: Game Park,Digital Implementations: TableTop Simulator Mod (TTS),Mythology: Celtic,Mythology: Chinese,Mythology: Egyptian,Mythology: Greek,Mythology: Hindu,Mythology: Norse","Ancient,Civilization,Mythology,Religious","Layering,Open Drafting,Set Collection,Simultaneous Action Selection,Variable Set-up",7.2,"Not Rated",2.5,3,20 - 40,10,10,2,4,2,4,"4","2,3,4","0",10655,"",Base Game,
472460,"Nakasendo","https://cf.geekdo-images.com/Q6FFlFO5vg0YJ08PWEkV6g__original/img/rxxAIZzwKqrQynG09T_pMJ353L4=/0x0/filters:format(jpeg)/pic9627137.jpg",2026,Unknown,"Jorge Tabanera Redondo","Jorge Tabanera Redondo","","Admin: Upcoming Releases,Country: Japan,History: Edo Period","Territory Building,Travel","End Game Bonuses,Network and Route Building,Open Drafting,Pattern Building,Set Collection,Tile Placement,Variable Set-up",9.0,"Not Rated",0.0,Unknown,30 - 45,10,Unknown,2,4,2,4,"","","0",Unknown,"",Base Game,
275215,"Namiji","https://cf.geekdo-images.com/AW6IWjNVwOOLxVHepkQk1g__original/img/vrWnwd7-67YNTr4XFra222jO3Sk=/0x0/filters:format(jpeg)/pic4629265.jpg",2022,Unknown,"Xavier Gueniffey Durin","Antoine Bauza","Family Game","Theme: Fishing / Angling,Country: Japan,Crowdfunding: Kickstarter","Travel","Push Your Luck,Set Collection,Track Movement,Turn Order: Time Track,Variable Player Powers",7.1,"Not Rated",1.8,3,30 - 45,8,8,2,5,2,5,"4","2,3,4,5","4",2343,"excali8ur",Base Game,
167355,"Nemesis","https://cf.geekdo-images.com/4KSmlm59w0GwLIlgDnJDAQ__original/img/f0VmAKrPrMRQOUcOJHekRvuysDE=/0x0/filters:format(png)/pic8211747.png",2018,Unknown,"Piotr Foksowicz,Patryk Jędraszek,Ewa Labak,Andrzej Półtoranos","Adam Kwapiński","Thematic","Category: Dungeon Crawler,Components: Dice with Icons,Components: Miniatures,Components: Polyhedral (not D6) dice,Creatures: Aliens / Extraterrestrials,Crowdfunding: Kickstarter,Crowdfunding: Modian,Game: Nemesis,Misc: Eastar Game Manufacturing,Players: Games with Solitaire Rules","Adventure,Horror,Miniatures,Science Fiction","Action Points,Campaign / Battle Card Driven,Cooperative Game,Dice Rolling,Hand Management,Hidden Roles,Interrupts,Modular Board,Player Elimination,Scenario / Mission / Campaign Game,Semi-Cooperative Game,Solo / Solitaire Game,Team-Based Game,Traitor Game,Variable Player Powers",8.2,"Not Rated",3.5,3,90 - 180,12,14,1,5,1,5,"4,5","1,2,3,4,5","1",25,"excali8ur",Base Game,
300877,"New York Zoo","https://cf.geekdo-images.com/8vqr1uYik715mqDqy0W9vg__original/img/n_Q1WMkgDeNke6RdnagDS6j1lcc=/0x0/filters:format(jpeg)/pic5673404.jpg",2020,Unknown,"Felix Wermke","Uwe Rosenberg","Family Game","Animals: Birds,Animals: Elephants,Animals: Foxes,Animals: Kangaroos,Animals: Meerkat,Animals: Penguins,Category: Combinatorial,Components: Meeples (Animal) / Animeeples,Components: Polyominoes,Digital Implementations: Board Game Arena,Digital Implementations: Tabletopia,Theme: Zoos, Aquaria, Safari Parks","Abstract Strategy,Animals,Puzzle","Automatic Resource Growth,Grid Coverage,Modular Board,Race,Rondel,Tile Placement",7.0,"Not Rated",2.0,1,30 - 60,10,8,1,5,1,5,"3","1,2,3,4","3",939,"excali8ur",Base Game,
314589,"Night Parade of a Hundred Yokai","https://cf.geekdo-images.com/DeXCi8HU2htu4XmMsiDEVg__original/img/NI4zhogLDvzRzA1Dd2W81Kyl5AI=/0x0/filters:format(jpeg)/pic6985346.jpg",2021,Unknown,"Luís Brueh","Luís Brueh","Family Game","Components: Meeples (Animal) / Animeeples,Country: Japan,Creatures: Monsters,Crowdfunding: Kickstarter,Digital Implementations: Tabletopia,Mechanism: Tableau Building,Players: Games with Solitaire Rules,Theme: Temple","Fantasy,Mythology","Area Majority / Influence,Hidden Victory Points,Modular Board,Open Drafting,Solo / Solitaire Game,Variable Player Powers",7.3,"Not Rated",2.0,1,30 - 45,14,8,1,5,1,4,"3","2,3,4","6",4152,"excali8ur",Base Game,
374171,"Night Parade of a Hundred Yokai: Cursed Throne Expansion","https://cf.geekdo-images.com/dYtibLLqRJayAhxPvxBweA__original/img/4MO0dgx_bpkOvPwAdo1jV_Kq7eQ=/0x0/filters:format(png)/pic7161625.png",2023,Unknown,"Luís Brueh","Luís Brueh","","Country: Japan,Creatures: Monsters,Crowdfunding: Kickstarter,Digital Implementations: Tabletopia","Animals,Expansion for Base-game,Fantasy,Mythology","Area Majority / Influence,Deck, Bag, and Pool Building,Variable Player Powers",8.0,"Not Rated",2.2,Unknown,35 - 50,14,Unknown,1,4,1,4,"3","2,3,4","0",Unknown,"excali8ur",Expansion,
345008,"Night Parade of a Hundred Yokai: Kami Rising","https://cf.geekdo-images.com/CoulLQj7iRwaXoR_Z6uj2Q__original/img/ZN2zxqNjMLTQRXeP9SAR3yyofrg=/0x0/filters:format(jpeg)/pic6344184.jpg",2021,Unknown,"Luís Brueh","Luís Brueh","","Animals: Birds,Animals: Dogs,Country: Japan,Creatures: Monsters,Crowdfunding: Kickstarter","Expansion for Base-game,Fantasy,Mythology","",7.9,"Not Rated",2.0,Unknown,40 - 0,14,Unknown,1,5,1,5,"3","2,3,4,5","0",Unknown,"excali8ur",Expansion,
345007,"Night Parade of a Hundred Yokai: Moonlight Whispers","https://cf.geekdo-images.com/r2ej7hVhUNzgqS0i_6HyrQ__original/img/CbTroSkG671nTO-HYUXYjYQsnY8=/0x0/filters:format(jpeg)/pic6344185.jpg",2021,Unknown,"Luís Brueh","Luís Brueh","","Country: Japan,Creatures: Monsters,Crowdfunding: Kickstarter","Expansion for Base-game,Fantasy,Mythology","",7.9,"Not Rated",2.0,Unknown,40 - 0,14,Unknown,1,5,1,5,"","2,3,4,5","0",Unknown,"excali8ur",Expansion,
434367,"Nippon: Zaibatsu","https://cf.geekdo-images.com/bOs_Um4cUUOpKnypCMykJA__original/img/RE_9_-ioTp31Fq_r5GZ_XKVGwzw=/0x0/filters:format(png)/pic8844519.png",2026,Unknown,"Maya Kurkhuli","Nuno Bizarro Sentieiro,Paulo Soledade","Strategy Game","Components: Map (Continental / National scale),Country: Japan,Crowdfunding: Kickstarter,History: Industrial Revolution,Misc: GettingGames Tutorial Videos","Economic,Industry / Manufacturing","Area Majority / Influence,Contracts,End Game Bonuses,Income,Open Drafting,Solo / Solitaire Game,Variable Set-up,Worker Placement,Worker Placement, Different Worker Types",8.5,"Not Rated",3.6,1,60 - 120,12,14,1,4,1,4,"4","1,2,3,4","0",390,"",Base Game,
455490,"Octo&Roll","https://cf.geekdo-images.com/J0ZvBK2MTiYr2P3Zv6m5HA__original/img/esmlK2quOCV4mkug7SbbFXH0bUU=/0x0/filters:format(png)/pic9139369.png",2025,Unknown,"","Syou (しょう)","","Admin: Upcoming Releases","Dice","Paper-and-Pencil",8.0,"Not Rated",0.0,Unknown,15 - 20,8,Unknown,2,7,2,7,"","","0",Unknown,"",Base Game,
126168,"Oh no... INVASION!!!","https://cf.geekdo-images.com/W7n3v6HiVTkWI7kqyOwq3A__original/img/4ULBtYOZnaDZcyiUV6eYMfcK0k4=/0x0/filters:format(png)/pic1337930.png",2012,Unknown,"Joost Das","Joost Das","","","Card Game,Science Fiction","Cooperative Game,Set Collection",5.8,"Not Rated",1.8,1,30,12,8,3,5,3,5,"4","4,5","0",22913,"excali8ur",Base Game,
130060,"Ohne Furcht und Adel Sonderausgabe","https://cf.geekdo-images.com/rhz1MrWWvkPBTI_rsIoZJw__original/img/MIcjM3go2Xq2Iheu6QPRs36xoFg=/0x0/filters:format(jpeg)/pic1421173.jpg",2012,Unknown,"Cyrille Daujean,Julien Delval,Florence Magnin,Melanie Maier,Jean-Louis Mourier","Bruno Faidutti","Family Game","Game: Citadels","Bluffing,Card Game,City Building,Fantasy,Medieval","Open Drafting,Variable Phase Order,Variable Player Powers",7.0,"Not Rated",2.4,3,60,10,10,2,7,2,7,"","3,4,5,6","1",2568,"",Base Game,
416000,"Ojo, Mano, Pata, ¡Monstruos!","https://cf.geekdo-images.com/ya-cV2_dagSJA3i_it08dw__original/img/X9OqjOAlXt44MycvberBw_eUdXM=/0x0/filters:format(jpeg)/pic8308424.jpg",2024,Unknown,"","Lorena Gestido","","","Card Game,Children's Game,Educational","Pattern Recognition,Speed Matching",7.0,"Not Rated",0.0,Unknown,15,5,4,2,4,2,4,"","","0",Unknown,"",Base Game,
313807,"Oros","https://cf.geekdo-images.com/VTOAey9BsFvxUs3I1VlGIQ__original/img/yCNBnWRPJEAIuDPEcXXQd_-EbrA=/0x0/filters:format(jpeg)/pic7070031.jpg",2023,Unknown,"Brandt Brinkerhoff","Brandt Brinkerhoff","Strategy Game","Category: Combinatorial,Crowdfunding: Kickstarter,Digital Implementations: Tabletopia","Abstract Strategy,Mythology,Prehistoric,Puzzle","Grid Movement,Square Grid,Tile Placement,Worker Placement",7.2,"Not Rated",3.3,2,60 - 120,14,12,1,4,1,4,"3","3,4","1",2446,"",Base Game,
23953,"Outside the Scope of BGG","https://cf.geekdo-images.com/mWd3fATtGyOieHNJH8oOfQ__original/img/d1HR1xmASgYCwNb2J3wNBRPhLbo=/0x0/filters:format(jpeg)/pic193671.jpg",0,Unknown,"(Uncredited)","(Uncredited)","Family Game","Admin: Miscellaneous Placeholder,Admin: Outside the Scope of BGG","","",6.6,"Not Rated",1.7,1,0,Unknown,2,0,0,0,0,"","","9",5439,"excali8ur",Base Game,
230200,"Overbooked","https://cf.geekdo-images.com/aVrCF7VkOnQUs75kMPqG-Q__original/img/CM0uL0b0JoH_CWR2-UDorxdR4OE=/0x0/filters:format(png)/pic4338733.png",2018,Unknown,"Gyom,Roman Kucharski,Sandy Solihin","Daryl Chow","Family Game","Card Games: Matching,Misc: LongPack Games,Mythology: Chinese","Aviation / Flight,Puzzle,Transportation","Open Drafting,Pattern Building,Pattern Recognition,Simulation",7.0,"Not Rated",2.0,1,20 - 40,8,8,1,4,1,4,"3","1,2,3,4","0",2936,"excali8ur",Base Game,
417323,"Panda Spin","https://cf.geekdo-images.com/-s_z7CrUOywLKfc-2OznRg__original/img/jg0U8cCRyH-VzRggrm_AU-32e0g=/0x0/filters:format(jpeg)/pic8170512.jpg",2024,Unknown,"CMYM,Wenjue Zhuang","Carl Chudyk","Strategy Game,Family Game","Animals: Pandas,Card Games: Climbing,Card Games: Shedding / Stops,Digital Implementations: Board Game Arena","Animals,Card Game","Hand Management,Ladder Climbing,Melding and Splaying,Set Collection",7.1,"Not Rated",2.0,1,25 - 40,14,12,2,5,2,5,"4","3,4,5","0",2223,"",Base Game,
209688,"Papertown","https://cf.geekdo-images.com/XgPzqiPTGvXYKsWsCtCGIA__original/img/jKY8CK4vzIlBk5aLv5e3pE9xg7c=/0x0/filters:format(jpeg)/pic7695313.jpg",2021,Unknown,"Rafa Miqueleto","Rodrigo Rego","","Theme: City","Abstract Strategy,City Building","Pattern Building,Tile Placement",6.8,"Not Rated",1.8,1,15 - 30,10,Unknown,1,4,1,4,"2","2,3,4","2",15337,"excali8ur",Base Game,
437168,"Paradox Island","https://cf.geekdo-images.com/3h7zVjyDu1dgnqwilHjsBA__original/img/0MX2fuHUNZQBEKS-2qqVxoQAGRs=/0x0/filters:format(jpeg)/pic8650117.jpg",2025,Unknown,"Evgeny Zubkov","Stepan Opalev","","Admin: Upcoming Releases,Mechanism: Hidden Movement,Players: One versus Many","Adventure,Deduction,Exploration","Area Movement,Deduction,Drawing,Events,Hexagon Grid,Hidden Movement,Modular Board,Race,Variable Player Powers,Variable Set-up",7.2,"Not Rated",2.7,Unknown,60 - 90,10,10,2,4,2,4,"4","3,4","0",10809,"",Base Game,
365119,"Party Panda Pirates","https://cf.geekdo-images.com/Qwh8s6nWxmUhVUBklYSZ6A__original/img/jHPa0SDjyK7nGXrh7H9LVFRa7Kc=/0x0/filters:format(jpeg)/pic7882358.jpg",2024,Unknown,"Ivan Escalante,Francisco Rammírez","Adrian Alamo Borja,Gabriel González ""Gabo"",Pepe Macba,Victor Valdés,Juan Pablo Villaseñor ""Oso""","","Animals: Pandas,Components: 3-Dimensional (3D),Crowdfunding: Kickstarter,Mechanism: Finger Flicking Games,Misc: Made by Panda,Series: Creature Kingdoms (Detestable Games),Theme: Pirates","Action / Dexterity,Animals,Dice,Miniatures,Party Game,Video Game Theme","Dice Rolling,Flicking,Impulse Movement,Predictive Bid,Slide / Push",7.5,"Not Rated",1.2,2,30 - 45,8,6,2,6,2,6,"4","3,4,5,6","0",5505,"",Base Game,
462440,"Pasteles","https://cf.geekdo-images.com/q3DT6m184pjY_vWSdb8UZw__original/img/b_hnLtaESWtG0S77cBUIkPfxI0A=/0x0/filters:format(jpeg)/pic9340480.jpg",2026,Unknown,"Jorge Tabanera Redondo","Scott Almes","","Admin: Upcoming Releases,Components: Book as Board,Components: Polyominoes,Crowdfunding: Gamefound,Players: Games with Solitaire Rules,Players: Solitaire Only Games,Theme: Food / Cooking","Economic,Puzzle","Grid Coverage,Income,Solo / Solitaire Game,Tile Placement",7.1,"Not Rated",0.0,Unknown,30,10,Unknown,1,1,1,1,"","","0",Unknown,"",Base Game,
353572,"Pest","https://cf.geekdo-images.com/xaNcZAEJe1NSckE927dSbQ__original/img/iUvCKJjfzNpBhdVHla7X96Svv90=/0x0/filters:format(png)/pic9704096.png",2024,Unknown,"Daniel Cunha,Sara Stanoeska","Thomas Nielsen,Kai Starck","Strategy Game","Components: Control Boards,Crowdfunding: Kickstarter,Players: Games with Solitaire Rules,Theme: Plague Epidemic","Civilization,Medical,Medieval","Action Points,Area Majority / Influence,Area Movement,End Game Bonuses,Events,Modular Board,Variable Player Powers,Variable Set-up,Worker Placement",7.3,"Not Rated",3.3,3,60 - 150,13,14,1,5,1,5,"3","1,2,3,4","1",3899,"excali8ur",Base Game,
61470,"Phase 10 Master","https://cf.geekdo-images.com/J9atmtTBGrxMd6QBx-2F7A__original/img/-AaKgvWnJnd78T8EmzpOHCcwt2w=/0x0/filters:format(jpeg)/pic698051.jpg",2008,Unknown,"","Susanne Armbruster","Family Game","Game: Phase 10,Series: Kartenspiele (Ravensburger)","Card Game,Number","Hand Management,Set Collection",5.6,"Not Rated",1.3,1,60,10,8,2,6,2,6,"3,4","2,3,4,5,6","1",25738,"excali8ur",Base Game,
263236,"Philosophy","https://cf.geekdo-images.com/RdfDz0XYAofA-OCmbPUkWA__original/img/zcRQoBTYqlZ4rBd-SREQsg15fWY=/0x0/filters:format(jpeg)/pic7790314.jpg",2023,Unknown,"Natalie Dombois","Galen Goodwick","Abstract Game","Category: Combinatorial,Category: n in a row,Components: 9 x 9 Grids,Crowdfunding: Gamefound,Misc: Made by Panda,Players: Two-Player Only Games","Abstract Strategy","Square Grid,Tile Placement",7.2,"Not Rated",2.2,1,5 - 30,10,8,2,2,2,2,"2","2","3",10761,"excali8ur",Base Game,
381826,"Pick a Pen: Reefs","https://cf.geekdo-images.com/vxS53P3iq7URKfnVDAF5tQ__original/img/tFzi_mgf2W0JfGchEAsYDTU57sw=/0x0/filters:format(jpeg)/pic8159861.jpg",2023,Unknown,"Marlies Barends","Reiner Knizia","Family Game","Mechanism: Roll-and-Write,Series: Pick a Pen","Exploration,Nautical,Puzzle","Drawing,Line Drawing,Paper-and-Pencil",6.4,"Not Rated",1.4,1,30,8,8,2,4,2,4,"3","1,2,3,4","3",11414,"excali8ur",Base Game,
391549,"Pillars of Heracles","https://cf.geekdo-images.com/NZGlbyH3lFwz3_VH44uNug__original/img/wzOB8pcNfXQKhVWhmkpld9ddwQM=/0x0/filters:format(jpeg)/pic7720844.jpg",2025,Unknown,"Szabó Dávid","Tamás Oláh","","Ancient: Greece,Characters: Hercules,Country: Greece,Crowdfunding: Kickstarter,Misc: LongPack Games,Players: Games with Solitaire Rules","City Building,Civilization","Area Majority / Influence,Area Movement,Deck, Bag, and Pool Building,Rondel,Solo / Solitaire Game,Variable Player Powers",7.5,"Not Rated",3.9,4,90 - 120,14,14,1,4,1,4,"3","2,3,4","0",6857,"",Base Game,
469369,"Pioneers of Pagonia: The Board Game","https://cf.geekdo-images.com/ReqpU09skYplW8TEZLTKXQ__original/img/_AzMidzdg98zBoJWke6IAhwRvbw=/0x0/filters:format(png)/pic9542091.png",2028,Unknown,"(Uncredited)","Michael Keller (II),Markus Lehmann","","Admin: Better Description Needed!,Admin: Upcoming Releases,Crowdfunding: Gamefound,Digital Implementations: TableTop Simulator Mod (TTS),Mechanism: Tableau Building,Misc: LongPack Games,Players: Games with Solitaire Rules","Card Game,City Building,Economic,Exploration,Video Game Theme","Deck, Bag, and Pool Building,End Game Bonuses,Events,Hand Management,Hexagon Grid,Hidden Victory Points,Race,Set Collection,Solo / Solitaire Game,Tech Trees / Tech Tracks,Tile Placement,Track Movement,Variable Player Powers,Variable Set-up",9.3,"Not Rated",3.7,Unknown,90 - 180,14,Unknown,1,4,1,4,"","","0",Unknown,"",Base Game,
438119,"Please Don't Burn My Village!","https://cf.geekdo-images.com/jW6SFTUKTDNAiMlXJ9R60A__original/img/yiqi6onfvXVWqW8T4snREOabot0=/0x0/filters:format(jpeg)/pic8677734.jpg",2025,Unknown,"Tad Lambert","Simon Weinberg","","Creatures: Dragons,Digital Implementations: Board Game Arena","Card Game,Economic,Fantasy,Medieval","Commodity Speculation,Market,Push Your Luck",6.4,"Not Rated",1.5,1,20 - 30,10,8,2,5,2,5,"3,4","2,3,4,5","6",8435,"excali8ur",Base Game,
180974,"Potion Explosion","https://cf.geekdo-images.com/vwjYMFporFhvAU48k73MIw__original/img/6sAfG89R42SJRv2wjiItRTMmcoQ=/0x0/filters:format(jpeg)/pic7298696.jpg",2015,Unknown,"Giulia Ghigini","Stefano Castelli,Andrea Crespi,Lorenzo Silva","Family Game","Components: Drop Tower,Components: Marbles,Digital Implementations: Board Game Arena,Digital Implementations: Google Play,Digital Implementations: Steam,Game: Potion Explosion,Misc: DIZED Tutorial,Players: Games with expansions that change player count,Theme: Alchemy,Theme: Wizards","Fantasy,Puzzle","Contracts,Open Drafting,Pattern Recognition,Physical Removal,Set Collection,Take That,Variable Set-up",7.1,"Not Rated",1.8,1,30 - 45,8,8,2,6,2,4,"3","2,3,4","3",603,"excali8ur",Base Game,
257729,"Potion Explosion: The 6th Student","https://cf.geekdo-images.com/_nR-NCdUMBRpGf4xOgUHYA__original/img/5-4xEv7k2WLoAQRo3Mc1CTrpLPg=/0x0/filters:format(jpeg)/pic4253868.jpg",2019,Unknown,"Giulia Ghigini","Stefano Castelli,Andrea Crespi,Lorenzo Silva","","Digital Implementations: Board Game Arena,Game: Potion Explosion,Players: Expansions Changing Player Count,Theme: Wizards","Expansion for Base-game","Pattern Recognition,Set Collection,Take That",7.5,"Not Rated",2.1,Unknown,30 - 45,8,14,2,6,2,6,"","4,5","0",Unknown,"excali8ur",Expansion,
203542,"Potion Explosion: The Fifth Ingredient","https://cf.geekdo-images.com/HNY4dGRmFxa9bBAkwXFiQQ__original/img/av0139d8SrY1gjWazlczwTP0t18=/0x0/filters:format(png)/pic3387514.png",2017,Unknown,"Giulia Ghigini","Stefano Castelli,Andrea Crespi,Lorenzo Silva","Family Game","Digital Implementations: Board Game Arena,Game: Potion Explosion,Theme: Wizards","Expansion for Base-game,Fantasy,Puzzle","Pattern Recognition,Set Collection,Take That",7.5,"Not Rated",1.9,1,30 - 60,8,8,2,4,2,4,"2","2,3,4","0",Unknown,"excali8ur",Expansion,
341974,"Power Plants","https://cf.geekdo-images.com/6sYHx4FX1dlek7yehSBBVA__original/img/fDrbrrBNw9LuyCwcrRpc1nOjCDs=/0x0/filters:format(jpeg)/pic6432453.jpg",2022,Unknown,"Apolline Etienne","Adam E. Daulton","Abstract Game","Components: Hexagonal Tiles,Players: Games with Solitaire Rules,Theme: Gardening,Theme: Wizards","Fantasy,Puzzle,Territory Building","Area Majority / Influence,Solo / Solitaire Game,Tile Placement,Variable Set-up",7.1,"Not Rated",2.5,2,30,8,10,1,5,1,5,"","1,2,3,4","13",2954,"excali8ur",Base Game,
259069,"Punto","https://cf.geekdo-images.com/rdiSqN0X8kiawUSe1CqZUw__original/img/uk7NpAHq2-cz6iQyo5Mpkbi-DYE=/0x0/filters:format(png)/pic5727017.png",2018,Unknown,"","Bernhard Weber","Abstract Game","Admin: Better Description Needed!,Series: Game Factory Metal Box,Series: Mini Tins (Game Factory)","Abstract Strategy","Pattern Building,Team-Based Game,Tile Placement",6.6,"Not Rated",1.1,1,20,7,8,2,4,2,4,"4","2,3,4","10",4754,"excali8ur",Base Game,
422690,"Pusheen: The Stacking Game!","https://cf.geekdo-images.com/snvXpfYrq85prZdtkD_MnA__original/img/srZq4DxgywejsVuKQRhrwbtIooM=/0x0/filters:format(jpeg)/pic8260961.jpg",2024,Unknown,"","Caezar Al-Jassar,Simon Milburn","","Animals: Cats,Components: Polyominoes,Mechanism: Tower Stacking,Versions & Editions: Versions with IP after the original release","Action / Dexterity,Animals","Pattern Building,Pattern Recognition,Real-Time,Stacking and Balancing",5.5,"Not Rated",1.0,Unknown,3 - 15,6,3,2,8,2,8,"","","0",27357,"",Base Game,
456236,"Queen Alice","https://cf.geekdo-images.com/PibSbnnxUse0XwP57AbAfQ__original/img/p8UW2rgUr1XpNWMyMAbdM93KQBg=/0x0/filters:format(jpeg)/pic9160910.jpg",2026,Unknown,"Amelia Sales","Héctor Carrión Benavent,David Heras Pino","","Admin: Upcoming Releases,Books: Alice in Wonderland,Crowdfunding: Gamefound","Novel-based","Deck, Bag, and Pool Building,End Game Bonuses,Hand Management,Multi-Use Cards,Track Movement",8.5,"Not Rated",3.9,1,30 - 120,14,Unknown,1,4,1,4,"3","2,3,4","0",11332,"",Base Game,
388539,"Quibbles","https://cf.geekdo-images.com/ouF2qQyb7X-AR4sJjn_HSg__original/img/-q3PBHsLvYBu0ln67-k6WRHE_sk=/0x0/filters:format(png)/pic7620068.png",2023,Unknown,"Roland MacDonald,Andrew Serbu","Michiel de Wit","","Card Games: Adding,Card Games: Fishing,Creatures: Aliens / Extraterrestrials,Digital Implementations: Board Game Arena,Digital Implementations: Yucata,Mechanism: Card Line","Card Game,Educational,Math,Number,Print & Play","Hand Management,Open Drafting,Race,Set Collection",5.9,"8.0",1.3,1,10 - 25,8,8,1,6,1,6,"2","2,3","3",16748,"excali8ur",Base Game,
358912,"Raas: A Dance of Love","https://cf.geekdo-images.com/ONIIf2UJBP81P2yegiAYCw__original/img/hbn4z1r2C56d8-26fquTnKuQ8HM=/0x0/filters:format(png)/pic9148239.png",2026,Unknown,"Tara Anand","Mihir Shah,Shaleen Harlalka","","Admin: Upcoming Releases,Components: Gears,Series: Dice Tower Essentials,Sports: Dancing","Dice,Music,Puzzle","Action Queue,Area Majority / Influence,Chaining,Connections,Different Dice Movement,End Game Bonuses,Matching,Modular Board,Rondel,Set Collection,Simultaneous Action Selection,Track Movement,Variable Player Powers,Variable Set-up",7.6,"Not Rated",2.5,Unknown,30 - 90,14,Unknown,1,6,1,6,"","2,3","0",7349,"",Base Game,
306882,"Railroad Ink Challenge: Shining Yellow Edition","https://cf.geekdo-images.com/yE1xMCPzckKh9V9CStNFEw__original/img/cpsGDBjzoKWhE8u5SojuSYafNmg=/0x0/filters:format(jpeg)/pic5350626.jpg",2021,Unknown,"Marta Tranquilli","Hjalmar Hach,Lorenzo Silva","Family Game","Components: 7 x 7 Grids,Components: Dice with Icons,Components: Dry Erase Markers / Dry Erase Surfaces,Crowdfunding: Kickstarter,Digital Implementations: Tabletopia,Game: Railroad Ink,Mechanism: Roll-and-Write,Players: Games with expansions that change player count,Players: Games with Solitaire Rules,Theme: Cacti and Succulents,Theme: Deserts","Dice,Trains","Bingo,Connections,Dice Rolling,Line Drawing,Network and Route Building,Paper-and-Pencil,Simultaneous Action Selection,Solo / Solitaire Game",7.4,"Not Rated",2.0,1,15 - 30,8,8,1,4,1,4,"2","1,2,3,4","1",1589,"",Base Game,
418062,"Railroad Tiles","https://cf.geekdo-images.com/yTbY__1knIb6nnekvUHGkw__original/img/pgU3b1X5P-SmmcMKfOw2SymLeQ4=/0x0/filters:format(png)/pic8296003.png",2025,Unknown,"Francesco De Benedittis,Marta Tranquilli","Hjalmar Hach,Lorenzo Silva","Family Game","Crowdfunding: Kickstarter,Digital Implementations: Tabletopia,Game: Railroad Ink,Versions & Editions: Card Versions of Non-Card Games","Trains,Transportation","Connections,Map Addition,Pattern Building,Tile Placement,Turn Order: Claim Action",7.5,"Not Rated",1.8,1,30,8,8,1,4,1,4,"3","1,2,3,4","0",1722,"",Base Game,
462541,"Raindrops","https://cf.geekdo-images.com/FWNxFW48cNR61VQGYC2new__original/img/lmgT0KlwC8cUq4Zm7T2Dk0cE92M=/0x0/filters:format(png)/pic9341405.png",2026,Unknown,"Andrea Guerrieri","Fernando Cunha","","Admin: Upcoming Releases,Misc: LongPack Games,Theme: Nature","Abstract Strategy,Puzzle","End Game Bonuses,Pattern Recognition,Set Collection",7.7,"Not Rated",0.0,Unknown,45,10,Unknown,2,4,2,4,"","","0",Unknown,"",Base Game,
292507,"Ramen Ink","https://cf.geekdo-images.com/dsfxNtvt4NNlrt3mB-JWhQ__original/img/XoHy9Lvq3ZVT1s2dKom5h31WKU4=/0x0/filters:format(png)/pic5180073.png",2020,Unknown,"Markus Erdt","Daryl Chow","","Food & Drink: Ramen,Mechanism: Flip-and-Write,Mechanism: Roll-and-Write","Card Game","Paper-and-Pencil",6.2,"Not Rated",1.7,Unknown,15 - 20,8,8,2,5,2,5,"","2,3,4,5","11",14570,"excali8ur",Base Game,
417197,"Rebirth","https://cf.geekdo-images.com/tyv6lPMlyU7YIUztlILQYQ__original/img/KUY_vKJZenJVl0cv05Qkt-Gx-ao=/0x0/filters:format(png)/pic8587890.png",2024,Unknown,"Anna ""Mikado"" Przybylska,Vesna ""vesner"" Redesiuk","Reiner Knizia","Strategy Game,Family Game","Components: Map (Continental / National scale),Components: RE-Wood,Country: Ireland,Country: Scotland,Crowdfunding: Kickstarter,Crowdfunding: Xinwuji,Misc: Watch It Played How To Videos,Theme: Environmental Protection / Degradation / Pollution,Theme: Nature","Environmental,Fantasy,Farming,Science Fiction","Area Majority / Influence,Contracts,End Game Bonuses,Hexagon Grid,Tile Placement",7.8,"Not Rated",2.0,3,45 - 60,10,8,2,4,2,4,"3","2,3,4","2",321,"excali8ur",Base Game,
287589,"Red Outpost","https://cf.geekdo-images.com/GLpO-OU-PH7aqKCR7CnJ_w__original/img/065ll5OGbLSZVdZK-Z9lw17W-Y0=/0x0/filters:format(jpeg)/pic5065659.jpg",2019,Unknown,"Irina Pechenkina,Maxim Suleimanov","Raman Hryhoryk","Strategy Game","Country: Soviet Union,Crowdfunding: Kickstarter,Digital Implementations: Tabletopia,Players: Games with Solitaire Rules,Space: Colonization / Extraterrestrial Colonisation,Theme: Alternate History","Farming,Industry / Manufacturing,Science Fiction","Area Majority / Influence,Worker Placement",6.9,"Not Rated",2.5,1,30 - 60,10,10,1,4,1,4,"3","2,3,4","3",2439,"excali8ur",Base Game,
359962,"Redwood","https://cf.geekdo-images.com/QSc9LqKsOY15owVLRTwbFQ__original/img/6VmNHLbjWYTd_LW-HnUzgfFTMCI=/0x0/filters:format(png)/pic6958797.png",2023,Unknown,"Edu Valls","Christophe Raimbault","Family Game","Crowdfunding: Kickstarter,Theme: Nature,Theme: Photography","Animals,Environmental,Exploration","Line of Sight,Movement Template,Set Collection,Solo / Solitaire Game",7.2,"Not Rated",2.2,1,45 - 60,10,8,1,4,1,4,"3","2,3,4","4",3268,"excali8ur",Base Game,
192984,"Revenge of the Dictators","https://cf.geekdo-images.com/ZAoCZy3IjJ0FMgc3F-iqTQ__original/img/j5UOzQxNETjdlexXDasUOk0PlZc=/0x0/filters:format(jpeg)/pic3137232.jpg",2016,Unknown,"Frederick van de Bunt","Bas Damoiseaux,Bart Latten,Alina Manzhelevska","","Crowdfunding: Kickstarter","Humor","Dice Rolling,Hand Management,Point to Point Movement,Variable Player Powers",6.0,"Not Rated",2.2,4,45 - 105,13,12,2,5,2,5,"3,4","3,4,5","0",21779,"",Base Game,
262114,"Rival Restaurants","https://cf.geekdo-images.com/yb9s6hjEiW0coDBuVksctQ__original/img/zZ-GX5ocM7Rf0T8grqopM8pXB0c=/0x0/filters:format(png)/pic5139339.png",2019,Unknown,"Audrey Jung","Gary Alaka,Rob Chew,Jon Kang","Family Game","Crowdfunding: Kickstarter,Digital Implementations: Tabletopia,Theme: Food / Cooking,Theme: Restaurant/Café","Party Game","Auction / Bidding,Contracts,Negotiation,Real-Time,Set Collection,Simultaneous Action Selection,Trading,Variable Player Powers",7.5,"Not Rated",2.2,2,45 - 60,10,10,2,6,2,6,"4,5","3,4,5,6","3",2232,"excali8ur",Base Game,
399941,"River of Gold","https://cf.geekdo-images.com/ysqfvJ1HckeCUTIyTMubWQ__original/img/VNiDkGDA9mEdFmWPCoH7lUBnG8E=/0x0/filters:format(jpeg)/pic7697889.jpg",2024,Unknown,"Francesca Baerald","Keith Piggott","Strategy Game","Components:  Meeples,Components: Wooden pieces & boards,Country: Japan,Digital Implementations: Board Game Arena,Misc: GettingGames Tutorial Videos,Setting: Legend of the Five Rings,Theme: Samurai","Economic,Fantasy,Travel","Area Majority / Influence,Contracts,Dice Rolling,Die Icon Resolution,End Game Bonuses,Market,Multi-Use Cards,Open Drafting,Ownership,Roll / Spin and Move,Set Collection,Track Movement",7.6,"Not Rated",2.5,2,60 - 90,14,12,2,4,2,4,"3","2,3,4","1",713,"",Base Game,
304668,"Robot Quest Arena","https://cf.geekdo-images.com/th2mTX86BDEVlNfRKTQYCQ__original/img/aWRfwOeoSVlapTqOZNKkxHXRhuc=/0x0/filters:format(jpeg)/pic6189697.jpg",2023,Unknown,"James McDonald,Mike Wilcox","Robert Dougherty,CJ Moynihan,Paul Waite","","Components: 7 x 7 Grids,Components: Miniatures,Crowdfunding: Kickstarter,Theme: Robots","Fighting,Humor,Miniatures","Deck, Bag, and Pool Building,Grid Movement,Hand Management,King of the Hill,Line of Sight,Open Drafting,Resource to Move,Slide / Push,Square Grid,Take That,Variable Player Powers,Variable Set-up",7.6,"Not Rated",2.2,4,30 - 60,12,8,2,4,2,4,"4","2,3,4","3",1717,"excali8ur",Base Game,
369987,"Roll Camera!: Super Hero Story Pack","https://cf.geekdo-images.com/vnR9xZARw04qSU6PHJpNTg__original/img/uG4FuqXsS23ud57OZQfp7yGDBio=/0x0/filters:format(png)/pic7050555.png",2022,Unknown,"Malachi Ray Rempen","Malachi Ray Rempen","","Game: Roll Camera!,Theme: Superheroes","Expansion for Base-game,Card Game,Comic Book / Strip,Humor,Movies / TV / Radio theme","",7.8,"Not Rated",2.0,Unknown,45 - 90,10,Unknown,1,4,1,4,"3,4","2,3,4","0",Unknown,"excali8ur",Expansion,
344735,"Roll Camera!: The B-Movie Expansion","https://cf.geekdo-images.com/6G7YOYpAqMqmrEJrSfLaKQ__original/img/eAyQ_DO-zW158gWbgWnstYhh3UQ=/0x0/filters:format(jpeg)/pic6336320.jpg",2022,Unknown,"Malachi Ray Rempen","Malachi Ray Rempen,Velgus","","Crowdfunding: Kickstarter,Game: Roll Camera!,Theme: Retro","Expansion for Base-game,Dice,Movies / TV / Radio theme","Communication Limits,Open Drafting",7.9,"Not Rated",2.0,4,45 - 90,10,6,1,6,1,6,"2,3,4","1,2,3,4","0",Unknown,"excali8ur",Expansion,
298102,"Roll Camera!: The Filmmaking Board Game","https://cf.geekdo-images.com/tNLI2NzsOtBKOIMCfS0zEA__original/img/i9vHmhiv3riF-WFMmT3-0h_mb0I=/0x0/filters:format(png)/pic5255217.png",2021,Unknown,"Malachi Ray Rempen","Malachi Ray Rempen","Thematic","Components: Game Trayz Inside,Containers: Unique Shape,Crowdfunding: Kickstarter,Crowdfunding: Spieleschmiede,Digital Implementations: Tabletopia,Game: Roll Camera!,Misc: Self-Referential Games,Theme: Movie Industry","Dice,Humor,Movies / TV / Radio theme,Puzzle","Communication Limits,Cooperative Game,Dice Rolling,End Game Bonuses,Events,Open Drafting,Pattern Building,Set Collection,Simulation,Solo / Solitaire Game,Square Grid,Variable Player Powers,Variable Set-up,Victory Points as a Resource,Worker Placement with Dice Workers",7.4,"Not Rated",2.2,4,45 - 90,11,10,1,6,1,6,"3","1,2,3,4","0",1406,"excali8ur",Base Game,
331820,"Rolling Heights","https://cf.geekdo-images.com/Ko4dCJkyNFD8u1W5SCDEZw__original/img/vOd9Cl56_-8I_Hw7AlqBS1mrpks=/0x0/filters:format(png)/pic5992107.png",2023,Unknown,"Kwanchai Moriya","John D. Clair","Strategy Game","Components: 3-Dimensional (3D),Crowdfunding: Kickstarter,Decades: The 1920's,Interwar period (Nov. 1918 - Aug. 1939)","City Building,Dice,Industry / Manufacturing","Area Majority / Influence,Deck, Bag, and Pool Building,Dice Rolling,End Game Bonuses,Push Your Luck,Random Production,Solo / Solitaire Game,Tile Placement",7.5,"Not Rated",2.5,3,45 - 60,14,10,1,4,1,4,"2,3","1,2,3","4",1447,"excali8ur",Base Game,
307365,"Rolling Seas","https://cf.geekdo-images.com/zlXN8K9KK-RtMLzGV3CmKQ__original/img/H203yCJqIySq2J9w9qEthe5Afl0=/0x0/filters:format(jpeg)/pic8779765.jpg",2019,Unknown,"Lise Flety","George Jaros","","Category: Print-on-Demand,Crowdfunding: Game Crafter Crowd Sale,Crowdfunding: Kickstarter,Mechanism: Roll-and-Write,Players: Games with Solitaire Rules,Theme: Pirates","Adventure,Dice,Exploration,Fantasy,Nautical,Pirates","Dice Rolling,Events,Map Addition,Movement Points,Multiple Maps,Network and Route Building,Paper-and-Pencil,Simultaneous Action Selection,Solo / Solitaire Game,Square Grid",7.4,"Not Rated",3.0,Unknown,30 - 60,10,Unknown,1,6,1,6,"1","1","0",19184,"",Base Game,
274432,"Rule the Realm","https://cf.geekdo-images.com/oVny695NXwcIbWPHU1yeyw__original/img/qQx0qyAkwy8F6tllRKZw-V8M83Q=/0x0/filters:format(jpeg)/pic6036085.jpg",2019,Unknown,"Alexander Rommel,Maxim Suleimanov,Maxim Suleymanov","Yaniv Kahana,Oren Shainin","Family Game","","Abstract Strategy","Area Majority / Influence,Enclosure,Open Drafting",6.9,"Not Rated",1.5,1,20 - 40,8,6,2,4,2,4,"","2,3,4","0",7185,"excali8ur",Base Game,
130827,"Rumble in the Dungeon","https://cf.geekdo-images.com/Jl1988BsFwTAyXPaQoAMrg__original/img/jVyBm4wbDMtyh0uCAJ2Inz14pNg=/0x0/filters:format(jpeg)/pic3297337.jpg",2012,Unknown,"Kwanchai Moriya","Julie Saffre","Party Game","Misc: LongPack Games","Bluffing,Deduction,Party Game","Modular Board,Pick-up and Deliver,Point to Point Movement,Secret Unit Deployment",6.3,"Not Rated",1.1,1,20,8,8,3,6,3,6,"4","3,4,5,6","0",5716,"excali8ur",Base Game,
99437,"Rumble in the House","https://cf.geekdo-images.com/OHmX39CYoMQ_u1FN18mWsg__original/img/WJRkirH0BD0gmJxhoDbjWSTEWUI=/0x0/filters:format(png)/pic3120549.png",2011,Unknown,"Kwanchai Moriya","Julie Saffre","Party Game,Family Game","Misc: LongPack Games","Bluffing,Deduction,Fighting,Humor,Party Game","Grid Movement,Modular Board,Secret Unit Deployment",6.1,"Not Rated",1.1,1,20,8,6,3,6,3,6,"6","3,4,5,6","0",6892,"excali8ur",Base Game,
811,"Rummikub","https://cf.geekdo-images.com/LeaLDlTTmeN639MfuflcMw__original/img/fusGQFpm4srwqhM8CDlEDzh0NyQ=/0x0/filters:format(jpeg)/pic2286966.jpg",1950,Unknown,"Micha Hertzano,Ephraim Hertzano,Michael Rüttinger,Sławek Wiechowski","Ephraim Hertzano","Family Game","Game: Rummikub,Traditional Card Games: Rummy,Card Games: Draw and Discard,Card Games: Exchange,Card Games: Shedding / Stops,Components: Traditional Playing Cards,Containers: Tin/Metal Box,Digital Implementations: Apple App Store,Digital Implementations: GoldToken,Digital Implementations: Google Play,Misc: Dice Tower Hall of Fame,Series: Senior (Cadaco),Series: Unser Lieblingsspiel (Georg Appl / Espenlaub),Versions & Editions: Bigger Versions of Regular-Size Games","Abstract Strategy,Card Game,Number","Set Collection,Tile Placement",6.5,"Not Rated",1.7,1,60,8,8,2,4,2,4,"4","2,3,4","4",1762,"excali8ur",Base Game,
9220,"Saboteur","https://cf.geekdo-images.com/oeN-MHAJKsC2KCI3avKj9w__original/img/TgwkFfJF5IrhjwNm8OVwdn34sJE=/0x0/filters:format(jpeg)/pic8679622.jpg",2004,Unknown,"Andrea Boekhoff,Alexander Jung,Fréderic Moyersoen","Fréderic Moyersoen","Party Game,Family Game","Creatures: Dwarves & Gnomes,Digital Implementations: Board Game Arena,Digital Implementations: BrettspielWelt,Game: Saboteur,Series: Beveled Boxes (Gigamic),Theme: Mining","Bluffing,Card Game,Deduction,Exploration,Fantasy,Party Game","Hand Management,Hidden Roles,Hidden Victory Points,Map Addition,Network and Route Building,Score-and-Reset Game,Take That,Traitor Game",6.5,"Not Rated",1.3,1,30,8,8,2,12,3,10,"7,8","5,6,7,8,9,10","0",1572,"excali8ur",Base Game,
91072,"Saboteur 2 (expansion-only editions)","https://cf.geekdo-images.com/VsSFKeeTlPR2Ixn9pT7ktA__original/img/RCetvrLHyrW7gmaozZryy97N56I=/0x0/filters:format(png)/pic4919882.png",2011,Unknown,"Andrea Boekhoff,Alexander Jung,Fréderic Moyersoen","Fréderic Moyersoen","Party Game","Creatures: Dwarves & Gnomes,Digital Implementations: Board Game Arena,Game: Saboteur,Players: Expansions Changing Player Count,Theme: Mining","Expansion for Base-game,Bluffing,Card Game,Exploration,Fantasy,Party Game","Hand Management,Hidden Roles,Map Addition,Network and Route Building,Take That,Team-Based Game,Traitor Game",6.9,"Not Rated",1.5,1,45,8,8,2,12,2,12,"5,6,7,8","4,5,6,7,8,9,10","0",Unknown,"excali8ur",Expansion,
401347,"Sakura Dice","https://cf.geekdo-images.com/2iLhJI4HBNNoK0YZuTsLAA__original/img/211bMzE7gHGJL7NUEfZO-JdCXRY=/0x0/filters:format(jpeg)/pic8833240.jpg",2025,Unknown,"","Hegedűs Csaba","","Components: 13 x 13 Grids,Components: Dice with Icons,Country: Japan,Mechanism: Roll-and-Write","Dice,Environmental","Bingo,Connections,Dice Rolling,Grid Coverage,Line Drawing,Paper-and-Pencil,Race",7.8,"8.0",2.4,1,40 - 60,10,10,2,6,2,6,"2,3","2,3,4","1",15949,"excali8ur",Base Game,
441292,"Scenery","https://cf.geekdo-images.com/cVHtx6QkRp_F5wZgtRq4-w__original/img/pPM7NnInO_I3CQiZsARI6qNETBI=/0x0/filters:format(jpeg)/pic9021647.jpg",2025,Unknown,"Kristin Kremer","Luke Allison,Peter Joustra,Corné van Moorsel","","Admin: Upcoming Releases,Crowdfunding: Kickstarter,Theme: Hiking","Adventure,Exploration","Hexagon Grid,Network and Route Building,Tile Placement",7.1,"Not Rated",3.0,Unknown,20 - 50,9,Unknown,1,5,1,5,"","","0",16408,"",Base Game,
382016,"Sea of Thieves: Voyage of Legends","https://cf.geekdo-images.com/TzgLPLbbqbjPdNqBLQWd-g__original/img/v8w7o-nv90mSKC-Xys7lSvZ0V_g=/0x0/filters:format(png)/pic7651270.png",2023,Unknown,"","Mat Hart,James M. Hewitt,Steve Margetson,Sherwin Matthews,Sophie Williams","","Misc: LongPack Games","Pirates,Video Game Theme","Dice Rolling,Pick-up and Deliver,Take That",6.5,"Not Rated",2.8,Unknown,90 - 120,14,10,2,4,2,4,"3","2,3,4","2",14976,"excali8ur",Base Game,
360692,"Septima","https://cf.geekdo-images.com/TEx3V_COEF6Vik8y3Ax3hA__original/img/9Yz9xcfNSUBYLzX8mCYuYhzDJSo=/0x0/filters:format(jpeg)/pic6810993.jpg",2023,Unknown,"Barbara Bernát,Villő Farkas","Robin Hegedűs","Strategy Game","Components: Game Trayz Inside,Components: Gems/Crystals,Components: Meeples (Animal) / Animeeples,Components: Official Music Soundtrack,Components: Wooden pieces & boards,Crowdfunding: Kickstarter,Digital Implementations: TableTop Simulator Mod (TTS),Misc: LongPack Games,Theme: Witches","Fantasy,Mythology","Hand Management,Simultaneous Action Selection,Variable Player Powers,Worker Placement, Different Worker Types",7.3,"Not Rated",3.7,3,50 - 100,12,14,1,4,1,4,"3","1,2,3,4","0",1206,"",Base Game,
34655,"Serendipity","https://cf.geekdo-images.com/_2zU1nwuQRYa4ji5SdI6vg__original/img/ie8r14wgZLdr39NA6hdSy2ocObo=/0x0/filters:format(jpeg)/pic299610.jpg",2008,Unknown,"Johann Rüttinger","Matthias Etter","Abstract Game","","Abstract Strategy","Pattern Building,Tile Placement",5.0,"Not Rated",1.8,1,45,6,8,2,6,2,6,"6","2,3,4,5,6","0",28155,"excali8ur",Base Game,
359764,"Shake That City","https://cf.geekdo-images.com/HJTx3HjuW0acQISomdQ7QA__original/img/3gj0-q0nPa4RVDpDk4oOYAw9EPY=/0x0/filters:format(png)/pic6776267.png",2023,Unknown,"Olga Kim","Mads Fløe,Kåre Torndahl Kjær","Family Game","Digital Implementations: TableTop Simulator Mod (TTS),Theme: City","City Building,Puzzle","Bingo,Grid Coverage,Pattern Building,Tile Placement,Variable Set-up",7.0,"Not Rated",1.9,1,20 - 40,10,10,1,4,1,4,"3,4","1,2,3,4","6",3080,"excali8ur",Base Game,
18866,"Shear Panic","https://cf.geekdo-images.com/JzqCDDZ2JfeQjYwzHvbsMw__original/img/E3hNdflUaaMVadj29u_vq-M5FTw=/0x0/filters:format(jpeg)/pic436963.jpg",2005,Unknown,"Paolo Chiari,Gabriela Silveira","Gordon Lamont,Fraser Lamont","Family Game","Animals: Sheep,Components: Dice with Icons,Components: Meeples (Animal) / Animeeples,Country: Scotland,Theme: Hair / Beards / Animal Fur","Animals","Dice Rolling,Grid Movement,Hand Management,Once-Per-Game Abilities,Pattern Building,Pieces as Map,Slide / Push",6.3,"Not Rated",2.2,1,45,10,10,2,4,2,4,"4","2,3,4","1",3191,"excali8ur",Base Game,
413301,"Shipping Shenanigans","https://cf.geekdo-images.com/VBfChI5QgrCXiBbBK7EfmA__original/img/bLLE_jJkwUZOtpg7__IQhZ0Mjuw=/0x0/filters:format(jpeg)/pic8008696.jpg",2023,Unknown,"","","","Game: Dungeon Drop","Adventure,Expansion for Base-game,Exploration,Science Fiction,Space Exploration,Transportation","Dice Rolling,Events,Point to Point Movement,Push Your Luck",7.8,"Not Rated",0.0,Unknown,45 - 60,8,Unknown,2,4,2,4,"","","0",Unknown,"excali8ur",Expansion,
319807,"Shogun no Katana","https://cf.geekdo-images.com/XdXFnbesrDbKVlhLS64LHw__original/img/1d3wL7riZP_6Qum67BjQKNxrscM=/0x0/filters:format(jpeg)/pic5667351.jpg",2023,Unknown,"Alan D'Amico,Giorgia Lanza,Paolo Vallerga","P.S. Martensen,Federico Randazzo","Strategy Game","Components: Miniatures,Country: Japan,Crowdfunding: Kickstarter,Digital Implementations: Tabletopia,Misc: LongPack Games,Players: Games with Solitaire Rules,Theme: Metal Smithing","Industry / Manufacturing,Medieval","End Game Bonuses,Market,Scenario / Mission / Campaign Game,Solo / Solitaire Game,Turn Order: Claim Action,Turn Order: Progressive,Variable Set-up,Worker Placement,Worker Placement, Different Worker Types",7.7,"Not Rated",3.8,1,60 - 180,14,14,1,4,1,4,"3","1,2,3,4","6",1884,"excali8ur",Base Game,
458150,"Shugendo","https://cf.geekdo-images.com/PlUz2Gpo-3pHzGXAdNw8Ig__original/img/dIc8KFm9WIOWhf5k_gFubt3MD4M=/0x0/filters:format(jpeg)/pic9218562.jpg",2026,Unknown,"Jorge Monlongo","Alessandro Cuneo,Simone Luciani","","Admin: Upcoming Releases,Setting: Kemushi Saga","Card Game,Fantasy,Farming","Deck Construction,Push Your Luck",7.0,"Not Rated",0.0,Unknown,50 - 60,14,Unknown,2,4,2,4,"","","0",Unknown,"",Base Game,
428890,"Side Quest: The Isle of Cats","https://cf.geekdo-images.com/xqlNxVBvZFnWo_KF-oagzw__original/img/VcdBRcHNDoHXj_2Fu21ingwPZ40=/0x0/filters:format(png)/pic8424986.png",2024,Unknown,"Magdalena Klepacz,Paweł Niziołek","Jakub Caban,Bartosz Idzikowski","","Animals: Cats,Category: Escape Room Games,Misc: LongPack Games,Series: Side Quest (Board&Dice, lockme),Theme: Tropical Islands","Deduction,Puzzle","Cooperative Game,Deduction,Storytelling,Worker Placement",5.8,"Not Rated",2.0,4,60 - 90,14,12,1,4,1,4,"1,2","1,2,3,4","0",23738,"",Base Game,
288254,"Simplicity","https://cf.geekdo-images.com/aku0npW55Jyi-DD1Q5IGTA__original/img/3aBlkwe-ULxTYPcYPRQre1z0tUY=/0x0/filters:format(png)/pic5971505.png",2021,Unknown,"Sergio Chaves,Rainer Petter","David Brain","","Digital Implementations: Board Game Arena,Theme: City","Abstract Strategy,City Building","Modular Board,Open Drafting,Pattern Building,Tile Placement",6.0,"Not Rated",1.7,1,20 - 40,10,6,2,6,2,6,"5","2,3,5,6","0",15332,"",Base Game,
40692,"Small World","https://cf.geekdo-images.com/aoPM07XzoceB-RydLh08zA__original/img/bYLzrwZO9u-3h2wyU-PHc8aTOY4=/0x0/filters:format(jpeg)/pic428828.jpg",2009,Unknown,"Miguel Coimbra,Cyrille Daujean","Philippe Keyaerts","Strategy Game,Family Game","Components: Map (Continental / National scale),Creatures: Fairies / Elves / Pixies,Digital Implementations: Board Game Arena,Digital Implementations: Google Play,Digital Implementations: Steam,Game: Small World,Misc: Dice Tower Hall of Fame,Misc: Watch It Played How To Videos,Players: Games with expansions that add solo play","Fantasy,Fighting,Territory Building","Area Majority / Influence,Area Movement,Dice Rolling,Hidden Victory Points,Increase Value of Unchosen Resources,Variable Player Powers,Variable Set-up,Victory Points as a Resource",7.2,"Not Rated",2.3,1,40 - 80,8,8,2,5,2,5,"4","2,3,4,5","3",412,"excali8ur",Base Game,
97786,"Small World Underground","https://cf.geekdo-images.com/qFmyurPNiCM8UPtP38mQpg__original/img/0464mabR0gCe0rmZCKpW-Y1RBWg=/0x0/filters:format(jpeg)/pic979889.jpg",2011,Unknown,"Miguel Coimbra","Philippe Keyaerts","Strategy Game,Family Game","Game: Small World,Players: Games with expansions that add solo play","Fantasy,Fighting,Territory Building","Area Majority / Influence,Area Movement,Dice Rolling,King of the Hill,Variable Player Powers",7.2,"Not Rated",2.6,3,30 - 90,8,8,2,5,2,5,"4","2,3,4,5","0",655,"",Base Game,
241991,"Small World: Power Pack 1","https://cf.geekdo-images.com/m8RIRWofjMHSnE9z6zYw1Q__original/img/gPZYm7UYWuLxr2uMKXLSK-w4wCk=/0x0/filters:format(jpeg)/pic3948917.jpg",2017,Unknown,"Miguel Coimbra,Cyrille Daujean","Philippe Keyaerts","","Game: Small World","Expansion for Base-game,Fantasy,Fighting,Territory Building","Area Majority / Influence,Area Movement,Dice Rolling,Variable Player Powers",7.6,"Not Rated",2.2,Unknown,40 - 80,8,8,2,5,2,5,"4,5","2,3,4,5","0",Unknown,"excali8ur",Expansion,
241989,"Small World: Power Pack 2","https://cf.geekdo-images.com/lwbnPi_yyBliDY3C_cfHqg__original/img/BnMzGFMMaB6RzBIh83ZDB2yNapU=/0x0/filters:format(jpeg)/pic3948940.jpg",2017,Unknown,"Miguel Coimbra,Cyrille Daujean","Clay Blankenship,Blaise Hanczar,Michael Haverty,Philippe Keyaerts,Jörg Krismann,Paolo Mori,Jason Oman,Leif Steiestol,Phil Walker-Harding","","Game: Small World","Expansion for Base-game,Fantasy,Fighting,Territory Building","Area Majority / Influence,Area Movement,Dice Rolling,Variable Player Powers",7.7,"Not Rated",2.3,Unknown,40 - 80,8,Unknown,2,5,2,5,"4","2,3,4,5","0",Unknown,"excali8ur",Expansion,
331804,"Solani","https://cf.geekdo-images.com/WtWDdoO5AeiXQfyepXR7zA__original/img/3s1yN2ixIFDqK673euWnycCsGyU=/0x0/filters:format(jpeg)/pic6004325.jpg",2023,Unknown,"Bojan Drangovski","Drake Villareal","Abstract Game","Crowdfunding: Kickstarter,Digital Implementations: TableTop Simulator Mod (TTS),Theme: Astronomy,Theme: Native Americans / First Peoples","Abstract Strategy,Mythology","End Game Bonuses,Open Drafting,Tile Placement",7.2,"Not Rated",2.2,2,30 - 60,14,12,1,4,1,4,"3,4","1,2,3,4","3",7313,"excali8ur",Base Game,
324761,"Special Attractions (fan expansion for Draftosaurus)","https://cf.geekdo-images.com/HxtdOAp1NfMhLal2kToFRQ__original/img/GDEU9ph-m1EH85NveQTkkx5ZhwE=/0x0/filters:format(jpeg)/pic5800704.jpg",2020,Unknown,"","Justin Schroeder","","Animals: Dinosaurs","Expansion for Base-game,Fan Expansion,Animals","End Game Bonuses,Open Drafting,Set Collection",7.9,"Not Rated",1.0,Unknown,15,8,8,2,5,2,5,"4","2,3,4","0",Unknown,"",Expansion,
415147,"Spectacular","https://cf.geekdo-images.com/u94yxoPLSFHaVUaFQ5Rigg__original/img/Kj43C2Ob4ZK1FgMwgIoG7T58Qcs=/0x0/filters:format(png)/pic8046770.png",2024,Unknown,"Gjermund Bohne","Eilif Svensson,Åsmund Svensson","Strategy Game","Animals: Alligators / Crocodiles,Animals: Apes / Monkeys,Animals: Birds,Animals: Dolphins,Animals: Elephants,Animals: Foxes,Animals: Giraffes,Animals: Lions,Animals: Pandas,Animals: Penguins,Animals: Tigers,Animals: Turtles,Components: Hexagonal Tiles,Theme: Environmental Protection / Degradation / Pollution,Theme: Nature,Theme: Zoos, Aquaria, Safari Parks","Animals,Dice,Puzzle","Closed Drafting,Dice Rolling,End Game Bonuses,Hexagon Grid,Pattern Building,Simultaneous Action Selection,Solo / Solitaire Game,Tile Placement,Variable Set-up",7.3,"Not Rated",2.3,1,20 - 30,10,10,1,6,1,6,"3,4","1,2,3,4,5,6","0",1756,"",Base Game,
162886,"Spirit Island","https://cf.geekdo-images.com/kjCm4ZvPjIZxS-mYgSPy1g__original/img/9uLd9C3XAvInLCLhAoXqKVk56zs=/0x0/filters:format(jpeg)/pic7013651.jpg",2017,Unknown,"Jason Behnke,Loïc Berger,Loïc Billiau,Kat G Birmelin,Cari Corene,Lucas Durham,Rocky Hammer,Sydni Kruger,Nolan Nasser,Jorge Ramos,Adam Rebottaro,Moro Rogers,Graham Sternberg,Shane Tyree,Joshua Wright (I)","R. Eric Reuss","Strategy Game","Components: Control Boards,Components: Map (Continental / National scale),Components: Miniatures,Components: Official Music Soundtrack,Components: Wooden pieces & boards,Crowdfunding: Kickstarter,Digital Implementations: Apple App Store,Digital Implementations: Google Play,Digital Implementations: Steam,Game: Spirit Island,Islands: Fictional,Misc: DIZED Tutorial,Misc: LongPack Games,Players: Games with expansions that change player count,Players: Games with Solitaire Rules,Theme: Colonial,Theme: Environmental Protection / Degradation / Pollution,Theme: Tropical,Theme: Tropical Islands","Environmental,Fantasy,Mythology,Territory Building","Action Retrieval,Area Majority / Influence,Automatic Resource Growth,Campaign / Battle Card Driven,Cooperative Game,Deck, Bag, and Pool Building,Hand Management,Modular Board,Simultaneous Action Selection,Solo / Solitaire Game,Tags,Variable Player Powers,Variable Set-up",8.3,"Not Rated",4.1,4,90 - 120,13,14,1,4,1,4,"2","1,2,3,4","1",11,"excali8ur",Base Game,
264172,"Stackers","https://cf.geekdo-images.com/0IvYNFwSIRoeIqbxmqTVHw__original/img/ni3hHTribt6u1D8_StuKDXI7Ziw=/0x0/filters:format(jpeg)/pic9038260.jpg",2018,Unknown,"","Hans Beeftink","","","Abstract Strategy","Tile Placement",6.0,"Not Rated",0.0,Unknown,15 - 45,6,Unknown,2,4,2,4,"","","1",Unknown,"excali8ur",Base Game,
4095,"Star Munchkin","https://cf.geekdo-images.com/jyfjZbaamMHD8q8MKG4jSg__original/img/-dDGprrarAhqz21AkW6ClnP-tCE=/0x0/filters:format(jpeg)/pic883059.jpg",2002,Unknown,"Wayne Barrett,John Kovalic,Len Peralta,Philip Reed,Gabby Ruenes","Steve Jackson (I)","Thematic","Game: Munchkin","Card Game,Fighting,Humor,Science Fiction","Dice Rolling,Open Drafting,Take That,Trading,Variable Player Powers",6.1,"Not Rated",1.7,4,90,10,12,3,6,3,6,"4","3,4,5","0",4624,"excali8ur",Base Game,
356944,"Stonesaga","https://cf.geekdo-images.com/AdQyAm_1faLFy74I465xBA__original/img/h92JGgCLk-fDdUe38EdnaGUHCa4=/0x0/filters:format(jpeg)/pic6685693.jpg",2026,Unknown,"Andrea Koroveshi","Max Brooke,Luke Eddy","","Crowdfunding: Kickstarter,Mechanism: Legacy,Misc: LongPack Games,Theme: Survival","Civilization,Fantasy,Prehistoric","Cooperative Game,Legacy Game,Scenario / Mission / Campaign Game,Solo / Solitaire Game",8.1,"Not Rated",3.4,4,60 - 120,13,10,1,4,1,4,"2,3","1,2,3","0",5906,"",Base Game,
469854,"The Stormlamp Rituals","https://cf.geekdo-images.com/DbM1DlVNMNBVjK4ttYdUgA__original/img/qwG6AOSgxiUPS6Evtf4exAOl_uk=/0x0/filters:format(jpeg)/pic9645931.jpg",2027,Unknown,"Jack Fallows","Jack Fallows","","Admin: Outside the Scope of BGG,Admin: Upcoming Releases,Crowdfunding: Kickstarter,Players: Solitaire Only Games,Theme: Mystery / Crime","Book,Deduction,Fantasy,Murder / Mystery,Puzzle","Deduction,Narrative Choice / Paragraph,Paper-and-Pencil,Scenario / Mission / Campaign Game",9.8,"Not Rated",0.0,5,600,14,Unknown,1,2,1,2,"","","0",Unknown,"",Base Game,
425505,"Storyfold: Wildwoods","https://cf.geekdo-images.com/s8nB_bnCj_nBdwMJZqsptA__original/img/r6N4CP_t495KEGRSFbYu9d8dtoM=/0x0/filters:format(png)/pic8332322.png",2025,Unknown,"Justine Chalieux","Sjoerd van der Linde","","Animals: Bears,Components: Book as Board,Components: Polyhedral (not D6) dice,Contests: Fastaval Design Competition,Mechanism: Campaign Games,Misc: LongPack Games,Players: Solitaire Only Games,Theme: Trees and Forests","Adventure,Book,Dice,Exploration,Fantasy","Action / Event,Dice Rolling,Multi-Use Cards,Scenario / Mission / Campaign Game,Solo / Solitaire Game,Storytelling",7.8,"Not Rated",2.1,4,30 - 60,13,12,1,1,1,1,"1","1","0",3045,"",Base Game,
267367,"Suburbia: Collector's Edition","https://cf.geekdo-images.com/y2OymMOi1QShesm51JwQzA__original/img/9kXp7i47F3pKIt7AUL12mLhdFnM=/0x0/filters:format(jpeg)/pic4502788.jpg",2019,Unknown,"Ted Alspach,Jason Boles,Brett Stebbins,T. B. (II),Ollin Timm","Ted Alspach","Strategy Game","Components: Game Trayz Inside,Game: Suburbia,Theme: City,Versions & Editions: Big Box Versions of Individual Games","City Building,Economic","Hexagon Grid,Modular Board,Open Drafting,Set Collection,Tile Placement",8.0,"Not Rated",2.8,2,90,8,10,1,5,1,5,"3","1,2,3,4","4",Unknown,"excali8ur",Base Game,
365308,"Subway Squeeze","https://cf.geekdo-images.com/9_K6dzBY1UaG9nrgCiCDkw__original/img/prh18K6S5LSteFv4kHrTKBqZTY4=/0x0/filters:format(jpeg)/pic7009590.jpg",2022,Unknown,"","","","","Puzzle,Transportation","Grid Coverage,I Cut, You Choose,Open Drafting,Set Collection,Tile Placement",6.9,"Not Rated",1.8,1,30,12,6,2,4,2,4,"","2,3,4","2",14096,"excali8ur",Base Game,
16933,"Super Munchkin","https://cf.geekdo-images.com/mczN7SxMfZqQWH75-s_fiQ__original/img/rjApHFxCQmcNGHP6JkYuBu1G9Mk=/0x0/filters:format(jpeg)/pic71945.jpg",2005,Unknown,"Art Baltazar,Lar DeSouza,Steve Jackson (I),John Kovalic,Gabby Ruenes","Steve Jackson (I)","Thematic","Game: Munchkin,Theme: Superheroes","Card Game,Comic Book / Strip,Fighting,Humor","Dice Rolling,Trading,Variable Player Powers",5.9,"Not Rated",1.8,4,90,10,10,3,6,3,6,"4,5","3,4,5,6","0",8169,"excali8ur",Base Game,
346255,"Sushi Boat","https://cf.geekdo-images.com/8jT-NVziTclVui1FaOn54A__original/img/-IM0Mw0RcEuqOwcKOjV4DFPiGE0=/0x0/filters:format(png)/pic7596903.png",2023,Unknown,"Eveen Kwan","Dario Massarenti,Francesco Testini","","Country: Japan,Crowdfunding: Kickstarter,Food & Drink: Sushi,Theme: Food / Cooking","Card Game,Memory","Hidden Victory Points,Memory,Set Collection,Slide / Push,Worker Placement",6.4,"Not Rated",1.6,2,30 - 75,8,10,2,5,2,5,"","2,3","2",11894,"excali8ur",Base Game,
133473,"Sushi Go!","https://cf.geekdo-images.com/Fn3PSPZVxa3YurlorITQ1Q__original/img/5vRsn2TT9eJmq27i9HtLWKpB_xs=/0x0/filters:format(jpeg)/pic1900075.jpg",2013,Unknown,"Nan Rangsima,Tobias Schweiger,Phil Walker-Harding","Phil Walker-Harding","Family Game","Containers: Tin/Metal Box,Country: Japan,Crowdfunding: Indiegogo,Digital Implementations: Board Game Arena,Digital Implementations: Boardible (Mobile),Food & Drink: Sushi,Game: Sushi Go!,Theme: Food / Cooking","Card Game,Party Game","Closed Drafting,End Game Bonuses,Hand Management,Score-and-Reset Game,Set Collection,Simultaneous Action Selection",7.0,"Not Rated",1.2,1,15,8,6,2,5,2,5,"4","3,4,5","3",664,"excali8ur",Base Game,
333373,"Tacocat Spelled Backwards","https://cf.geekdo-images.com/AAMxkVG7esvt0EbQkN1zCw__original/img/z0Pax6VC0uVJcM4QiqdmPy4L38U=/0x0/filters:format(png)/pic6702315.png",2021,Unknown,"Matthew Inman","Elan Lee","","Misc: LongPack Games,Players: Two-Player Only Games","Card Game","Map Reduction,Tug of War,Turn Order: Claim Action",6.3,"Not Rated",1.2,Unknown,15 - 20,7,6,2,2,2,2,"2","2","2",8509,"excali8ur",Base Game,
278169,"Takayama","https://cf.geekdo-images.com/C04_mWQ0lg2GpJ-yUR2tjg__original/img/jrEOmxA8YTaKjK4k5yIyoK_Hrrw=/0x0/filters:format(jpeg)/pic5010081.jpg",2017,Unknown,"Alexandre Gérard,Thomas Pitte","Alexandre Gérard,Thomas Pitte","","Misc: LongPack Games","Action / Dexterity,Children's Game,Party Game","Push Your Luck,Stacking and Balancing",5.8,"Not Rated",0.0,Unknown,30,4,Unknown,1,10,1,10,"","","2",Unknown,"excali8ur",Base Game,
211450,"Take That","https://cf.geekdo-images.com/-zdvshUDq6JhvSRK3_DETA__original/img/VubT45yZ6I-4lpiwRAmwRe6M1Nw=/0x0/filters:format(jpeg)/pic3227467.jpg",2016,Unknown,"Oliver Freudenreich","Andreas Spies,Reinhard Staupe","","Series: NSV Middys (Nürnberger Spielkartenverlag)","Card Game","Hand Management,Take That",6.3,"Not Rated",1.2,1,20,8,8,2,4,2,4,"3,4","3,4","4",10692,"",Base Game,
70919,"Takenoko","https://cf.geekdo-images.com/uvz-5V6A2R6dp2oWIXmj_g__original/img/HxMG1z7bIVGCGPI6u6ciVO0Oubk=/0x0/filters:format(jpeg)/pic1912529.jpg",2011,Unknown,"Nicolas Fructus,Picksel,Yuio","Antoine Bauza","Family Game","Animals: Pandas,Components: 3-Dimensional (3D),Components: Miniatures,Components: Wooden pieces & boards,Country: Japan,Digital Implementations: Apple App Store,Digital Implementations: Board Game Arena,Digital Implementations: Google Play,Digital Implementations: Steam,Misc: Watch It Played How To Videos,Theme: Gardening,Theme: Nature,Theme: Trees and Forests,Theme: Weather","Animals,Environmental,Farming,Territory Building","Action Points,Contracts,Dice Rolling,Die Icon Resolution,End Game Bonuses,Grid Movement,Hexagon Grid,Modular Board,Network and Route Building,Pattern Building,Race,Set Collection,Tags,Tile Placement",7.2,"Not Rated",2.0,1,45,8,8,2,4,2,4,"3","2,3,4","3",444,"excali8ur",Base Game,
174095,"Takenoko: Chibis","https://cf.geekdo-images.com/vczvA6HVVeanUxhcvcPuqQ__original/img/MjmYTRuX7bRm0r7ocwvG-AFA8oA=/0x0/filters:format(jpeg)/pic2494589.jpg",2015,Unknown,"Nicolas Fructus,Picksel,Yuio","Antoine Bauza,Corentin Lebrat","Family Game","Admin: Better Description Needed!,Animals: Pandas,Country: Japan,Theme: Chibis,Theme: Nature","Animals,Environmental,Expansion for Base-game,Farming","Action Points,Dice Rolling,Grid Movement,Modular Board,Network and Route Building,Pattern Building,Set Collection,Tile Placement",7.5,"Not Rated",1.9,1,45 - 0,8,8,2,4,2,4,"3,4","2,3,4","0",Unknown,"excali8ur",Expansion,
252153,"Tang Garden","https://cf.geekdo-images.com/FmElPbRBjK5RmrAC9so5Gw__original/img/oZvUwcb2HsJHq8RfZ9UucPrfC-8=/0x0/filters:format(png)/pic4109518.png",2019,Unknown,"Matthew Mizak","Francesco Testini,Pierluca Zizzi","Strategy Game,Family Game","Components: 3-Dimensional (3D),Components: Game Trayz Inside,Components: Miniatures,Components: Official Music Soundtrack,Country: China,Crowdfunding: Kickstarter,Digital Implementations: Tabletopia,Game: Tang Garden,Series: 30 Journeys (Thundergryph),Theme: Gardening,Theme: Nature,Theme: Trees and Forests","Environmental","Line of Sight,Open Drafting,Set Collection,Solo / Solitaire Game,Tile Placement,Variable Player Powers",7.3,"Not Rated",2.6,1,40 - 60,14,10,1,4,1,4,"3","1,2,3,4","5",1050,"excali8ur",Base Game,
354718,"Tang Garden: Seasons","https://cf.geekdo-images.com/KNsllu0anUAPho-GvwbdgQ__original/img/YoVutvaebOX-EzOksE7lU_pyFOM=/0x0/filters:format(jpeg)/pic6631284.jpg",2024,Unknown,"Andrew Bosley,Sergio Chaves","Pierpaolo Paoletti,Francesco Testini","","Components: Miniatures,Country: China,Crowdfunding: Kickstarter,Game: Tang Garden,Series: 30 Journeys (Thundergryph),Theme: Gardening,Theme: Nature,Theme: Trees and Forests","Expansion for Base-game,Environmental","Area Majority / Influence,Auction: Sealed Bid,Cooperative Game,Open Drafting,Set Collection,Tile Placement,Variable Player Powers,Variable Set-up,Worker Placement",6.2,"Not Rated",0.0,Unknown,45 - 60,14,Unknown,1,4,1,4,"","","0",Unknown,"",Expansion,
1038,"Tantrix","https://cf.geekdo-images.com/yub8x1pyIOkV0ry-15bwcw__original/img/5qV4aRwVuwDg4HAsd7bDRFXam1M=/0x0/filters:format(jpeg)/pic8692268.jpg",1991,Unknown,"Morgan Andersson,Charlotte Lacroix,Mike McManaway","Mike McManaway","Abstract Game","Components: Hexagonal Tiles,Containers: Drawstring Bag,Containers: Unique Shape,Containers: Zippered Pouch,Misc: LongPack Games,Players: Games with Solitaire Rules,Versions & Editions: More-Player Versions of Two-Player Games","Abstract Strategy,Puzzle","Pattern Building,Tile Placement",6.4,"Not Rated",2.2,1,30,8,8,1,6,1,6,"2","1,2,3,4","0",3912,"excali8ur",Base Game,
422042,"Tea Garden","https://cf.geekdo-images.com/LIIX8JddEnTiwVV_cQ-mCA__original/img/6gQqWfyD1yZHfPi_4kBYfmaaczs=/0x0/filters:format(jpeg)/pic8238877.jpg",2024,Unknown,"Barbora Srp Žižková","Tomáš Holek","Strategy Game","Country: China,Food & Drink: Tea,Players: Games with expansions that add solo play","Ancient,Economic,Farming","Automatic Resource Growth,Deck, Bag, and Pool Building,End Game Bonuses",7.5,"Not Rated",3.1,1,90 - 120,12,12,2,4,2,4,"3","2,3,4","2",1640,"",Base Game,
426912,"Tea Witches","https://cf.geekdo-images.com/7QDBki1CWfkyNgnkxLXrGA__original/img/w0wx13-jgHiUEUs1ziI9s5NvZx0=/0x0/filters:format(png)/pic8366420.png",2025,Unknown,"Sandara Tang","Manny Vega","Strategy Game","Food & Drink: Tea,Misc: DIZED Tutorial,Theme: Witches","Fantasy","Push Your Luck,Tile Placement,Worker Placement",7.6,"Not Rated",3.1,3,60 - 120,12,12,2,4,2,4,"3","2,3","0",3394,"",Base Game,
444551,"Tearable Quest","https://cf.geekdo-images.com/9QTAsE-Ia4HJvV9K0_iNsw__original/img/s0xjyuM7JpkYyDRkYKRBdPJiQl4=/0x0/filters:format(jpeg)/pic8868603.jpg",2025,Unknown,"別府さい (Sai Beppu)","Shintaro Ono (大野 森太郎)","","Series: Tiny Box (AllPlay)","Puzzle","Matching,Real-Time,Solo / Solitaire Game",6.3,"Not Rated",1.0,Unknown,10,8,Unknown,1,50,1,50,"","","0",12313,"",Base Game,
279014,"Teenage Mutant Ninja Turtles: Turtle Power Card Game","https://cf.geekdo-images.com/bgjK-BduP2X3lgMmz1UjIg__original/img/lhrlxkXH0BMHO4y-Jge4n9dW4B8=/0x0/filters:format(jpeg)/pic6480478.jpg",2019,Unknown,"Xavier Gueniffey Durin,Jaime González García","Antoine Bauza,Corentin Lebrat,Ludovic Maublanc,Nicolas Oury,Théo Rivière","Party Game","Animals: Cats,Comic Books: Teenage Mutant Ninja Turtles,Players: One versus Many","Action / Dexterity,Animals,Children's Game,Comic Book / Strip,Movies / TV / Radio theme,Party Game","Rock-Paper-Scissors,Simultaneous Action Selection",6.2,"Not Rated",1.1,1,10 - 15,8,4,3,6,3,6,"4,5,6","4,5,6","1",9918,"excali8ur",Base Game,
350198,"Terminus","https://cf.geekdo-images.com/Le7bVq9gLxbjbL7bJ9jaKg__original/img/kuK8IRSaOIKhMdCYi9fqWfO5EVk=/0x0/filters:format(png)/pic7301864.png",2024,Unknown,"Edu Valls","Earl Aspiras,Tom Volpe","","Crowdfunding: Kickstarter,Digital Implementations: TableTop Simulator Mod (TTS),Digital Implementations: Tabletopia,Misc: LongPack Games","City Building,Economic,Industry / Manufacturing,Trains,Transportation","Action Drafting,Connections,End Game Bonuses,Grid Coverage,Grid Movement,Income,Market,Network and Route Building,Open Drafting,Point to Point Movement,Resource to Move,Rondel,Tile Placement,Turn Order: Pass Order,Variable Set-up,Worker Placement",7.1,"Not Rated",3.7,1,90 - 180,14,12,1,5,1,5,"4","3,4,5","0",3967,"",Base Game,
378654,"Threads of Fate","https://cf.geekdo-images.com/PyDoKJguSGY03z6F_FY_RQ__original/img/UJx8oHbti98FAsL5YZDLVh2Lbw0=/0x0/filters:format(png)/pic7432204.png",2023,Unknown,"Rita Orlov","Rita Orlov","","Category: Escape Room Games,Crowdfunding: Kickstarter,Misc: Limited Replayability","Adventure,Deduction,Fantasy,Murder / Mystery,Mythology,Puzzle","Cooperative Game,Paper-and-Pencil,Pattern Recognition,Role Playing,Storytelling",8.4,"Not Rated",3.4,5,300 - 800,14,14,1,4,1,4,"2","1,2,3","2",6937,"",Base Game,
364994,"Tidal Blades: Banner Festival","https://cf.geekdo-images.com/UEH2fN9xIOUOpHzpGrdzbw__original/img/XypDTVttIjZNi50oAJVsVMzLdSw=/0x0/filters:format(jpeg)/pic6936303.jpg",2022,Unknown,"Lina Cossette","J.B. Howell,Michael Mihealsick","","Organizations: Game Designers of North Carolina,Theme: Anthropomorphic Animals","Card Game","Area Majority / Influence,Hand Management,Simultaneous Action Selection,Trick-taking",7.0,"Not Rated",1.9,3,30 - 45,8,6,2,5,2,5,"4","2,3,4,5","2",4054,"excali8ur",Base Game,
462479,"Timespan","https://cf.geekdo-images.com/YrHXIu4shaLJ5zqQtHDc9w__original/img/l5vRstmSyuqv3-jnj_kGtEhAwdg=/0x0/filters:format(png)/pic9389424.png",2026,Unknown,"Nilanjan Malakar","Kenneth Minde,Kristian Amundsen Østby","","Admin: Upcoming Releases","Civilization","Tech Trees / Tech Tracks,Variable Player Powers,Worker Placement",8.4,"Not Rated",2.0,Unknown,90,12,Unknown,1,5,1,5,"","","0",Unknown,"",Base Game,
267979,"Tiwanaku","https://cf.geekdo-images.com/02c2OrgtQ7YsLZWm6pVXSw__original/img/2t4atmBxMzLKmhvy1xQvsLDI038=/0x0/filters:format(png)/pic6620308.png",2022,Unknown,"Raphaël Samakh","Olivier Grégoire","Abstract Game","Country: Inca Empire,Crowdfunding: Kickstarter,Digital Implementations: Board Game Arena,Digital Implementations: Tabletopia,Mountains: Andes,Occupation: Farmer","Deduction,Exploration","Cooperative Game,Deduction,Grid Movement,Modular Board,Solo / Solitaire Game",7.2,"Not Rated",2.2,1,30 - 60,14,12,1,4,1,4,"","1,2,3,4","4",2347,"excali8ur",Base Game,
424808,"Torii","https://cf.geekdo-images.com/P8GcbYRM_htA047M3RDQ8A__original/img/CHTKiIvSLdowNyU2v8fojzXVwuk=/0x0/filters:format(png)/pic9065593.png",2024,Unknown,"Julia Reynaud","Kuan Chen","","Admin: Upcoming Releases,Country: Japan","Abstract Strategy,Animals","Action Points,Chaining",6.9,"Not Rated",1.3,Unknown,15 - 30,10,6,2,2,2,2,"2","2","0",14857,"",Base Game,
88,"Torres","https://cf.geekdo-images.com/vLDgCpcL-beOsC5iWfZ9ig__original/img/upBZeKEaQHY6LZS7R-hykx6a7kY=/0x0/filters:format(jpeg)/pic3515154.jpg",1999,Unknown,"Alessandra Cimatoribus,Michael Menzel,Franz Vohwinkel","Michael Kiesling,Wolfgang Kramer","Abstract Game,Strategy Game","Components: 3-Dimensional (3D),Components: 8 x 8 Grids,Digital Implementations: Boiteajeux,Digital Implementations: Yucata,Misc: LongPack Games,Series: The Mask Trilogy (Kramer / Kiesling)","Abstract Strategy,Medieval","Action Points,Area Majority / Influence,Catch the Leader,Enclosure,Grid Movement,Hand Management,Square Grid,Three Dimensional Movement,Tile Placement,Turn Order: Stat-Based,Zone of Control",7.1,"Not Rated",2.8,1,60,10,10,2,4,2,4,"4","2,3,4","2",855,"excali8ur",Base Game,
236508,"Towers of the Sun","https://cf.geekdo-images.com/imtDd2e6_mj2F0oC6HYzjg__original/img/23ljxmCiAafffjmjQCYCf7Gzmfg=/0x0/filters:format(jpeg)/pic3789548.jpg",2023,Unknown,"Koen de Graaf,Vincent Wielders","Stefan Brakman","","","Abstract Strategy,Bluffing,Children's Game","Area Majority / Influence,Area Movement,Hand Management,Modular Board,Tile Placement",7.2,"Not Rated",2.5,Unknown,20 - 60,10,10,2,4,2,4,"2,3,4","2,3,4","0",19919,"",Base Game,
313065,"Transmissions","https://cf.geekdo-images.com/mQ5iuKUNKDdorpkJvGwVPA__original/img/gV_GopktLHS26X7mwa16J9Th5aw=/0x0/filters:format(jpeg)/pic5663973.jpg",2022,Unknown,"Matt Dixon,Peter Gifford,Chad Hoverter","Adam West","","Crowdfunding: Kickstarter,Digital Implementations: Tabletopia,Misc: Made by Panda,Theme: Robots","Science Fiction","Hand Management,Rondel,Set Collection,Variable Player Powers,Worker Placement",7.3,"Not Rated",2.0,1,45 - 60,10,8,1,4,1,4,"3","1,2,3,4","4",2861,"excali8ur",Base Game,
356123,"Turing Machine","https://cf.geekdo-images.com/un5yundwtC6q1U9gWTY8Yw__original/img/wFqPVYmL1i9rc426afzYana7ZnE=/0x0/filters:format(png)/pic6883492.png",2022,Unknown,"Sébastien Bizos","Fabien Gridel,Yoann Levet","Strategy Game","Digital Implementations: Board Game Arena,Misc: Watch It Played How To Videos,Players: Games with Solitaire Rules,Theme: Computer / Information Technology Industry,Theme: Teaching Programming","Deduction,Math,Spies / Secret Agents","Deduction,Paper-and-Pencil,Solo / Solitaire Game",7.6,"Not Rated",2.5,2,20,14,12,1,4,1,4,"1","1,2,3,4","21",324,"excali8ur",Base Game,
359288,"TwinStar Valley","https://cf.geekdo-images.com/XFk6g90HprfrLQKKv_aFQw__original/img/8Bpj1x6HzuCY1WnPfghOv4fXJpA=/0x0/filters:format(jpeg)/pic8977271.jpg",2025,Unknown,"David Ausloos","David Ausloos","","","Economic,Farming,Transportation","Contracts,Investment,Market,Network and Route Building,Solo / Solitaire Game,Turn Order: Claim Action,Worker Placement",7.1,"Not Rated",2.5,1,60 - 80,12,12,1,4,1,4,"4","1,2,3,4","0",11112,"",Base Game,
126163,"Tzolk'in: The Mayan Calendar","https://cf.geekdo-images.com/kXf7mDyDYuHg6oe8yTUIEA__original/img/f6-Au0KTnNR4nugSu2U-wPNbZCU=/0x0/filters:format(jpeg)/pic4604439.jpg",2012,Unknown,"Milan Vavroň","Simone Luciani,Daniele Tascini","Strategy Game","Components: Calendars,Components: Gears,Country: Guatemala,Country: Mexico,Digital Implementations: Board Game Arena,Digital Implementations: Boiteajeux,Game: Tzolk'in – The Mayan Calendar,Players: Games with expansions that change player count,Series: T games (Daniele Tascini),Theme: Mayans,Theme: Native Americans / First Peoples,Theme: Tropical","Ancient,Civilization,Economic,Farming,Mythology","Bias,End Game Bonuses,Once-Per-Game Abilities,Track Movement,Turn Order: Claim Action,Worker Placement",7.8,"Not Rated",3.7,1,90,13,12,2,5,2,4,"4","2,3,4","0",77,"excali8ur",Base Game,
143065,"Tzolk'in: The Mayan Calendar – Tribes & Prophecies","https://cf.geekdo-images.com/MoFm3Gwr2gN4MqtZBGkn1A__original/img/23nzJYRCVGbfTsNQwVVAD8RV_7I=/0x0/filters:format(png)/pic1758469.png",2013,Unknown,"Milan Vavroň","Simone Luciani,Daniele Tascini","Strategy Game","Country: Guatemala,Country: Mexico,Game: Tzolk'in – The Mayan Calendar,Players: Expansions Changing Player Count,Theme: Mayans,Theme: Native Americans / First Peoples,Theme: Tropical","Expansion for Base-game,Ancient,Civilization,Economic,Farming,Mythology","Set Collection,Variable Player Powers,Worker Placement",8.1,"Not Rated",3.6,2,90,13,12,2,5,2,5,"4","2,3,4","0",Unknown,"excali8ur",Expansion,
244193,"Under the Sea","https://cf.geekdo-images.com/GDuG2MqEjsBWhSL8uN_mpQ__original/img/EvbT98IbO39QwffNiI6NoYAbuFg=/0x0/filters:format(jpeg)/pic3955815.jpg",2017,Unknown,"Erika Signini","Luca Bellini,Luca Borsa","","","Animals,Children's Game,Memory","Cooperative Game,Memory,Set Collection",6.2,"Not Rated",1.0,Unknown,5 - 10,2,3,1,4,1,4,"3,4","1,2,3,4","5",Unknown,"excali8ur",Base Game,
241724,"Villagers","https://cf.geekdo-images.com/rMMSvnXuBPZSihIaVtVT-A__original/img/PivWbEOFSDhHXl2NCHw8xSErORA=/0x0/filters:format(png)/pic4996383.png",2019,Unknown,"Haakon Gaarder","Haakon Gaarder","Strategy Game,Family Game","Crowdfunding: Kickstarter,Digital Implementations: Board Game Arena,Digital Implementations: Tabletopia,Digital Implementations: Yucata,Mechanism: Tableau Building,Players: Games with Solitaire Rules","Card Game,City Building,Industry / Manufacturing,Medieval","Open Drafting,Set Collection,Solo / Solitaire Game",7.1,"Not Rated",2.2,2,30 - 60,10,10,1,5,1,5,"3","1,2,3,4","5",934,"excali8ur",Base Game,
194690,"Viral","https://cf.geekdo-images.com/NeZO7t39b9_PM4juLEluSw__original/img/IuSKAbgCefvOLsCfRlTemO0pea0=/0x0/filters:format(jpeg)/pic3399864.jpg",2017,Unknown,"Mihajlo Dimitrievski","Gil d'Orey,Antonio Sousa Lara","Family Game","Crowdfunding: Spieleschmiede,Game: Viral,Medical: Diseases,Misc: LongPack Games,Series: Dice Tower Essentials,Theme: Biology,Theme: Science,Theme: Villainy","Humor,Medical","Area Majority / Influence,Area Movement,Catch the Leader,Deck, Bag, and Pool Building,Hand Management,Simultaneous Action Selection",6.9,"Not Rated",2.6,3,60 - 90,12,8,1,5,1,5,"4","3,4,5","6",1842,"excali8ur",Base Game,
328560,"Viral: The Hive","https://cf.geekdo-images.com/mERMAHJfbkJ3BFuxV2i-hQ__original/img/4ja3uyITjqPKIllq5qAIze__tN4=/0x0/filters:format(png)/pic5879993.png",2021,Unknown,"Mihajlo Dimitrievski","Antonio Sousa Lara","","Game: Viral,Medical: Diseases,Series: Dice Tower Essentials,Theme: Biology","Expansion for Base-game,Humor,Medical","",7.2,"Not Rated",2.7,Unknown,60 - 90,12,10,2,5,2,5,"","2,3,4,5","0",Unknown,"excali8ur",Expansion,
417719,"Virus!: Roll & Write","https://cf.geekdo-images.com/MzfYrrYu4HzLI8c5BNflXw__original/img/8rfntfmwFKdskVJ8_YzKitfNKYw=/0x0/filters:format(jpeg)/pic8253946.jpg",2024,Unknown,"David GJ","Abraham Sanchez Hermida,Paloma J. Pascual","Family Game","Game: Virus!,Mechanism: Roll-and-Write,Medical: Diseases,Occupation: Medic / Doctor / Nurses","Dice","Dice Rolling,Paper-and-Pencil",7.0,"Not Rated",1.9,1,20,8,8,2,4,2,4,"4","2,3,4","0",8458,"",Base Game,
209290,"Vortex","https://cf.geekdo-images.com/wdWZOmtr_QujsuIl6N6HRQ__original/img/odwb5_UKSTOZ5h0GJtFpiLTwsaM=/0x0/filters:format(jpeg)/pic4984733.jpg",2016,Unknown,"","Hans Beeftink","Abstract Game","","Abstract Strategy","Action Points",6.8,"Not Rated",2.0,1,15 - 60,8,6,1,6,1,6,"","1,2,3,4,5","0",11998,"excali8ur",Base Game,
439983,"The Voynich Puzzle","https://cf.geekdo-images.com/uSVXNr6eWn3vh2bQfVVLwA__original/img/rQPSy9oLJvVww96KQ4XL07BomeA=/0x0/filters:format(jpeg)/pic8739904.jpg",2025,Unknown,"Jorge Tabanera Redondo","Dani Garcia","","Components: Jigsaw Puzzles,Crowdfunding: Gamefound,Theme: Books / Libraries","Medieval","Contracts,Deck, Bag, and Pool Building,Pattern Building,Tile Placement",7.3,"9.0",3.9,1,90 - 120,14,14,1,4,1,4,"3,4","2,3,4","4",3654,"excali8ur",Base Game,
448055,"Walking in Osaka","https://cf.geekdo-images.com/37B7troSO9X8f1eUG4_LFA__original/img/rKlm-uKIURHDFMLqVoHeCoFVqYQ=/0x0/filters:format(jpeg)/pic8932331.jpg",2025,Unknown,"Jorge Tabanera Redondo","Daniel Lee Yingjie","","Admin: Better Description Needed!,Admin: Upcoming Releases,Cities: Osaka (Japan),Country: Japan,Crowdfunding: Kickstarter,Series: Walking in… (EmperorS4)","Medieval,Travel","Open Drafting,Pattern Building,Point to Point Movement,Solo / Solitaire Game,Tile Placement",6.7,"Not Rated",2.0,Unknown,15 - 30,8,Unknown,1,4,1,4,"","","0",17096,"",Base Game,
355483,"Wandering Towers","https://cf.geekdo-images.com/602eY-xlgkaL3gtyZ7QVVQ__original/img/0pBr7ImqUOKLPUb12_r0_R0MD1M=/0x0/filters:format(jpeg)/pic7347437.jpg",2022,Unknown,"Michael Menzel","Michael Kiesling,Wolfgang Kramer","Family Game","Components: 3-Dimensional (3D),Digital Implementations: Board Game Arena,Misc: Mensa Select,Theme: Witches,Theme: Wizards","Fantasy,Memory","Hand Management,Memory,Race,Rondel,Solo / Solitaire Game,Take That,Track Movement",7.3,"Not Rated",1.6,1,30,8,8,1,6,1,6,"4,5","3,4,5,6","1",714,"",Base Game,
412013,"Warp & Weft","https://cf.geekdo-images.com/4buesvtD5-cXvsIDSRPVPA__original/img/JssYvwtj6tFxqMhal0RraN1ZTfI=/0x0/filters:format(jpeg)/pic8295579.jpg",2024,Unknown,"Maya Hanisch","Cami Muñoz Villar","","Components: String,Containers: Drawstring Bag,Theme: Sewing / Knitting / Cloth-Making","Abstract Strategy,Puzzle","Chaining,Connections,End Game Bonuses,Open Drafting,Pattern Building,Three Dimensional Movement,Variable Set-up",7.0,"Not Rated",2.0,1,25 - 35,8,Unknown,2,5,2,5,"","4","0",13651,"",Base Game,
396618,"Waterfall Park","https://cf.geekdo-images.com/0G5vWPEOSVl8ZmXh-Ledcw__original/img/2wG0R_Xj32dik1AD8m6PjbwFTuI=/0x0/filters:format(jpeg)/pic7687140.jpg",2023,Unknown,"Umeshu Lovers","Karsten Hartwig","Family Game","Theme: Amusement Parks / Theme Parks","Negotiation","Enclosure,Hidden Victory Points,Income,Investment,Negotiation,Set Collection,Tile Placement,Trading,Victory Points as a Resource",7.0,"Not Rated,Not Rated",1.9,1,45,8,8,3,5,3,5,"5","4,5","2,2",3108,"",Base Game,
150312,"Welcome to the Dungeon","https://cf.geekdo-images.com/6eQXDEMIWldaut9w7jXihg__original/img/E_d5wpS2jEaH7mdO6humOGULycA=/0x0/filters:format(jpeg)/pic6771265.jpg",2013,Unknown,"Dimitri Chappuis,Bastien Grivet,Paul Mafayon,Igor Polouchine,Masato Uesugi","Hisanori Hiraoka,Masato Uesugi","Party Game,Family Game","Series: Mini Games (IELLO),Series: Welcome to the Dungeon","Bluffing,Card Game,Fantasy,Fighting","Betting and Bluffing,Memory,Player Elimination,Push Your Luck",6.5,"Not Rated",1.2,2,30,10,8,2,4,2,4,"3","2,3,4","2",1684,"excali8ur",Base Game,
339789,"Welcome to the Moon","https://cf.geekdo-images.com/eCdiHCB9OobumwaGl4dbOQ__original/img/U4DY7_OUE1XI1m1Fi0iubbf2sEI=/0x0/filters:format(png)/pic6204967.png",2021,Unknown,"Anne Heidsieck","Alexis Allard,Benoit Turpin","Thematic,Family Game","Components: Dry Erase Markers / Dry Erase Surfaces,Digital Implementations: Board Game Arena,Digital Implementations: TableTop Simulator Mod (TTS),Mechanism: Campaign Games,Mechanism: Flip-and-Write,Players: Games with Solitaire Rules,Series: Alexis Solo Mode,Series: Welcome To ...,Space: Colonization / Extraterrestrial Colonisation,Space: Earth's Moon","City Building,Science Fiction,Space Exploration","Area Majority / Influence,Bingo,Narrative Choice / Paragraph,Paper-and-Pencil,Pattern Building,Race,Scenario / Mission / Campaign Game,Simultaneous Action Selection,Solo / Solitaire Game",7.8,"Not Rated",2.5,1,25 - 30,10,10,1,6,1,6,"1,2,3,4","1,2,3,4,5,6","23",213,"excali8ur",Base Game,
25821,"The Werewolves of Miller's Hollow","https://cf.geekdo-images.com/rZ0tOafAt1oue_7NKqELsg__original/img/Mxx1Abak0zV1FhoDr5HOnMirFAM=/0x0/filters:format(jpeg)/pic7203269.jpg",2001,Unknown,"Philippe des Pallières,Hervé Marly,Alexios Tjoyas","Philippe des Pallières,Hervé Marly","Party Game","Creatures: Werewolves,Digital Implementations: Board Game Arena,Game: Werewolf / Mafia","Bluffing,Deduction,Horror,Murder / Mystery,Party Game","Hidden Roles,Player Elimination,Role Playing,Team-Based Game,Variable Player Powers,Voting",6.7,"Not Rated",1.3,1,30,10,10,8,18,8,18,"10,11,12,13,14,15","8,9,10,11,12,13,14,15,16,17,18","0",1560,"excali8ur",Base Game,
335275,"Whirling Witchcraft","https://cf.geekdo-images.com/Vghbon6jnyUg6oPQju7DyQ__original/img/mXoGk0Cpiww8k1OpjyCkC3M6FAM=/0x0/filters:format(jpeg)/pic6088814.jpg",2021,Unknown,"Luis Francisco,Weberson Santiago","Erik Andersson Sundén","Family Game","Components: 3-Dimensional (3D),Contests: Fastaval Design Competition,Digital Implementations: Tabletopia,Theme: Witches","Fantasy","Simultaneous Action Selection,Take That,Variable Player Powers",7.2,"Not Rated",1.8,2,15 - 30,14,8,2,5,2,5,"3","2,3,4,5","2",2003,"excali8ur",Base Game,
461255,"Wild World","https://cf.geekdo-images.com/l_h28_KTC1eAwYa19XMkIg__original/img/R1rBKutRx5PhRvi33sQXaRuR2hw=/0x0/filters:format(jpeg)/pic9309973.jpg",2026,Unknown,"Eirik Belaska","Eilif Svensson,Åsmund Svensson,Viljar Opdal Svensson","","Admin: Upcoming Releases,Creatures: Monsters","","Multi-Use Cards,Variable Player Powers,Worker Placement",8.1,"Not Rated",2.7,Unknown,45 - 90,14,Unknown,1,4,1,4,"","","0",Unknown,"",Base Game,
445044,"Wispwood","https://cf.geekdo-images.com/OymEgib8Sh3Mhup64pJX-A__original/img/pIvle5n77Ysb9_9Bzjwtguq1QHE=/0x0/filters:format(jpeg)/pic8857307.jpg",2025,Unknown,"Štěpán Drašťák","Reed Ambrose","Abstract Game,Family Game","Animals: Cats,Components: Ultraviolet light (blacklight),Creatures: Fairies / Elves / Pixies,Digital Implementations: Board Game Arena,Digital Implementations: Yucata,Holidays: Halloween,Theme: Trees and Forests","Abstract Strategy,Fantasy","Grid Coverage,Open Drafting,Pattern Building,Score-and-Reset Game,Solo / Solitaire Game,Square Grid,Tile Placement",7.4,"Not Rated",2.0,2,30 - 45,10,12,1,4,1,4,"3","1,2,3,4","3",2261,"excali8ur",Base Game,
368058,"The Wolves","https://cf.geekdo-images.com/6irYLjUf_o0rK7E_4qI-gw__original/img/Cyll_t91vZxuxt_fBbSb0z70vPA=/0x0/filters:format(png)/pic6990829.png",2022,Unknown,"Pauliina Linjama","Ashwin Kamath,Clarence Simpson","Strategy Game","Animals: Wolves,Category: Combinatorial,Digital Implementations: Board Game Arena,Digital Implementations: TableTop Simulator Mod (TTS),Organizations: Game Designers of North Carolina,Theme: Biology,Theme: Nature","Animals,Territory Building","Area Majority / Influence,Grid Movement,Hexagon Grid,Modular Board,Take That,Variable Set-up",7.2,"Not Rated",2.8,2,75,14,12,2,5,2,5,"3","2,3,4","5",1060,"excali8ur",Base Game,
227935,"Wonderland's War","https://cf.geekdo-images.com/bUbrvlY6Dw1cdb-sNrnkew__original/img/KcU-Srht_4xyLQ69ZjFcFKEOfMc=/0x0/filters:format(jpeg)/pic5188761.jpg",2022,Unknown,"Manny Trembley","Tim Eisner,Ben Eisner,Ian Moss","Strategy Game","Books: Alice in Wonderland,Components: Game Trayz Inside,Components: Miniatures,Components: Standees,Crowdfunding: Kickstarter,Settings: Wonderland's War (Druid City Games)","Fantasy,Novel-based","Area Majority / Influence,Deck, Bag, and Pool Building,Dice Rolling,Open Drafting,Push Your Luck,Rondel,Variable Player Powers",8.0,"Not Rated",3.0,3,45 - 125,13,12,2,5,2,5,"4","3,4,5","0",134,"",Base Game,
400366,"Wondrous Creatures","https://cf.geekdo-images.com/3ue_3La0WYopTSDER3shUA__original/img/fm8i0N9fCQRGqNHgk0jh0gk01Ww=/0x0/filters:format(jpeg)/pic8389014.jpg",2024,Unknown,"Sophia Kang","Yeom.C.W","Strategy Game","Components: Magnets,Components: Meeples (Animal) / Animeeples,Components: Sand Timers,Components: Wooden pieces & boards,Containers: Book-like,Crowdfunding: Kickstarter,Digital Implementations: Board Game Arena,Digital Implementations: TableTop Simulator Mod (TTS),Digital Implementations: Tabletopia,Mechanism: Tableau Building,Players: Games with Solitaire Rules","Fantasy","End Game Bonuses,Hand Management,Hexagon Grid,Open Drafting,Set Collection,Tags,Variable Player Powers,Worker Placement,Worker Placement, Different Worker Types",8.0,"Not Rated",3.0,3,40 - 80,14,12,1,4,1,4,"2,3","1,2,3","0",194,"",Base Game,
365258,"World Wonders","https://cf.geekdo-images.com/GGi5aUL1dVQIrytxgXow4g__original/img/ZpVBZXZhs1plAi5s4M7Db3YwBLc=/0x0/filters:format(png)/pic7604558.png",2023,Unknown,"Odysseas Stamoglou,Tom Ventre","Zé Mendes","Strategy Game,Family Game","Components: Polyominoes,Components: Wooden pieces & boards,Misc: Watch It Played How To Videos,Theme: Construction","Ancient,City Building","Action Points,Grid Coverage,Loans,Open Drafting,Solo / Solitaire Game,Square Grid,Tile Placement",7.6,"Not Rated",2.3,1,50 - 70,12,10,1,5,1,5,"3","1,2,3,4","5",476,"excali8ur",Base Game,
441235,"World Wonders: Europa Wonders Pack","https://cf.geekdo-images.com/zd9_zD4V_X6K-1bKjGM66A__original/img/QmuQVUhL7tHz7V323Xk9NE8hgSQ=/0x0/filters:format(jpeg)/pic9054897.jpg",2025,Unknown,"Matthew Sellers,Tom Ventre","Zé Mendes","","Components: Polyominoes,Crowdfunding: Spieleschmiede,Theme: Construction","Expansion for Base-game,Ancient,City Building","Action Points,Solo / Solitaire Game,Tile Placement",8.2,"Not Rated",2.0,1,70,14,Unknown,1,5,1,5,"","","0",Unknown,"excali8ur",Expansion,
406746,"World Wonders: Mundo Wonders Pack","https://cf.geekdo-images.com/2JZ5oJbHxEGMu_h37kWr-Q__original/img/-_Ni-AtlZvJeYm-0jDgSVnNGIFA=/0x0/filters:format(png)/pic7896785.png",2024,Unknown,"Tom Ventre","Zé Mendes","","Components: Polyominoes,Theme: Construction","Expansion for Base-game,Ancient,City Building","Action Points,Solo / Solitaire Game,Tile Placement",8.1,"Not Rated",2.3,1,50 - 70,14,10,1,5,1,5,"1,2,3","1,2,3,4,5","0",Unknown,"excali8ur",Expansion,
314393,"Wutaki","https://cf.geekdo-images.com/Hz7xY0JxOsCJ9lRm2TCYOg__original/img/o7jieNScaEmisBr9cT7f_uAYnDI=/0x0/filters:format(jpeg)/pic6097188.jpg",2021,Unknown,"David Rimbach","David Rimbach","","Crowdfunding: Kickstarter","Adventure,Card Game,Economic,Territory Building","Hidden Roles,Hidden Victory Points,Open Drafting,Roles with Asymmetric Information,Take That,Turn Order: Claim Action,Worker Placement,Worker Placement, Different Worker Types",7.4,"Not Rated",2.8,1,60 - 90,14,10,2,4,2,4,"4","2,3,4","3",7460,"excali8ur",Base Game,
344254,"Yummy Yummy Monster Tummy","https://cf.geekdo-images.com/oNU9yDtFMEu71YxWFp31KQ__original/img/-mDPaPP0GsFxoSGesCyXBxpeGJY=/0x0/filters:format(png)/pic6326226.png",2021,Unknown,"JocArt","Andreas Wilde","Children's Game","Category: Color,Components: Digital Hybrid – App/Website Required,Creatures: Monsters,Misc: LongPack Games,Versions & Editions: Junior Versions of Grown-Up Games","Card Game,Children's Game,Humor","Cooperative Game,Hand Management,Matching,Push Your Luck",7.0,"Not Rated",1.1,2,15 - 30,6,4,2,4,2,4,"3","2,3,4","4",3921,"excali8ur",Base Game,
283482,"Zookeepers","https://cf.geekdo-images.com/w7H8Qq6mHTETgS6TQIXNJA__original/img/205sj-CW4r6T1sRufM0f6EUyNzg=/0x0/filters:format(png)/pic6395462.png",2022,Unknown,"Amanda Argollo,Alexandre Duarte","Pedro Gordalina","","Admin: Better Description Needed!,Digital Implementations: Board Game Arena,Theme: Endangered / Extinct species,Theme: Zoos, Aquaria, Safari Parks","Animals,Card Game,Educational","Open Drafting,Set Collection,Take That",5.3,"Not Rated",1.8,1,30 - 60,10,10,2,6,2,6,"","","1",29700,"excali8ur",Base Game,
