objectname,objectid,rating,numplays,weight,own,fortrade,want,wanttobuy,wanttoplay,prevowned,preordered,wishlist,wishlistpriority,wishlistcomment,comment,conditiontext,haspartslist,wantpartslist,collid,baverage,average,avgweight,rank,numowned,objecttype,originalname,minplayers,maxplayers,playingtime,maxplaytime,minplaytime,yearpublished,bggrecplayers,bggbestplayers,bggrecagerange,bgglanguagedependence,publisherid,imageid,year,language,other,itemtype,barcode,pricepaid,pp_currency,currvalue,cv_currency,acquisitiondate,acquiredfrom,quantity,privatecomment,invlocation,invdate,version_publishers,version_languages,version_yearpublished,version_nickname
"13 Monsters","292354","8","1","0","1","0","0","0","0","0","0","0","3","","","","","","65850640","5.51626","6.35833","2.5","20940","140","thing","13 Monsters","2","8","75","75","30","2020","2,3,4,5,6,7,8","3,5,6","","No necessary in-game text","","","","","","standalone","","42","EUR","","","","Kickstarter","","","","","Twisted Stranger B.V.","Dutch; English; French; German; Spanish","2020","Multilingual kickstarter edition"
"13 Monsters: Armed to the Teeth","320519","0","0","0","1","0","0","0","0","0","0","0","3","","","","","","86111339","0","6.54545","0","0","53","thing","13 Monsters: Armed to the Teeth","2","6","90","90","60","2021","","","","","","","","","","expansion","","15","EUR","","","2022-10-15","Spiel","","","","","Playing With Strangers B.V.","Dutch; English; French; German","2021","Multilingual retail edition"
"15 Days","298619","0","5","0","1","0","0","0","0","0","0","0","3","","","","","","124694077","5.64894","6.32028","1.8","7611","1796","thing","15 Days","1","4","20","20","20","2020","1,2,3,4","3","10+","No necessary in-game text","","","","","","standalone","","","","","","","","","","","","ThunderGryph Games","English","2020","English edition"
"365 Adventures: The Dungeon – 2025","424055","0","17","0","1","0","0","0","0","0","0","0","3","","","","","","120950870","5.53191","6.48775","1","16445","302","thing","365 Adventures: The Dungeon – 2025","1","1","5","5","2","2024","1","1","6+","","","","","","","standalone","","","","","","","","","","","","","","",""
"7 Gods","308663","0","0","0","1","0","0","0","0","0","0","0","3","","","","","","86205346","5.50887","6.37179","3","23521","70","thing","7 Gods","2","6","180","180","30","2020","3,4,5,6","4","12+","","","","","","","standalone","","60","EUR","","","2021-10-15","Spiel","","","","","Studio Infinitus","English","2020","English edition"
"7 Wonders Dice","446231","0","2","0","1","0","0","0","0","0","0","0","4","","Spiel25","","","","137335152","5.90518","6.41974","2.5556","3866","2749","thing","7 Wonders Dice","2","7","30","30","25","2025","2,3,4,5,6,7","3,4,5","8+","No necessary in-game text","","","","","","standalone","","","","","","2025-11-27","Secret Santa 2025","","","","","","","",""
"7 Wonders: Architects","346703","0","7","0","1","0","0","0","0","0","0","0","3","","","","","","99527177","6.76763","7.03171","1.387","818","20643","thing","7 Wonders: Architects","2","7","25","25","25","2021","2,3,4,5,6,7","4","6+","No necessary in-game text","","","","","","standalone","","37.5","EUR","","","2022-11-06","Spellenspektakel","","","","","Repos Production","English","2021","English edition"
"8 Dragons","454438","0","0","0","0","0","0","0","1","0","0","0","3","","Spiel26","","","","149187874","0","7.32853","2.5","0","69","thing","8 Dragons","2","4","60","60","40","2027","","","8+","","","","","","","standalone","","","","","","","","","","","","","","",""
"Abroad","437337","0","0","0","0","0","0","0","1","0","0","0","3","","Spiel26","","","","149373659","5.88549","7.72558","2.75","4033","967","thing","Abroad","1","5","90","90","90","2025","1,2,3,4","3,4","12+","Moderate in-game text - needs crib sheet or paste ups","","","","","","standalone","","","","","","","","","","","","","","",""
"Ada's Dream","413469","0","0","0","0","0","0","0","0","0","0","1","4","Leuk, maar leuk genoeg voor 85?","Spiel25","","","","135600734","6.31511","8.00555","3.9533","1841","2031","thing","Ada's Dream","1","4","120","120","90","2025","1,2,3,4","3","14+","Some necessary text - easily memorized or small crib sheet","","","","","","standalone","","","","","","","","","Spiel 25","","","","","",""
"Adrift: A Puzzletale","364276","0","0","0","0","0","0","0","0","0","0","1","2","","","","","","138215584","5.63676","7.76139","2.9","8004","582","thing","Adrift: A Puzzletale","1","4","180","180","90","2022","1,2,3","2","10+","","","","","","","standalone","","","","","","","","","","","","","","",""
"De Alchemist","161970","0","0","0","1","0","0","0","0","0","0","0","3","","","","","","63492590","7.39334","7.63627","3.923","179","33825","thing","Alchemists","2","4","120","120","120","2015","2,3,4","4","12+","Moderate in-game text - needs crib sheet or paste ups","","","","","","standalone","","","","","","","","","","","","The Game Master BV","Dutch","2015","Dutch edition"
"Alchemists: The King's Golem","204650","0","0","0","1","0","0","0","0","0","0","0","3","","","","","","68458967","6.55869","8.36173","4.5522","0","7711","thing","Alchemists: The King's Golem","2","4","120","120","120","2016","2,3,4","3","14+","Some necessary text - easily memorized or small crib sheet","","","","","","expansion","","","","","","","","","","","","Czech Games Edition (CGE)","English","2016","English edition"
"Allemaal stekeltjes","296358","0","3","0","1","0","0","0","0","0","0","0","3","","","","","","95877791","5.5267","6.17298","1","17723","279","thing","Hedgehog Haberdash","2","4","10","10","10","2020","2,3,4","4","2–6","","","","","","","standalone","","","","","","","","","","","","HABA","Dutch; English; French; German; Italian; Spanish","2020","Multilingual edition (Dutch packaging)"
"Almighty","382158","0","0","0","0","0","0","0","1","0","0","0","3","","Spiel26","","","","147723307","5.53769","7.7","2.6667","15314","90","thing","Almighty","1","4","90","90","60","2027","1,2,3,4","4","10+","","","","","","","standalone","","","","","","","","","","","","","","",""
"Ananda","428577","0","4","0","1","0","0","0","0","0","0","0","3","","","","","","123891593","5.55798","6.73864","1.3333","12551","261","thing","Ananda","2","4","45","45","30","2024","2,3,4","2,3","8+","No necessary in-game text","","","","","","standalone","","","","","","","","","","","","","","",""
"Around the World in 80 Days","419454","0","3","0","1","0","0","0","0","0","0","0","3","Spiel 24","","","","","123003015","5.58249","6.93664","2","10564","312","thing","Around the World in 80 Days","2","4","30","30","30","2024","1,2,3,4","2,3","8+","","","","","","","standalone","","","","","","","","","","","","","","",""
"Arribada","465889","0","0","0","0","0","0","0","1","0","0","0","3","","Spiel26","","","","149226329","0","7.55556","0","0","21","thing","Arribada","2","4","45","45","30","2026","","","","No necessary in-game text","","","","","","standalone","","","","","","","","","","","","","","",""
"Ashes & Amber","450286","0","0","0","0","0","0","0","0","0","0","1","2","Spiel25, moet nog uitkomen.","","","","","137823853","0","7.3913","3","0","14","thing","Ashes & Amber","1","4","160","160","40","2026","","","","","","","","","","standalone","","","","","","","","","","","","","","",""
"Avalon: The Riven Veil","402276","0","0","0","1","0","0","0","0","0","0","0","1","","","","","","123708097","5.97007","8.6886","3.6","3401","1527","thing","Avalon: The Riven Veil","2","4","120","120","90","2026","2,3,4","3,4","12+","Moderate in-game text - needs crib sheet or paste ups","","","","","","standalone","","","","","","2026-08-18","Kickstarter","","","","","","","",""
"Babylon","418354","0","4","0","1","0","0","0","0","0","0","0","3","Spiel '24","","","","","123000252","5.90912","7.09726","1.8529","3839","1847","thing","Babylon","2","4","60","60","40","2024","2,3,4","3","8+","No necessary in-game text","","","","","","standalone","","","","","","","","","","","","","","",""
"Bardwood Grove","344925","0","0","0","0","0","0","0","0","0","0","1","2","Spiel 24","","","","","123003512","5.8461","7.2658","3.2647","4380","2136","thing","Bardwood Grove","1","4","90","90","60","2024","1,2,3","2","12+","Some necessary text - easily memorized or small crib sheet","","","","","","standalone","","","","","","","","","","","","","","",""
"De Betoverde Torens","355483","0","1","0","0","0","0","0","0","0","0","0","3","","","","","","112103982","6.83841","7.32293","1.5946","714","13447","thing","Wandering Towers","1","6","30","30","30","2023","3,4,5,6","4,5","6+","No necessary in-game text","","","","","","standalone","","","","","","","","","","","","HOT Games","Dutch","2023","Dutch edition"
"Biome","382549","0","7","0","1","0","0","0","0","0","0","0","3","","","","","","111995444","5.94291","7.47128","2.5897","3577","1992","thing","Biome","1","4","90","90","60","2024","2,3,4","2,3","10+","Extensive use of text - massive conversion needed to be playable","","","","","","standalone","","","","","","","","","","","","Lioness Games","English; German","2024","English/German edition"
"Biome","382549","0","7","0","0","0","0","0","0","0","0","0","3","","","","","","111995446","5.94291","7.47128","2.5897","3577","1992","thing","Biome","1","4","90","90","60","2024","2,3,4","2,3","10+","Extensive use of text - massive conversion needed to be playable","","","","","","standalone","","","","","","","","","","","","Lioness Games","English; German","2024","English/German edition"
"Block and Key","311930","0","3","0","1","0","0","0","0","0","0","0","3","","","","","","80317261","5.91936","6.99155","1.75","3749","2641","thing","Block and Key","1","4","40","40","20","2022","1,2,3,4","4","8+","No necessary in-game text","","","","","","standalone","","","","","","","","","","","","Inside Up Games","English","2022","English edition"
"Blueprints of Mad King Ludwig","376610","0","0","0","0","0","0","0","0","0","0","1","3","","","","","","104264958","5.88881","7.3432","2.8182","4003","1943","thing","Blueprints of Mad King Ludwig","1","5","60","60","60","2024","1,2,3,4,5","4","10+","","","","","","","standalone","","","","","","","","","","","","","","",""
"Boblin's Rebellion","370399","0","0","0","0","0","0","0","0","0","0","1","3","","","","","","124546719","5.54807","7.16197","2.5","13718","320","thing","Boblin's Rebellion","1","4","40","40","30","2024","1,2,3,4","1","12+","No necessary in-game text","","","","","","standalone","","","","","","","","","","","","","","",""
"Borealis: Arctic Expeditions","448116","0","0","0","0","0","0","0","1","0","0","0","3","","Spiel26","","","","149373339","5.75585","7.32304","2.4167","5429","829","thing","Borealis: Arctic Expeditions","2","4","45","45","45","2026","1,2,3,4","3","12+","Some necessary text - easily memorized or small crib sheet","","","","","","standalone","","","","","","","","","","","","","","",""
"Boss Monster 2: The Next Level","174973","0","0","0","1","0","0","0","0","0","0","0","3","","","","","","68457620","6.1672","6.70296","1.8444","2377","13949","thing","Boss Monster 2: The Next Level","2","4","30","30","20","2015","2,3,4","2","10+","Moderate in-game text - needs crib sheet or paste ups","","","","","","standalone","","","","","","","","","","","","Brotherwise Games","English","2015","English standard edition"
"Boss Monster: The Dungeon Building Card Game","131835","0","0","0","1","0","0","0","0","0","0","0","3","","","","","","68457598","6.07685","6.26846","1.8469","2804","40225","thing","Boss Monster: The Dungeon Building Card Game","2","4","30","30","30","2016","2,3,4","4","8+","Moderate in-game text - needs crib sheet or paste ups","","","","","","standalone","","","","","","","","","","","","Brotherwise Games","English","2016","English second edition, fifth printing"
"Bunny Kingdom","184921","0","14","0","1","0","0","0","0","0","0","0","2","","","","","","99516307","7.10361","7.40458","2.2997","393","21675","thing","Bunny Kingdom","2","4","60","60","40","2020","2,3,4","3,4","10+","Moderate in-game text - needs crib sheet or paste ups","","","","","","standalone","","47.5","EUR","","","2022-11-06","Spellenspektakel","","","","","IELLO","English","2020","English edition 2020"
"Bunny Kingdom: Bunny Express","373425","0","0","0","1","0","0","0","0","0","0","0","3","","","","","","112103861","5.58102","7.12127","1.75","0","1133","thing","Bunny Kingdom: Bunny Express","2","4","60","60","40","2023","3,4","4","","","","","","","","expansion","","","","","","","","","","","","IELLO","English","2023","English edition"
"Bunny Kingdom: In the Sky","264396","0","1","0","1","0","0","0","0","0","0","0","3","","","","","","106016343","6.22553","7.51081","2.913","0","5708","thing","Bunny Kingdom: In the Sky","2","5","60","60","40","2019","2,3,4,5","4","12+","Moderate in-game text - needs crib sheet or paste ups","","","","","","expansion","","","","","","","","","","","","","","",""
"Carcassonne","822","0","0","0","1","0","0","0","0","0","0","0","3","","","","","","68458186","7.29914","7.41674","1.8839","240","226875","thing","Carcassonne","2","5","45","45","30","2005","2,3,4,5","2","8+","No necessary in-game text","","","","","","standalone","","","","","","","","","","","","999 Games; Hans im Glück","Dutch","2005","Dutch edition 2005"
"Carcassonne Overzee","16216","0","1","0","1","0","0","0","0","0","0","0","3","","","","","","92478693","5.96301","6.47913","1.9367","3451","4391","thing","Carcassonne: The Discovery","2","5","45","45","30","2005","2,3,4,5","3","8+","No necessary in-game text","","","","","","standalone","","","","","","","","","","","","999 Games; Hans im Glück","Dutch","2005","Dutch edition"
"Carcassonne: Cult, Siege & Creativity","35666","0","0","0","1","0","0","0","0","0","0","0","3","","","","","","68458224","5.84289","6.76231","1.8868","0","2940","thing","Carcassonne: Cult, Siege & Creativity","2","6","60","60","60","2008","2,3,4,5","2,4","8+","No necessary in-game text","","","","","","expansion","","","","","","","","","","","","Hans im Glück; Rio Grande Games","English","2008","English edition"
"Carcassonne: De Draak, de Fee en de Jonkvrouw","15158","0","0","0","1","0","0","0","0","0","0","0","3","","","","","","68458263","6.51699","6.82347","1.9917","0","29841","thing","Carcassonne: Dragon & Fairy","2","6","60","60","60","2005","2,3,4,5,6","3,4","8+","No necessary in-game text","","","","","","expansion","","","","","","","","","","","","999 Games; Hans im Glück","Dutch","2005","Dutch edition 2005"
"Carcassonne: De Rivier","2591","0","0","0","1","0","0","0","0","0","0","0","3","","","","","","68458207","6.71689","7.04238","1.6858","0","23844","thing","Carcassonne: The River","2","5","45","45","30","2001","2,3,4,5","3","8+","No necessary in-game text","","","","","","expansion","","","","","","","","","","","","999 Games","Dutch","2001","999 Games Dutch edition"
"Carcassonne: De Rivier II","18836","0","0","0","1","0","0","0","0","0","0","0","3","","","","","","68458212","6.57043","7.21688","1.6926","0","10339","thing","Carcassonne: The River II","2","6","60","60","60","2005","2,3,4,5,6","3","8+","No necessary in-game text","","","","","","expansion","","","","","","","","","","","","999 Games","Dutch","2005","Dutch edition"
"Carcassonne: Jagers en Verzamelaars","4390","0","0","0","1","0","0","0","0","0","0","0","3","","","","","","68458192","6.84735","7.13096","1.9223","696","19597","thing","Carcassonne: Hunters and Gatherers","2","5","40","40","35","2020","2,3,4,5","2,3","8+","No necessary in-game text","","","","","","standalone","","","","","","","","","","","","999 Games","Dutch","2020","Dutch edition 2020"
"Carcassonne: The Count of Carcassonne","12903","0","0","0","1","0","0","0","0","0","0","0","3","","","","","","68458208","5.74732","5.96891","2.0059","0","9743","thing","Carcassonne: The Count of Carcassonne","2","6","60","60","60","2015","2,3,4,5","3,4","8+","No necessary in-game text","","","","","","expansion","","","","","","","","","","","","Hans im Glück","English","2015","English One-Tile edition"
"Carcassonne: Uitbreiding 4 – De Toren","21385","0","0","0","1","0","0","0","0","0","0","0","3","","","","","","68458215","6.24804","6.60911","2.163","0","20403","thing","Carcassonne: Towers & Thieves","2","6","60","60","60","2017","2,3,4,5","3","8+","No necessary in-game text","","","","","","expansion","","","","","","","","","","","","999 Games","Dutch","2017","999 Dutch edition"
"Cardcassonne","58798","0","0","0","1","0","0","0","0","0","0","0","3","","","","","","68458812","5.77605","6.30682","1.7396","5130","2793","thing","Cardcassonne","2","5","45","45","30","2010","3,4,5","4","8+","No necessary in-game text","","","","","","standalone","","","","","","","","","","","","999 Games; Hans im Glück","Dutch","2010","Dutch edition"
"Carla Caramel","351937","0","5","0","1","0","0","0","0","0","0","0","3","","","","","","95956482","5.5339","6.35","1","16038","231","thing","Carla Caramel","1","6","25","25","10","2022","1,2,3,4","1,2","3–6","No necessary in-game text","","","","","","standalone","","15","EUR","","","","","","","","","LOKI","Dutch; English; French; German; Italian; Spanish","2022","EN/FR/GE/IT/NL/SP edition"
"Cartographers Heroes","315767","0","1","0","1","0","0","0","0","0","0","0","3","","","","","","100060707","7.04362","7.69235","1.9823","462","16949","thing","Cartographers Heroes","1","100","45","45","30","2021","1,2,3,4,5,6,7,8,9,10","3,4","10+","Some necessary text - easily memorized or small crib sheet","","","","","","standalone","","","","","","","","","SecretSanta 2022 Gift","","","","","",""
"Cartographers: Een Roll Playing Verhaal","263918","0","14","0","1","0","0","0","0","0","0","0","3","","","","","","92478696","7.38561","7.54873","1.8925","185","63695","thing","Cartographers","1","100","45","45","30","2021","1,2,3,4,5,6,7,8","3,4","8+","Some necessary text - easily memorized or small crib sheet","","","","","","standalone","","","","","","","","","","","","Intrafin Games; Thunderworks Games","Dutch","2021","Dutch edition"
"Cartographers: Map Pack 1 – Nebblis: Plane of Flame","319272","0","0","0","1","0","0","0","0","0","0","0","3","","","","","","93739353","6.02213","7.97103","1.75","0","4990","thing","Cartographers: Map Pack 1 – Nebblis: Plane of Flame","1","75","45","45","30","2021","1,3,4,5,6","3,4","10+","Some necessary text - easily memorized or small crib sheet","","","","","","expansion","","","","","","","","","","","","Thunderworks Games","English","2021","English edition"
"Cartographers: Map Pack 2 – Affril: Plane of Knowledge","319273","0","0","0","1","0","0","0","0","0","0","0","3","","","","","","93703046","5.95606","7.81377","1.875","0","4864","thing","Cartographers: Map Pack 2 – Affril: Plane of Knowledge","1","75","45","45","30","2021","2,3,4,5,6,7,8,9,10,11","3,4","10+","Some necessary text - easily memorized or small crib sheet","","","","","","expansion","","","","","","","","","","","","Thunderworks Games","English","2021","English edition"
"Cartographers: Map Pack 3 – Undercity: Depths of Sabek","319274","0","0","0","1","0","0","0","0","0","0","0","3","","","","","","93770738","5.93027","7.81667","1.8333","0","4702","thing","Cartographers: Map Pack 3 – Undercity: Depths of Sabek","1","75","45","45","30","2021","1,2,3","1","10+","","","","","","","expansion","","","","","","","","","","","","Thunderworks Games","English","2021","English edition"
"Castle Up","378074","0","0","0","0","0","0","0","1","0","0","0","3","","Spiel25","","","","137349191","5.51119","6.46885","2.5","22764","209","thing","Castle Up","2","4","90","90","60","2025","2,3,4","2","12+","Moderate in-game text - needs crib sheet or paste ups","","","","","","standalone","","","","","","","","","","","","","","",""
"Catan","13","0","0","0","1","0","0","0","0","0","0","0","3","","","","","","68458166","6.90178","7.09034","2.2808","626","244499","thing","Catan","3","4","120","120","60","2016","3,4","4","8+","Some necessary text - easily memorized or small crib sheet","","","","","","standalone","","","","","","","","","","","","999 Games","Dutch","2016","Dutch edition 2016"
"Cerebria: The Card Game","236304","0","3","0","1","0","0","0","0","0","0","0","3","","","","","","104065441","5.64067","6.36659","2.4444","7876","1559","thing","Cerebria: The Card Game","2","5","30","30","15","2018","2,3,4","3","12+","No necessary in-game text","","","","","","standalone","","","","","","","","","","","","","","",""
"Chakra","267378","0","4","0","1","0","0","0","0","0","0","0","3","","","","","","68457506","6.22658","6.85276","1.7667","2152","4571","thing","Chakra","1","4","30","30","30","2019","2,3,4","2","8+","No necessary in-game text","","","","","","standalone","","","","","","","","","","","","Quick Simple Fun Games; BLAM !","English","2019","English edition"
"Chakra: Yin Yang","312950","0","0","0","0","0","0","0","0","0","0","1","3","","","","","","100060674","5.67493","7.56128","2","0","1186","thing","Chakra: Yin Yang","2","4","30","30","30","2020","1,2,3,4","2","8+","","","","","","","expansion","","","","","","","","","","","","","","",""
"Chandigarh","374134","0","1","0","0","0","0","0","0","0","0","0","3","","","","","","120951755","5.79586","6.9924","2.3529","4903","1151","thing","Chandigarh","2","4","60","60","45","2024","2,3,4","2,3","10+","No necessary in-game text","","","","","","standalone","","","","","","","","","","","","","","",""
"Chaos Cove","228657","0","0","0","0","0","0","0","1","0","0","0","3","Spiel 24","","","","","122548836","5.5311","6.77458","2.25","16627","192","thing","Chaos Cove","2","4","120","120","120","2024","4","4","","","","","","","","standalone","","","","","","","","","","","","","","",""
"Chemical Overload","355788","0","0","0","0","0","0","0","0","0","0","1","3","","Spiel25","","","","137667843","5.63661","6.80804","2.4","8013","325","thing","Chemical Overload","1","4","75","75","45","2025","2,3,4","2","10+","Moderate in-game text - needs crib sheet or paste ups","","","","","","standalone","","","","","","","","","","","","","","",""
"Chompin' Charlie","351466","0","13","0","1","0","0","0","0","0","0","0","3","","","","","","99222546","0","3.83333","1","0","32","thing","Chompin' Charlie","2","4","0","0","0","2021","","","","","","","","","","standalone","","","","","","","","","","","","Goliath Games","English","2021","English edition"
"Cities","402676","0","1","0","0","0","0","0","0","0","0","0","3","","","","","","120950695","6.67488","7.2696","1.8958","965","9697","thing","Cities","2","4","45","45","45","2024","2,3,4","4","10+","Some necessary text - easily memorized or small crib sheet","","","","","","standalone","","","","","","","","","","","","","","",""
"City Builder: Ancient World","309207","0","4","0","1","0","0","0","0","0","0","0","3","","","","","","98502337","5.63632","6.79724","2.375","8020","618","thing","City Builder: Ancient World","1","4","60","60","30","2021","1,2,3,4","3","8+","","","","","","","standalone","","46","EUR","","","","","","","","","Inside Up Games","English","2021","English edition"
"Clank!: A Deck-Building Adventure","201808","0","4","0","1","0","0","0","0","0","0","0","2","","","","","","98487309","7.59143","7.75845","2.2333","103","62989","thing","Clank!: A Deck-Building Adventure","2","4","60","60","30","2016","2,3,4","3","8+","Moderate in-game text - needs crib sheet or paste ups","","","","","","standalone","","","","","","","","","","","","Dire Wolf; Renegade Game Studios","English","2016","English edition"
"Club of Cthulhu","445785","0","0","0","0","0","0","0","1","0","0","0","3","","Spiel26","","","","149252780","5.51909","8.28655","1.75","19992","89","thing","Club of Cthulhu","2","4","30","30","15","2025","3,4","3,4","10+","Some necessary text - easily memorized or small crib sheet","","","","","","standalone","","","","","","","","","","","","","","",""
"Coco Crazy","2792","0","0","0","1","0","0","0","0","0","0","0","3","","","","","","68458306","5.48478","5.41681","1.125","29176","869","thing","Coco Crazy","2","8","20","20","20","1992","3,4,5,6","4","6–12","No necessary in-game text","","","","","","standalone","","","","","","","","","","","","Otto Maier Verlag","Dutch","1992","Dutch first edition"
"Coffee Rush","377061","0","1","0","0","0","0","0","0","0","0","0","3","","","","","","124546741","6.5457","7.08487","1.7935","1227","12979","thing","Coffee Rush","2","4","30","30","30","2023","2,3,4","3","8+","No necessary in-game text","","","","","","standalone","","","","","","","","","","","","","","",""
"Coral","343899","0","2","0","1","0","0","0","0","0","0","0","3","","","","","","98484063","5.72124","6.54444","1.375","5988","1532","thing","Coral","1","4","20","20","10","2022","1,2,3,4","1","8+","No necessary in-game text","","","","","","standalone","","","","","","","","","","","","2Tomatoes Games; Black Box Adventures","Dutch","2022","Dutch edition"
"Covenant","429863","0","2","0","1","0","0","0","0","0","0","0","3","","","","","","137777702","6.42617","7.67119","3.713","1527","3746","thing","Covenant","1","4","100","100","100","2025","1,2,3,4","2","14+","No necessary in-game text","","","","","","standalone","","60","EUR","","","2025-10-24","Spiel25","","","","","","","",""
"Crispy Critters","447683","0","0","0","0","0","0","0","1","0","0","0","3","","Spiel 26?","","","","136083417","0","0","1","0","0","thing","Crispy Critters","2","4","25","25","15","2026","2,3,4","2,3,4","6+","","","","","","","standalone","","","","","","","","","","","","","","",""
"CuBirds","245476","0","12","0","1","0","0","0","0","0","0","0","3","","","","","","80317291","6.56674","6.89598","1.3084","1184","13580","thing","CuBirds","2","5","20","20","20","2018","2,3,4,5","3","8+","No necessary in-game text","","","","","","standalone","","","","","","","","","","","","MS Edizioni","Italian","2018","Italian edition"
"Cubitos","298069","0","5","0","1","0","0","0","0","0","0","0","3","","","","","","92478684","6.9897","7.35404","2.1667","519","18111","thing","Cubitos","2","4","60","60","30","2021","2,3,4","3,4","8+","Moderate in-game text - needs crib sheet or paste ups","","","","","","standalone","","","","","","","","","","","","White Goblin Games","Dutch","2021","Dutch edition"
"The Dawn of Pangaea","449854","0","0","0","0","0","0","0","1","0","0","0","3","","Spiel26","","","","149187635","0","8.46429","0","0","25","thing","The Dawn of Pangaea","1","4","80","80","40","2026","","","","","","","","","","standalone","","","","","","","","","","","","","","",""
"Diamant","15512","0","0","0","0","0","0","0","1","0","0","0","3","","","","","","120951590","6.71047","6.84909","1.1133","901","33667","thing","Diamant","3","8","40","40","20","2005","3,4,5,6,7,8","6,7,8","6+","No necessary in-game text","","","","","","standalone","","","","","","","","","","","","","","",""
"Dice Forge","194594","0","4","0","1","0","0","0","0","0","0","0","2","","","","","","80940036","7.00459","7.20965","1.9746","508","39301","thing","Dice Forge","2","4","45","45","45","2017","2,3,4","4","8+","No necessary in-game text","","","","","","standalone","","","","","","2023-12-25","Secret Santa 2023","","","","","Libellud","English","2017","English edition 2017"
"Dice Pool Party","445045","0","2","0","0","0","0","0","0","0","0","0","3","","","","","","139452534","5.67347","6.67453","1.1","6988","937","thing","Dice Pool Party","2","8","20","20","10","2025","2,3,4,5","2,4,5","6+","No necessary in-game text","","","","","","standalone","","","","","","","","","","","","Deep Print Games; Pegasus Spiele","English","2025","English edition"
"Dinosaur Island: Rawr 'n Write","318009","0","7","0","1","0","0","0","0","0","0","0","3","","","","","","86205485","6.89292","7.64705","2.8512","635","11651","thing","Dinosaur Island: Rawr 'n Write","1","4","45","45","30","2021","1,2,3,4","2","10+","Some necessary text - easily memorized or small crib sheet","","","","","","standalone","","","","","","","","","","","","Pandasaurus Games","English","2021","English edition"
"Dodo","295490","0","2","0","1","0","0","0","0","0","0","0","3","","","","","","101523815","5.73766","6.50565","1.0455","5694","1891","thing","Dodo","2","4","10","10","10","2022","2,3,4","3","4+","No necessary in-game text","","","","","","standalone","","","","","","","","","","","","999 Games","Dutch","2022","Dutch edition"
"Dog Lover","344839","0","7","0","1","0","0","0","0","0","0","0","3","","","","","","111534697","5.95069","6.69583","1.8438","3526","2952","thing","Dog Lover","2","4","30","30","30","2022","2,3,4","2","10+","Moderate in-game text - needs crib sheet or paste ups","","","","","","standalone","","0","EUR","","","2023-10-06","Spiel 23","","Gekregen als tegemoetkoming van missende delen bij shake that city","","","Alderac Entertainment Group","English","2022","English edition"
"Draftosaurus","264055","0","12","0","1","0","0","0","0","0","0","0","2","","","","","","99089876","6.85359","7.07955","1.2418","683","28199","thing","Draftosaurus","2","5","15","15","15","2019","2,3,4,5","4","6+","No necessary in-game text","","","","","","standalone","","20","EUR","","","2022-11-06","Spellenspektakel","","","","","Ankama","English","2019","English edition"
"Draftosaurus: Aerial Show","320778","0","0","0","0","0","0","0","0","0","0","1","4","","","","","","100060589","5.98902","7.05162","1.3571","0","6092","thing","Draftosaurus: Aerial Show","2","5","20","20","15","2020","2,3,4,5","4","8+","No necessary in-game text","","","","","","expansion","","","","","","","","","","","","","","",""
"Draftosaurus: Goodie Tile","318382","0","0","0","0","0","0","0","0","0","0","1","4","","","","","","100060597","5.59711","7.17622","1.2","0","833","thing","Draftosaurus: Goodie Tile","2","5","15","15","15","2020","2,3,4,5","2,4","8+","","","","","","","expansion","","","","","","","","","","","","","","",""
"Draftosaurus: Marina","320777","0","0","0","0","0","0","0","0","0","0","1","4","","","","","","100060593","6.09277","7.2547","1.45","0","6400","thing","Draftosaurus: Marina","2","5","20","20","15","2020","2,3,4,5","4","8+","No necessary in-game text","","","","","","expansion","","","","","","","","","","","","","","",""
"Dragon Castle","232219","0","0","0","1","0","0","0","0","0","0","0","3","","","","","","63492597","6.7078","7.09399","1.9875","910","12252","thing","Dragon Castle","1","4","45","45","30","2017","2,3,4","2","8+","No necessary in-game text","","","","","","standalone","","","","","","","","","","","","Horrible Guild","English; German; Italian","2017","Multilingual edition"
"Dragon Scrolls","449349","0","1","0","0","0","0","0","0","0","1","0","2","","Spiel25","","","","134372561","0","7.5381","1","0","23","thing","Dragon Scrolls","2","5","10","10","5","2026","","","","","","","","","","standalone","","","","","","","Kickstarter","","","","","","","",""
"Dreadful Meadows","350064","0","2","0","1","0","0","0","0","0","0","0","1","Kickstarter 11-2022 -> Wachten op retail","","","","","99375865","5.89558","7.32531","2.4667","3953","1763","thing","Dreadful Meadows","1","4","60","60","30","2023","1,2,3,4","3","10+","Some necessary text - easily memorized or small crib sheet","","","","","","standalone","","","","","","","","","","","","","","",""
"Drop Drive","308028","0","2","0","1","0","0","0","0","0","0","0","3","","","","","","107884368","5.64083","7.40462","2.125","7870","783","thing","Drop Drive","2","4","60","60","45","2023","2,3,4","3,4","8+","","","","","","","standalone","","","","","","","","","","","","Phase Shift Games","English","2023","English edition"
"Drop Drive: 5th Captain Pack","413803","0","0","0","1","0","0","0","0","0","0","0","3","","","","","","117074390","0","7.78889","0","0","201","thing","Drop Drive: 5th Captain Pack","2","5","0","0","0","0","","","","","","","","","","expansion","","","","","","","","","","","","","","",""
"Drop Drive: Limited Promo Pack (2021)","413300","0","0","0","1","0","0","0","0","0","0","0","3","","","","","","117074368","0","7.93333","0","0","232","thing","Drop Drive: Limited Promo Pack (2021)","2","4","60","60","45","2023","","","","","","","","","","expansion","","","","","","","","","","","","Phase Shift Games","English","2023","English edition"
"Drop Drive: Strange Signals","404232","0","0","0","1","0","0","0","0","0","0","0","3","","","","","","117074355","0","8.10667","0","0","263","thing","Drop Drive: Strange Signals","2","4","60","60","45","2023","","","","","","","","","","expansion","","","","","","","","","","","","Phase Shift Games","English","2023","English edition"
"Drops of Evil","475466","0","0","0","0","0","0","0","1","0","0","0","3","","Spiel26","","","","149226481","0","0","0","0","1","thing","Drops of Evil","2","4","60","60","60","2026","","","","","","","","","","standalone","","","","","","","","","","","","","","",""
"Duck & Cover","422019","0","3","0","0","0","0","0","0","0","0","1","2","","","","","","138350616","6.05871","6.65882","1.0392","2907","4610","thing","Duck & Cover","2","7","20","20","15","2024","2,3,4,5,6,7","4,6","6+","No necessary in-game text","","","","","","standalone","","","","","","","","","","","","","","",""
"Duel om Cardia","447243","0","7","0","1","0","0","0","0","0","0","0","3","","","","","","136519050","6.81267","7.50311","1.7549","747","10960","thing","Duel for Cardia","2","4","15","15","15","2025","2","2","10+","Moderate in-game text - needs crib sheet or paste ups","","","","","","standalone","","","","","","","","","","","","999 Games","Dutch","2025","Dutch edition"
"Dungeons, Dice & Danger","349463","0","2","0","0","0","0","0","0","0","0","0","5","Er zijn leukere roll & writes","","","","","106006006","6.33042","7.02248","1.8667","1788","7833","thing","Dungeons, Dice & Danger","1","4","60","60","45","2022","1,2,3,4","2","10+","No necessary in-game text","","","","","","standalone","","","","","","","","","","","","","","",""
"Elementica","469261","0","0","0","0","0","0","0","1","0","0","0","3","","Spiel26","","","","149373695","0","8.17647","3","0","35","thing","Elementica","1","4","100","100","60","2026","1,2,3,4","3,4","","","","","","","","standalone","","","","","","","","","","","","","","",""
"Elementos","186489","0","0","0","1","0","0","0","0","0","0","0","3","","","","","","68458364","5.5194","6.30793","2","19888","229","thing","Elementos","2","2","15","15","15","2015","2","2","8+","No necessary in-game text","","","","","","standalone","","","","","","","","","","","","Tyto Games","English; German","2015","English/German edition"
"Emerald Echoes","442415","0","0","0","0","0","0","0","0","0","0","1","3","","","","","","147440323","5.54125","7.925","2.6","14705","491","thing","Emerald Echoes","1","99","240","240","240","2026","1,2,3","2","12+","","","","","","","standalone","","","","","","","","","","","","","","",""
"The Emerald Flame","299371","0","5","0","1","0","0","0","0","0","0","0","1","","","","","","135306471","5.96854","8.30072","3.5714","3409","1810","thing","The Emerald Flame","1","4","540","540","270","2021","1,2,3","2","12+","Unplayable in another language","","","","","","standalone","","","","","","","","","","","","","","",""
"Epochs: Course of Cultures","400817","0","1","0","1","0","0","0","0","0","0","0","3","","","","","","138216028","5.79857","7.95348","3.5455","4868","696","thing","Epochs: Course of Cultures","2","4","180","180","120","2025","2,3,4","3,4","12+","Moderate in-game text - needs crib sheet or paste ups","","","","","","standalone","","80","EUR","","","2025-10-26","Spiel25","","","","","","","",""
"Etherstone","412086","0","0","0","0","0","0","0","1","0","0","0","3","","Spiel25","","","","137198423","6.26667","7.60943","2.4444","2007","2937","thing","Etherstone","2","4","60","60","30","2025","2,3,4","2","12+","Extensive use of text - massive conversion needed to be playable","","","","","","standalone","","","","","","","","","","","","","","",""
"Everbloom","369897","0","0","0","0","0","0","0","1","0","0","0","3","","","","","","119856795","5.57122","7.26857","2.8333","11413","482","thing","Everbloom","1","4","90","90","60","2025","2,3,4","3","12+","","","","","","","standalone","","","","","","","","","","","","","","",""
"Evergreen","363307","0","9","0","1","0","0","0","0","0","0","0","3","Spiel 22","","","","","95659182","6.74819","7.44904","2.1339","843","7392","thing","Evergreen","1","4","45","45","45","2022","1,2,3,4","2","10+","No necessary in-game text","","","","","","standalone","","65","EUR","","","","","","","","","Horrible Guild","English","2022","English edition"
"Evergreen: Cherry Blossoms and Bamboo","448442","0","0","0","1","0","0","0","0","0","0","0","1","","","","","","135238027","5.57315","8.08429","0","0","680","thing","Evergreen: Cherry Blossoms and Bamboo","1","4","60","60","45","2025","","","","","","","","","","expansion","","18","EUR","","","2025-10-24","Spiel25","","","","","","","",""
"Evergreen: Essen 2022 Promo Card","372323","0","0","0","1","0","0","0","0","0","0","0","3","","","","","","135237987","5.55588","7.49624","0","0","559","thing","Evergreen: Essen 2022 Promo Card","1","4","45","0","45","2022","","","","","","","","","","expansion","","","","","","","","","","","","","","",""
"Evergreen: Giant Trees and Mushrooms","429028","0","0","0","1","0","0","0","0","0","0","0","1","Spiel 24","","","","","123593673","5.61951","8.03443","2","0","943","thing","Evergreen: Giant Trees and Mushrooms","1","4","45","45","45","2024","2","2","10+","No necessary in-game text","","","","","","expansion","","","","","","","","","","","","","","",""
"Evergreen: Pines and Cacti","400944","0","0","0","1","0","0","0","0","0","0","0","1","","","","","","110496436","5.70838","7.86552","2.3333","0","1788","thing","Evergreen: Pines and Cacti","1","4","45","45","45","2023","1,2,3,4","2","8+","","","","","","","expansion","","","","","","","","","","","","","","",""
"Explorers of Navoria","371932","0","1","0","0","0","0","0","0","0","0","0","3","Spiel 24","","","","","123002768","6.53336","7.48665","2.2708","1259","5798","thing","Explorers of Navoria","2","4","80","80","40","2024","2,3,4","3","10+","No necessary in-game text","","","","","","standalone","","","","","","","","","","","","","","",""
"Explorers of Navoria: Forgotten Lands","411026","0","0","0","0","0","0","0","1","0","0","0","3","","","","","","123002804","5.85812","7.70582","2.7391","0","3043","thing","Explorers of Navoria: Forgotten Lands","1","5","80","80","40","2024","1,2,3,4,5","3","10+","No necessary in-game text","","","","","","expansion","","","","","","","","","","","","","","",""
"Faraway","385761","0","5","0","1","0","0","0","0","0","0","0","1","","","","","","125289694","7.27379","7.53912","1.9449","254","34206","thing","Faraway","2","6","25","25","25","2023","2,3,4,5","3","10+","No necessary in-game text","","","","","","standalone","","","","","","","","","","","","","","",""
"Faraway: Under Starry Skies","451708","0","0","0","0","0","0","0","0","0","0","1","4","","Spiel 25; Waiting for the Dutch (or English Version)","","","","136082757","5.86111","7.72264","2.125","0","4042","thing","Faraway: Under Starry Skies","2","6","30","30","15","2026","2,3,4,5,6","2,3,4,5","8+","No necessary in-game text","","","","","","expansion","","","","","","","","","","","","","","",""
"Faraway: Volkeren uit de Diepte","425029","0","0","0","1","0","0","0","0","0","0","0","3","","","","","","139149084","6.34916","7.82873","1.9167","0","8606","thing","Faraway: People From Below","2","7","25","25","25","2025","2,3,4,5,6","2,4,5","6+","No necessary in-game text","","","","","","expansion","","","","","","2025-11-27","Secret Santa 2025","","","","","White Goblin Games","Dutch","2025","Dutch edition"
"Feya's Swamp","438442","0","0","0","0","0","0","0","1","0","0","0","3","","Spiel25","","","","137335109","6.3636","7.60121","3.1809","1693","3535","thing","Feya's Swamp","2","4","100","100","80","2025","2,3,4","4","14+","No necessary in-game text","","","","","","standalone","","","","","","","","","","","","","","",""
"First Rat","347703","0","2","0","0","0","0","0","0","1","0","0","2","","","","","","99090240","6.83762","7.4956","2.277","715","7870","thing","First Rat","1","5","75","75","30","2022","1,2,3,4,5","3,4","10+","No necessary in-game text","","","","","","standalone","","","","","","","","","SecretSanta 2022 Gift","","","","","",""
"Flame & Forge","457742","0","0","0","0","0","0","0","1","0","0","0","3","","Spiel26","","","","149373242","0","7.86842","2","0","23","thing","Flame & Forge","1","4","60","60","45","2026","1,2,3,4","1,2,3","8+","No necessary in-game text","","","","","","standalone","","","","","","","","","","","","","","",""
"Flamecraft","336986","0","5","0","1","0","0","0","0","0","0","0","3","","","","","","96686238","7.08685","7.36402","2.1892","408","47269","thing","Flamecraft","1","5","60","60","60","2022","1,2,3,4,5","3","8+","Moderate in-game text - needs crib sheet or paste ups","","","","","","standalone","","131","EUR","","","","Crowdfinder","","","","","Cardboard Alchemy; Lucky Duck Games","English","2022","English deluxe edition"
"FLOE","363204","0","0","0","0","0","0","0","0","0","0","1","4","","Spiel 24, 25, 26","","","","120950340","5.54676","7.145","2.963","13900","186","thing","FLOE","1","4","90","90","60","2026","2,3,4","3","","Moderate in-game text - needs crib sheet or paste ups","","","","","","standalone","","","","","","","","","","","","","","",""
"Fonkelschat: Het drakenei","285529","0","4","0","1","0","0","0","0","0","0","0","3","","","","","","99764208","5.52697","6.12162","1","17658","383","thing","Dragon's Breath: The Hatching","2","4","20","20","20","2019","3,4","4","5","","","","","","","standalone","","","","","","","","","","","","HABA","Dutch","2019","Dutch edition"
"Forests of Pangaia","317859","0","2","0","1","0","0","0","0","0","0","0","3","Spiel '24","","","","","105119063","5.98217","7.24481","2.3617","3323","2818","thing","Forests of Pangaia","1","4","60","60","40","2023","2,3,4","3","10+","No necessary in-game text","","","","","","standalone","","","","","","","","","","","","","","",""
"Funkelschatz","235655","0","3","0","1","0","0","0","0","0","0","0","3","","","","","","99764251","5.99136","6.55677","1.0462","3262","4344","thing","Dragon's Breath","2","4","20","20","15","2020","2,3,4","3,4","4–10","No necessary in-game text","","","","","","standalone","","","","","","","","","","","","HABA","Dutch; English; French; German; Italian","2020","HABA multilingual mini edition 2020"
"Gardlings","416059","0","0","0","0","0","0","0","1","0","0","0","3","","Spiel 24
Spiel 25","","","","120950610","5.86857","7.1614","1.6111","4179","1158","thing","Gardlings","1","4","45","45","20","2024","1,2,3,4","4","8+","","","","","","","standalone","","","","","","","","","","","","","","",""
"Geek Out! Disney","285028","0","1","0","1","0","0","0","0","0","0","0","3","","","","","","149225871","5.52319","6.4871","1","18700","489","thing","Geek Out! Disney","2","99","30","30","30","2019","","","","","","","","","","standalone","","","","","","","","","","","","","","",""
"The Girl Who Made The Stars","331808","0","2","0","1","0","0","0","0","0","0","0","3","","","","","","82135814","5.56491","6.7533","2.3333","11899","736","thing","The Girl Who Made The Stars","1","4","60","60","60","2023","3,4","4","","","","","","","","standalone","","55","EUR","","","","Kickstarter","","","","","","","",""
"Go Slow!","291549","0","1","0","1","0","0","0","0","0","0","0","3","","","","","","102578841","5.54313","6.72784","1","14421","167","thing","Go Slow!","2","4","20","20","15","2020","2,4","4","4–8","No necessary in-game text","","","","","","standalone","","","","","","","","","","","","LOGIS","English; French; German","2020","EN/FR/DE edition"
"Gods & Mortals","447306","0","0","0","0","0","0","0","1","0","0","0","3","","Spiel 25","","","","136141383","5.51904","7.01667","3","20012","41","thing","Gods & Mortals","2","4","80","80","40","2026","3,4","3","","","","","","","","standalone","","","","","","","","","","","","","","",""
"Golem","298383","0","2","0","1","0","0","0","0","0","0","0","3","","","","","","124629779","6.81333","7.5036","4.0122","746","8756","thing","Golem","1","4","120","120","90","2022","1,2,3,4","2,3","14+","No necessary in-game text","","","","","","standalone","","","","","","","","","","","","Cranio Creations","English","2022","English-only edition"
"The Good, the Bad, and the Munchkin","30166","6","0","0","0","0","0","0","0","1","0","0","3","","","","","","68457893","5.70569","6.17105","1.9429","6272","3915","thing","The Good, the Bad, and the Munchkin","3","6","90","90","90","2007","3,4,5,6","4,5","10+","Extensive use of text - massive conversion needed to be playable","","","","","","standalone","","","","","","","","","","","","","","",""
"Gorinto","270293","0","5","0","0","0","0","0","0","0","0","0","3","","","","","","92478682","6.04474","7.19142","1.9688","2977","3070","thing","Gorinto","1","4","60","60","30","2021","1,2,3,4","3","8+","Some necessary text - easily memorized or small crib sheet","","","","","","standalone","","","","","","","","","","","","Grand Gamers Guild","English","2021","English edition"
"The Grimwood","186947","0","7","0","1","0","0","0","0","0","0","0","3","","","","","","63492602","5.53677","6.0841","1.4","15473","1186","thing","The Grimwood","2","6","60","60","30","2016","2,3,4,5,6","4","","Some necessary text - easily memorized or small crib sheet","","","","","","standalone","","","","","","","","","","","","","","",""
"Grow Sky","428682","0","0","0","0","0","0","0","1","0","0","0","3","","Spiel26","","","","149219487","5.60955","7.48484","2.5","9075","308","thing","Grow Sky","1","4","90","90","45","2024","3,4","3","","No necessary in-game text","","","","","","standalone","","","","","","","","","","","","","","",""
"Gwent: The Legendary Card Game","434222","0","10","0","1","0","0","0","0","0","0","0","3","","","","","","138094100","5.96317","7.51122","1.875","3450","3837","thing","Gwent: The Legendary Card Game","1","5","20","20","20","2025","2","2","10+","Some necessary text - easily memorized or small crib sheet","","","","","","standalone","","","","","","","","","","","","No Loading Games","English","2025","English retail edition"
"Hamlet: The Village Building Game","276086","0","3","0","1","0","0","0","0","0","0","0","3","","","","","","98388221","6.16281","6.81614","2.9451","2396","7733","thing","Hamlet: The Village Building Game","1","4","100","100","25","2022","2,3,4","3","12+","Some necessary text - easily memorized or small crib sheet","","","","","","standalone","","","","","","","","","","","","","","",""
"Harmonies","414317","0","5","0","1","0","0","0","0","0","0","0","2","","","","","","119855167","7.77186","8.03192","2.0116","53","56259","thing","Harmonies","1","4","45","45","30","2024","1,2,3,4","2,3","8+","No necessary in-game text","","","","","","standalone","","","","","","","","","","","","","","",""
"Harmonies: Pulse","466234","0","0","0","1","0","0","0","0","0","0","0","3","","","","","","147711380","5.78093","8.27839","2.125","0","3136","thing","Harmonies: Pulse","1","4","45","45","30","2026","1,2,3,4","2,3,4","8+","No necessary in-game text","","","","","","expansion","","","","","","","","","","","","","","",""
"Heat: Pedal to the Metal","366013","0","1","0","0","0","0","0","0","0","0","0","3","","","","","","112433361","7.79514","7.99185","2.2013","47","64568","thing","Heat: Pedal to the Metal","1","6","60","60","30","2022","1,2,3,4,5,6","5,6","8+","No necessary in-game text","","","","","","standalone","","","","","","","","","","","","","","",""
"Here be Dragons: Into the Unknown","292364","0","0","0","0","0","0","0","0","0","0","1","3","","","","","","97999415","5.52167","7.08197","2","19195","210","thing","Here be Dragons: Into the Unknown","1","6","240","240","60","2020","1,2","1","","","","","","","","standalone","","","","","","","","","","","","","","",""
"Here to Slay","299252","0","1","0","1","0","0","0","0","0","0","0","3","","","","","","80317152","6.43138","6.87154","1.6905","1516","27023","thing","Here to Slay","2","6","60","60","30","2020","2,3,4,5","3,4","10+","Moderate in-game text - needs crib sheet or paste ups","","","","","","standalone","","","","","","","","","","","","","","",""
"Here to Slay: Dragon Sorcerer Expansion","308525","0","0","0","0","0","0","0","0","0","0","1","4","","","","","","80317161","5.64826","7.44935","1.5","0","1743","thing","Here to Slay: Dragon Sorcerer Expansion","2","6","90","90","15","2020","","","","Some necessary text - easily memorized or small crib sheet","","","","","","expansion","","","","","","","","","","","","","","",""
"Here to Slay: Warriors & Druids Expansion","321259","0","0","0","1","0","0","0","0","0","0","0","3","","","","","","80317173","6.03814","7.43899","1.9167","0","6827","thing","Here to Slay: Warriors & Druids Expansion","2","6","60","60","30","2020","2,3,4,5,6","4","8+","Moderate in-game text - needs crib sheet or paste ups","","","","","","expansion","","","","","","","","","","","","","","",""
"Hickory Dickory","367490","0","5","0","1","0","0","0","0","0","0","0","3","","","","","","114089264","5.92247","7.0228","2.6667","3726","2864","thing","Hickory Dickory","1","4","120","120","60","2023","1,2,3,4","3","8+","No necessary in-game text","","","","","","standalone","","55","EUR","","","","","","","","","Plaid Hat Games","English","2023","English edition"
"Hitster: 100% NL","440608","0","4","0","1","0","0","0","0","0","0","0","3","","","","","","132077390","5.5444","7.41034","1","14220","278","thing","Hitster: 100% NL","2","10","30","30","30","2025","","","","","","","","","","standalone","","","","","","","","","","","","","","",""
"Hitster: Christmas","436514","0","0","0","1","0","0","0","0","0","0","0","3","","","","","","139471007","5.62","6.784","1","0","1258","thing","Hitster: Christmas","2","10","30","30","30","2025","2,3,4,5,6,7,8,9","4","14+","","","","","","","expansion","","","","","","","","","","","","","","",""
"Hitster: Guilty Pleasures","397736","0","6","0","1","0","0","0","0","0","0","0","3","","","","","","124939512","6.27472","7.44667","1.0455","1979","5186","thing","Hitster: Guilty Pleasures","2","10","30","30","30","2023","2,3,4,5,6,7,8,9,10","4,5,6","14+","No necessary in-game text","","","","","","standalone","","","","","","","","","","","","","","",""
"Hitster: Movies & TV Soundtracks","433541","0","1","0","1","0","0","0","0","0","0","0","3","","","","","","129988600","6.03816","7.38974","1","0","3950","thing","Hitster: Movies & TV Soundtracks","2","10","30","30","30","2024","2,3,4,5,6,7,8,9,10","4,5","16+","No necessary in-game text","","","","","","expansion","","","","","","","","","","","","","","",""
"Hive","2655","0","1","0","1","0","0","0","0","0","0","0","3","","","","","","110638010","7.16522","7.31343","2.3119","338","58616","thing","Hive","2","2","20","20","20","2008","2","2","8+","No necessary in-game text","","","","","","standalone","","","","","","","","","","","","Gen42 Games; Vendetta","Dutch; English; French","2008","Vendetta Dutch edition"
"Honey Buzz","284742","0","2","0","1","0","0","0","0","0","0","0","3","","","","","","86205851","7.02888","7.48931","2.7366","476","20398","thing","Honey Buzz","1","4","90","90","45","2021","1,2,3,4","3","10+","Some necessary text - easily memorized or small crib sheet","","","","","","standalone","","","","","","","","","","","","Elf Creek Games; Happy Meeple Games","Dutch","2021","Dutch edition"
"Hopp und Hui!","167412","0","5","0","1","0","0","0","0","0","0","0","3","","","","","","96974516","5.50657","5.83385","1","24378","98","thing","Hopp und Hui!","2","4","20","20","20","2014","2,3,4","3","3–5","","","","","","","standalone","","","","","","","","","","","","LOGIS","English; German","2014","English/German first edition"
"HYVE","426523","0","0","0","0","0","0","0","1","0","0","0","3","","","","","","145978261","5.53292","7.645","2","16230","230","thing","HYVE","1","2","90","90","45","2024","1","1","","","","","","","","standalone","","","","","","","","","","","","","","",""
"I C E: Second Edition","417219","0","0","0","0","0","0","0","0","0","0","1","4","","Spiel24
Spiel25","","","","137335224","5.61303","7.76878","2.8333","8890","620","thing","I C E: Second Edition","1","5","120","120","75","2026","1,2,3,4","2,4","12+","","","","","","","standalone","","","","","","","","","","","","","","",""
"Ice and Idols","423013","0","0","0","0","0","0","0","0","0","0","1","2","","Spiel 25","","","","136164355","5.60816","6.91666","2.25","9148","656","thing","Ice and Idols","2","4","60","60","45","2025","2","2","","Some necessary text - easily memorized or small crib sheet","","","","","","standalone","","","","","","","","","","","","","","",""
"Imperial Settlers","154203","0","6","0","1","0","0","0","0","0","0","0","3","","","","","","104944621","7.08749","7.2814","2.775","407","34518","thing","Imperial Settlers","1","4","90","90","45","2014","1,2,3,4","2","10+","Moderate in-game text - needs crib sheet or paste ups","","","","","","standalone","","","","","","","","","","","","","","",""
"Imperial Settlers: 3 Is a Magic Number","195543","0","0","0","1","0","0","0","0","0","0","0","3","","","","","","121513200","6.04184","7.45313","2.8333","0","5968","thing","Imperial Settlers: 3 Is a Magic Number","1","4","60","60","60","2016","1,2,3,4","2,3","12+","Moderate in-game text - needs crib sheet or paste ups","","","","","","expansion","","","","","","","","","","","","","","",""
"Imperial Settlers: We Didn't Start The Fire","238389","0","0","0","1","0","0","0","0","0","0","0","3","","","","","","121513194","5.71644","7.3565","3","0","2997","thing","Imperial Settlers: We Didn't Start The Fire","1","4","90","90","45","2018","1,2,3","2","12+","Extensive use of text - massive conversion needed to be playable","","","","","","expansion","","","","","","","","","","","","","","",""
"Imperial Settlers: Why Can't We Be Friends","169075","0","0","0","1","0","0","0","0","0","0","0","3","","","","","","121513187","6.4359","7.52768","2.6154","0","9202","thing","Imperial Settlers: Why Can't We Be Friends","1","4","90","90","45","2014","1,2,3,4","2","12+","Extensive use of text - massive conversion needed to be playable","","","","","","expansion","","","","","","","","","","","","","","",""
"Ink","437301","0","0","0","0","0","0","0","0","0","0","1","4","","Spiel 25","","","","136164665","5.8888","6.94383","1.875","4004","1591","thing","Ink","1","4","45","45","30","2025","1,2,3,4","2","8+","No necessary in-game text","","","","","","standalone","","","","","","","","","","","","","","",""
"Iquazú","235627","0","0","0","1","0","0","0","0","0","0","0","3","","","","","","63492595","5.84238","6.8733","1.8235","4410","1574","thing","Iquazú","2","4","50","50","50","2017","2,3,4","4","10+","No necessary in-game text","","","","","","standalone","","","","","","","","","","","","","","",""
"Ironwood","407343","0","2","0","1","0","0","0","0","0","0","0","3","","","","","","125178665","6.51077","7.78973","2.8049","1313","5331","thing","Ironwood","1","2","60","60","30","2024","1,2","2","12+","Moderate in-game text - needs crib sheet or paste ups","","","","","","standalone","","","","","","","","","","","","","","",""
"Island Alone","357872","0","4","0","1","0","0","0","0","0","0","0","3","","","","","","93524326","5.58674","7.00944","1.6667","10265","746","thing","Island Alone","1","4","40","40","15","2022","1,2","1","","","","","","","","standalone","","7","EUR","","","","Kickstarter","","","","","Hammerdice","English; French; German; Polish; Spanish","2022","Print and Play Multilingual edition"
"The Isle of Cats","281259","0","3","0","1","0","0","0","0","0","0","0","2","","","","","","99102796","7.35745","7.60289","2.3639","207","44199","thing","The Isle of Cats","1","4","90","90","60","2019","1,2,3,4","3","8+","Moderate in-game text - needs crib sheet or paste ups","","","","","","standalone","","50","EUR","","","2022-11-06","Spellenspektakel","","","","","The City of Games","English","2019","English edition"
"Johari Bazaar","432491","6","0","0","1","0","0","0","0","0","0","0","3","","","","","","137724998","5.52564","7.59768","1.75","18007","73","thing","Johari Bazaar","2","4","30","30","15","2025","2,4","2","8","No necessary in-game text","","","","","","standalone","","","","","","","","","","","","","","",""
"Jokeren","231229","0","5","0","1","0","0","0","0","0","0","0","3","","","","","","101325878","0","5.73684","0","0","58","thing","Jokeren","2","4","0","0","0","2015","","","","","","","","","","standalone","","","","","","","","","","","","Identity Games International B.V.","Dutch","2015","Identity Dutch edition"
"Kalypso","446453","0","0","0","0","0","0","0","0","0","0","0","3","","","","","","147722699","5.52718","7.80811","2.3333","17601","81","thing","Kalypso","1","4","60","60","45","2026","","","","","","","","","","standalone","","","","","","","","","","","","","","",""
"Kano","470343","0","0","0","0","0","0","0","1","0","0","0","3","","Spiel26","","","","149219161","5.56837","7.92917","2.5","11626","214","thing","Kano","2","4","40","40","30","2026","","","","","","","","","","standalone","","","","","","","","","","","","","","",""
"Kids Chronicles: The Old Oak Prophecy","399166","0","1","0","1","0","0","0","0","0","0","0","3","","","","","","114175582","5.62086","7.1648","1.1429","8563","735","thing","Kids Chronicles: The Old Oak Prophecy","1","4","45","45","30","2023","1,2,3,4","2,3","5–10","","","","","","","standalone","","20","EUR","","","","Spiel 23","","","","","Lucky Duck Games","English","2023","English edition"
"Kilauea","430319","0","0","0","0","0","0","0","0","0","0","1","3","Spiel25","","","","","138215702","5.60842","7.18777","2.4615","9138","401","thing","Kilauea","2","4","60","60","40","2025","2,3,4","2","10+","No necessary in-game text","","","","","","standalone","","","","","","","","","","","","","","",""
"Kingdom Crossing","437245","0","1","0","1","0","0","0","0","0","0","0","3","","","","","","135068144","6.20236","7.71731","3.0317","2246","2331","thing","Kingdom Crossing","1","4","90","90","45","2025","2,3,4","3","12+","No necessary in-game text","","","","","","standalone","","35","EUR","","","2025-10-24","Spiel25","","Spiel 25","","","","","",""
"Kingdomino","204583","0","5","0","1","0","0","0","0","0","0","0","3","","","","","","82135830","7.16819","7.28637","1.242","333","92683","thing","Kingdomino","2","4","25","25","15","2016","2,3,4","2,4","6+","No necessary in-game text","","","","","","standalone","","","","","","","","","","","","","","",""
"Koi","436161","0","1","0","0","0","0","0","0","0","0","0","3","","Spiel25","","","","137348327","6.04926","7.51938","2.0345","2952","2509","thing","Koi","1","4","45","45","45","2025","1,2,3,4","3","10+","No necessary in-game text","","","","","","standalone","","","","","","","","","","","","","","",""
"De Kolonisten van Catan: Het Dobbelspel","27710","0","0","0","1","0","0","0","0","0","0","0","3","","","","","","68458135","5.6384","5.7331","1.2269","7946","19750","thing","Catan Dice Game","1","4","30","30","15","2009","1,2,3","2","8+","No necessary in-game text","","","","","","standalone","","","","","","","","","","","","999 Games","Dutch","2009","Dutch edition 2009"
"De Kolonisten van Catan: Het Kaartspel","278","0","0","0","1","0","0","0","0","0","0","0","3","","","","","","68458173","6.47982","6.69581","2.4377","1390","27248","thing","Catan Card Game","2","2","120","120","60","2007","2","2","10+","Extensive use of text - massive conversion needed to be playable","","","","","","standalone","","","","","","","","","","","","999 Games","Dutch","2007","Dutch second edition"
"Koryŏ","140535","0","0","0","1","0","0","0","0","0","0","0","3","","","","","","80706154","5.97503","6.58286","1.8842","3367","2934","thing","Koryŏ","2","4","20","20","10","2013","2,3,4","3","10+","No necessary in-game text","","","","","","standalone","","","","","","","","","","","","","","",""
"Kronologic: Cuzco 1450","406619","0","0","0","1","0","0","0","0","0","0","0","3","","","","","","139625559","5.75262","7.62549","2.6","5483","1371","thing","Kronologic: Cuzco 1450","1","4","30","30","30","2025","1,2,3,4","1,2","10","","","","","","","standalone","","","","","","","","","","","","","","",""
"Kronologic: Paris 1920","402111","0","0","0","0","0","0","0","0","0","0","1","3","","","","","","139625548","6.42675","7.46949","2.0545","1525","5472","thing","Kronologic: Paris 1920","1","4","30","30","30","2024","1,2,3,4","3","12+","No necessary in-game text","","","","","","standalone","","","","","","","","","","","","","","",""
"Kuldhara","399132","7","1","0","0","0","0","0","0","0","0","0","3","","Spiel25","","","","137713675","5.53822","7.04486","2.6667","15224","130","thing","Kuldhara","1","4","120","120","30","2025","1,2,3","1,3","10","No necessary in-game text","","","","","","standalone","","","","","","","","","","","","Jolly Dutch Productions","Dutch; English","2025","DUT/ENG edition"
"Labyrinth: The Card Game","533","0","1","0","1","0","0","0","0","0","0","0","3","","","","","","68458913","5.52637","5.58889","1.2113","17821","4419","thing","Labyrinth: The Card Game","2","6","30","30","30","2000","2,3,4,5,6","2","6+","No necessary in-game text","","","","","","standalone","","","","","","","","","","","","","","",""
"The Lady and the Tiger","222643","0","0","0","1","0","0","0","0","0","0","0","3","","","","","","68458454","5.69015","6.23397","1.6471","6602","2820","thing","The Lady and the Tiger","1","6","20","20","15","2017","1,2,3,4,5,6","2","8+","No necessary in-game text","","","","","","standalone","","","","","","","","","","","","","","",""
"Last Lantern","439519","0","0","0","0","0","0","0","0","0","0","1","3","","Spiel 25","","","","136164441","5.54276","7.28272","0","14486","193","thing","Last Lantern","2","4","30","30","30","2025","","","","","","","","","","standalone","","","","","","","","","","","","","","",""
"Layer Puzzle","412816","0","0","0","0","0","0","0","1","0","0","0","3","","Spiel 25","","","","136082975","5.52105","6.94054","1.25","19376","91","thing","Layer Puzzle","1","4","30","30","10","2024","2,3,4","3,4","","","","","","","","standalone","","","","","","","","","","","","","","",""
"Let's Go! To Japan","368173","0","0","0","0","0","0","0","1","0","0","0","3","Spiel 24","","","","","122548822","7.06956","7.55973","2.2609","424","14354","thing","Let's Go! To Japan","1","4","60","60","45","2024","1,2,3,4","3","10+","Some necessary text - easily memorized or small crib sheet","","","","","","standalone","","","","","","","","","","","","","","",""
"Life of the Amazonia","368305","0","4","0","1","0","0","0","0","0","0","0","3","Kickstarter 11-2022 -> 12-2023 levering","","","","","99375898","7.04603","8.07579","2.8581","459","7195","thing","Life of the Amazonia","1","4","150","150","60","2023","1,2,3","2","10+","Moderate in-game text - needs crib sheet or paste ups","","","","","","standalone","","","","","","","","","","","","","","",""
"The Light in the Mist","341519","0","33","0","1","0","0","0","0","0","0","0","3","","","","","","135304923","6.21465","7.98612","2.875","2207","3338","thing","The Light in the Mist","1","4","500","500","300","2022","1,2","2","14+","Unplayable in another language","","","","","","standalone","","39.56","EUR","","","2025-08-12","Dwalende Dwerg","","","","","PostCurious","English","2022","English edition"
"Lionwake","456018","0","0","0","0","0","0","0","1","0","0","0","3","","Spiel26","","","","149373586","0","8.35714","0","0","4","thing","Lionwake","1","4","120","120","60","2027","","","","","","","","","","standalone","","","","","","","","","","","","","","",""
"Living Forest","328479","0","3","0","1","0","0","0","0","0","0","0","3","","","","","","86205019","6.79112","7.2153","2.2151","774","14139","thing","Living Forest","1","4","40","40","40","2021","2,3,4","3","10+","No necessary in-game text","","","","","","standalone","","","","","","","","","","","","Ludonaute","English","2021","Ludonaute English edition"
"Loot","424225","0","0","0","1","0","0","0","0","0","0","0","3","","","","","","122252863","5.49444","5.45037","1.3333","27687","835","thing","Loot","2","4","20","20","20","2024","","","","No necessary in-game text","","","","","","standalone","","","","","","","","","","","","","","",""
"Lost Cities: Rivalen","253398","0","3","0","1","0","0","0","0","0","0","0","3","","","","","","93629401","5.98318","6.6489","1.931","3313","4235","thing","Lost Cities: Rivals","2","4","40","40","40","2019","3,4","3","8+","No necessary in-game text","","","","","","standalone","","","","","","","","","","","","999 Games","Dutch","2019","Dutch edition"
"The Lost Code","299702","0","2","0","0","0","0","0","0","1","0","0","3","Spiel 22","","","","","95751635","5.91805","7.2512","2.375","3760","1756","thing","The Lost Code","2","4","60","60","60","2022","2,3,4","2","10+","No necessary in-game text","","","","","","standalone","","","","","","","","","","","","","","",""
"Lost! in the Woods","448477","0","0","0","0","0","0","0","0","0","0","0","3","","Spiel25","","","","134372689","5.50758","6.14878","1","24010","114","thing","Lost! in the Woods","2","8","15","15","15","2025","2,3,4,5","3,4","6+","No necessary in-game text","","","","","","standalone","","","","","","","","","","","","","","",""
"Machi Koro","143884","0","2","0","1","0","0","0","0","0","0","0","3","","","","","","92478698","6.47198","6.59111","1.5201","1404","60412","thing","Machi Koro","2","4","30","30","30","2012","2,3,4","4","8+","Moderate in-game text - needs crib sheet or paste ups","","","","","","standalone","","","","","","","","","","","","","","",""
"Machiavelli","130060","0","1","0","0","0","0","0","0","0","0","0","3","","","","","","141448086","6.12444","7.03407","2.3514","2567","5146","thing","Ohne Furcht und Adel Sonderausgabe","2","7","60","60","60","2012","3,4,5,6,7","4","10+","Moderate in-game text - needs crib sheet or paste ups","","","","","","standalone","","","","","","","","","","","","999 Games","Dutch","2012","Dutch edition"
"Magic Fold","259551","0","1","0","1","0","0","0","0","0","0","0","2","","","","","","65137443","5.54025","6.29671","1.3333","14878","283","thing","Magic Fold","2","4","30","30","20","2018","3,4","4","6+","No necessary in-game text","","","","","","standalone","","20","EUR","","","2019-10-12","Spiel","","","","","","","",""
"Majolica: Revised Edition","402366","0","0","0","0","0","0","0","0","0","0","1","2","Spiel 24","","","","","123594012","0","6.81964","2","0","45","thing","Majolica: Revised Edition","2","4","60","60","20","2024","2","2","","","","","","","","standalone","","","","","","","","","","","","","","",""
"Mandala Stones","317504","0","5","0","1","0","0","0","0","0","0","0","3","","","","","","86201840","6.13463","6.82998","1.8358","2526","5838","thing","Mandala Stones","2","4","30","30","30","2021","2,3,4","2","8+","Some necessary text - easily memorized or small crib sheet","","","","","","standalone","","","","","","","","","","","","","","",""
"Mandala Stones: Harmony","350460","0","0","0","1","0","0","0","0","0","0","0","3","","","","","","95658485","5.57211","7.15366","2.2857","0","1327","thing","Mandala Stones: Harmony","2","4","30","30","30","2022","2,3,4","2","8+","","","","","","","expansion","","","","","","","","","SecretSanta 2022 Gift","","","","","",""
"Mascarade","139030","0","0","0","1","0","0","0","0","0","0","0","3","","","","","","68459138","6.32747","6.55015","1.5296","1797","18121","thing","Mascarade","2","13","30","30","30","2013","4,5,6,7,8,9,10,11","6,7,8","10+","No necessary in-game text","","","","","","standalone","","","","","","","","","","","","","","",""
"Massive Darkness","197070","0","0","0","1","0","0","0","0","0","0","0","3","","","","","","68458948","6.44302","7.10709","2.5676","1480","11097","thing","Massive Darkness","1","6","120","120","120","2017","1,2,3,4","4","10+","Moderate in-game text - needs crib sheet or paste ups","","","","","","standalone","","","","","","","","","","","","","","",""
"Mech A Dream","365647","0","5","0","1","0","0","0","0","0","0","0","1","Via BGA gevonden","","","","","103398165","5.61337","6.56007","2","8868","345","thing","Mech A Dream","2","4","45","45","45","2023","2,3,4","2,3","10+","No necessary in-game text","","","","","","standalone","","","","","","","","","","","","Blue Orange (EU)","Dutch; English; French; German; Italian; Portuguese; Russian; Spanish","2023","Multilingual edition"
"Mega Man: The Board Game","150811","0","0","0","1","0","0","0","0","0","0","0","3","","","","","","125263114","5.41078","5.11718","1.5714","31011","935","thing","Mega Man: The Board Game","2","6","90","90","60","2016","2,3","2,3","10+","Extensive use of text - massive conversion needed to be playable","","","","","","standalone","","","","","","","","","","","","","","",""
"Meine ersten Spiele: Wir räumen auf","237719","0","4","0","1","0","0","0","0","0","0","0","3","","","","","","97643774","5.51043","6.126","1","23018","176","thing","Meine ersten Spiele: Wir räumen auf","1","3","10","10","5","2017","1,2,3","1,2","2–4","No necessary in-game text","","","","","","standalone","","","","","","","","","","","","","","",""
"Men-Nefer","404431","0","0","0","0","0","0","0","1","0","0","0","3","Spiel 24","","","","","123002959","7.02064","8.15323","3.6826","487","6230","thing","Men-Nefer","1","4","120","120","60","2024","1,2,3,4","3","14+","No necessary in-game text","","","","","","standalone","","","","","","","","","","","","","","",""
"Menara","244608","8","0","0","1","0","0","0","0","0","0","0","3","","","","","","73959410","6.73098","7.41573","1.5542","864","7445","thing","Menara","1","4","60","60","10","2018","1,2,3,4","2,3","6+","No necessary in-game text","","","","","","standalone","","","","","","","","","","","","","","",""
"Merchants Cove","277700","0","24","0","1","0","0","0","0","0","0","0","3","","","","","","95658367","6.66041","7.38947","2.7556","989","9404","thing","Merchants Cove","1","4","90","90","60","2021","1,2,3,4","3","10+","No necessary in-game text","","","","","","standalone","","","","","","","","","","","","Final Frontier Games","English","2021","English edition"
"Merchants Cove: Master Craft","364640","0","0","0","1","0","0","0","0","0","0","0","3","","","","","","97567291","5.6511","8.09818","3.2","0","1987","thing","Merchants Cove: Master Craft","1","5","90","90","60","2025","1,2,3","2","14+","No necessary in-game text","","","","","","expansion","","","","","","","","","","","","","","",""
"Merv: The Heart of the Silk Road","306040","0","3","0","1","0","0","0","0","0","0","0","3","","","","","","130488048","6.78494","7.46335","3.436","779","8781","thing","Merv: The Heart of the Silk Road","1","4","90","90","90","2020","2,3,4","4","14+","No necessary in-game text","","","","","","standalone","","","","","","","","","","","","","","",""
"Micro Cosmos","347347","0","4","0","1","0","0","0","0","0","0","0","3","","","","","","107253447","5.6629","7.24717","2.8947","7228","1073","thing","Micro Cosmos","1","4","90","90","40","2023","1,2,3,4","1,3","10","No necessary in-game text","","","","","","standalone","","","","","","","","","","","","Thistroy Games","English","2023","English edition"
"MimiQ","133687","0","1","0","1","0","0","0","0","0","0","0","3","","","","","","116902749","5.4811","5.16781","1","29536","387","thing","MimiQ","2","4","10","10","10","2011","3,4","4","4","","","","","","","standalone","","","","","","","","","","","","","","",""
"Mimir's Challenge","412006","0","0","0","0","0","0","0","1","0","0","0","3","","Spiel 25","","","","136164694","0","7.05172","1.6667","0","42","thing","Mimir's Challenge","2","4","60","60","30","2025","3,4","3","","No necessary in-game text","","","","","","standalone","","","","","","","","","","","","","","",""
"The Mind: Soulmates","378851","0","1","0","1","0","0","0","0","0","0","0","3","","","","","","114089190","5.64221","6.82419","1.1429","7828","923","thing","The Mind: Soulmates","2","4","20","20","20","2023","2,3,4","3","8+","No necessary in-game text","","","","","","standalone","","","","","","","","","","","","White Goblin Games","Dutch","2023","Dutch edition"
"Ministry of Lost Things: Case 1 – Lint Condition","425765","0","0","0","0","0","0","0","0","0","0","1","4","","Spiel25
Zeker langs gaan! Maar deze te makkelijk?","","","","135307123","5.74826","7.87716","2.5714","5542","1134","thing","Ministry of Lost Things: Case 1 – Lint Condition","1","4","180","180","120","2025","1,2","1","10+","Unplayable in another language","","","","","","standalone","","","","","","","","","","","","","","",""
"Ministry of Lost Things: Case 2 – Finders Keypers","453357","0","0","0","0","0","0","0","0","0","0","1","4","","","","","","147457460","5.54349","8.29524","2.25","14360","373","thing","Ministry of Lost Things: Case 2 – Finders Keypers","1","4","240","240","120","2026","1,2","1","10","","","","","","","standalone","","","","","","","","","","","","","","",""
"Monster Nursery","414130","0","0","0","0","0","0","0","1","0","0","0","3","Spiel 24","","","","","123596794","0","6.7","1","0","0","thing","Monster Nursery","2","6","30","30","20","2025","2,3,4,5","4","8","","","","","","","standalone","","","","","","","","","","","","","","",""
"Moon Bunny","377991","0","3","0","1","0","0","0","0","0","0","0","2","","Spiel25","","","","137198271","5.63783","7.29814","2.0909","7966","799","thing","Moon Bunny","1","4","60","60","30","2025","1,2,3,4","3","12+","","","","","","","standalone","","","","","","2025-11-27","Secret Santa 2025","","Thank you Secret Santa :)","","","","","",""
"Moon River","378001","0","6","0","1","0","0","0","0","0","0","0","3","","","","","","112433388","5.85642","6.68223","2.0294","4277","1904","thing","Moon River","2","4","45","45","45","2023","2,3,4","2","8+","No necessary in-game text","","","","","","standalone","","","","","","","","","","","","","","",""
"Moonlight Castle","353401","0","2","0","1","0","0","0","0","0","0","0","1","","","","","","99090337","5.57276","6.96917","1.5","11274","376","thing","Moonlight Castle","2","4","30","30","30","2021","2,3,4","3,4","5–12","No necessary in-game text","","","","","","standalone","","","","","","2022-11-06","Spellenspektakel","","","","","","","",""
"The Morrison Game Factory","390406","0","6","0","1","0","0","0","0","0","0","0","1","","","","","","135307040","5.97385","8.22701","2.2222","3378","1378","thing","The Morrison Game Factory","1","4","240","240","100","2024","1,2,3","2","12+","Extensive use of text - massive conversion needed to be playable","","","","","","standalone","","","","","","","","","","","","","","",""
"Mouse Trap","2679","0","5","0","1","0","0","0","0","0","0","0","3","","","","","","99814559","4.66048","4.13765","1.0995","31266","4688","thing","Mouse Trap","2","4","30","30","30","1986","2,3,4","4","5–10","Some necessary text - easily memorized or small crib sheet","","","","","","standalone","","","","","","","","","","","","Milton Bradley","English","1986","Milton Bradley English edition 1986"
"Mr. Jack Pocket","72287","0","2","0","1","0","0","0","0","0","0","0","3","","","","","","80317232","6.53067","6.82485","1.8277","1267","15428","thing","Mr. Jack Pocket","2","2","15","15","15","2010","2","2","8+","No necessary in-game text","","","","","","standalone","","","","","","","","","","","","","","",""
"Munchkin Bites!","12194","0","1","0","1","0","0","0","0","0","0","0","3","","","","","","68457904","5.70076","5.99348","1.7549","6381","8037","thing","Munchkin Bites!","3","6","90","90","90","2004","3,4,5,6","4,5","12+","Extensive use of text - massive conversion needed to be playable","","","","","","standalone","","","","","","","","","","","","","","",""
"Munchkin Bites! 2: Pants Macabre","18898","0","0","0","1","0","0","0","0","0","0","0","3","","","","","","68458772","5.67501","6.38312","2.0635","0","2359","thing","Munchkin Bites! 2: Pants Macabre","3","6","90","90","90","2005","3,4,5,6","4","10+","Extensive use of text - massive conversion needed to be playable","","","","","","expansion","","","","","","","","","","","","","","",""
"Munchkin Cthulhu","25071","0","0","0","1","0","0","0","0","0","0","0","3","","","","","","68459064","5.87868","6.1987","1.7243","4092","14007","thing","Munchkin Cthulhu","3","6","90","90","90","2007","3,4,5,6","4","12+","Extensive use of text - massive conversion needed to be playable","","","","","","standalone","","","","","","","","","","","","","","",""
"Munchkin Impossible","22948","0","0","0","1","0","0","0","0","0","0","0","3","","","","","","68457933","5.60192","5.94055","1.8286","9431","3165","thing","Munchkin Impossible","3","6","120","120","60","2006","3,4,5,6","4","12+","Extensive use of text - massive conversion needed to be playable","","","","","","standalone","","","","","","","","","","","","","","",""
"Muster: Raise the Banners","410580","0","3","0","0","0","0","0","0","0","0","0","3","","","","","","138671839","5.53113","7.37049","1.3333","16620","151","thing","Muster: Raise the Banners","2","2","20","20","10","2025","2","2","5+","No necessary in-game text","","","","","","standalone","","","","","","","","","","","","Play Monkey Games","English","2025","English edition"
"My Father's Work","328866","0","12","0","1","0","0","0","0","0","0","0","3","","","","","","120076638","6.84541","7.81584","3.1385","699","7739","thing","My Father's Work","2","4","180","180","180","2022","2,3,4","3","14+","Extensive use of text - massive conversion needed to be playable","","","","","","standalone","","","","","","","","","","","","Renegade Game Studios","English","2022","English edition"
"My Very First Games: Off to Bed!","269620","0","1","0","1","0","0","0","0","0","0","0","3","","","","","","97643771","5.50788","6.06364","2","23899","126","thing","My Very First Games: Off to Bed!","1","3","10","10","10","2019","1,2,3","2","2–5","No necessary in-game text","","","","","","standalone","","","","","","","","","","","","HABA","Dutch; English; French; German; Italian; Spanish","2019","Multilingual edition (German packaging)"
"Mythologies","447570","0","0","0","0","0","0","0","1","0","0","0","3","","Spiel26","","","","149253291","5.58094","7.15733","2.5","10657","307","thing","Mythologies","2","4","40","40","20","2026","2,3,4","4","10","Moderate in-game text - needs crib sheet or paste ups","","","","","","standalone","","","","","","","","","","","","","","",""
"Nakasendo","472460","0","0","0","0","0","0","0","1","0","0","0","3","","Spiel26","","","","149226362","0","9","0","0","2","thing","Nakasendo","2","4","45","45","30","2026","","","","","","","","","","standalone","","","","","","","","","","","","","","",""
"Namiji","275215","0","3","0","1","0","0","0","0","0","0","0","3","","","","","","65176151","6.17602","7.10143","1.75","2344","5384","thing","Namiji","2","5","45","45","30","2022","2,3,4,5","4","8+","Moderate in-game text - needs crib sheet or paste ups","","","","","","standalone","","","","","","","","","","","","Funforge","English","2022","English edition"
"Nemesis","167355","0","1","0","1","0","0","0","0","0","0","0","3","","","","","","92478695","7.94617","8.24282","3.4916","25","51538","thing","Nemesis","1","5","180","180","90","2021","1,2,3,4,5","4,5","14+","Moderate in-game text - needs crib sheet or paste ups","","","","","","standalone","","","","","","","","","","","","Awaken Realms","English","2021","English edition, second printing"
"New York Zoo","300877","0","3","0","1","0","0","0","0","0","0","0","3","","","","","","80317286","6.68783","6.99708","1.9595","940","18809","thing","New York Zoo","1","5","60","60","30","2021","1,2,3,4","3","8+","No necessary in-game text","","","","","","standalone","","","","","","","","","","","","White Goblin Games","Dutch","2021","Dutch edition"
"Night Parade of a Hundred Yokai","314589","0","6","0","1","0","0","0","0","0","0","0","3","","","","","","96407814","5.87195","7.28225","2","4153","1706","thing","Night Parade of a Hundred Yokai","1","4","45","45","30","2021","2,3,4","3","8+","No necessary in-game text","","","","","","standalone","","50","EUR","","","2022-10-09","Spiel","","","","","Brueh Games Inc.","English","2021","English edition"
"Night Parade of a Hundred Yokai: Cursed Throne Expansion","374171","0","0","0","1","0","0","0","0","0","0","0","3","","","","","","109536375","5.57829","7.96067","2.2","0","757","thing","Night Parade of a Hundred Yokai: Cursed Throne Expansion","1","4","50","50","35","2023","2,3,4","3","","","","","","","","expansion","","","","","","","","","","","","Brueh Games Inc.","English","2023","English edition"
"Night Parade of a Hundred Yokai: Kami Rising","345008","0","0","0","1","0","0","0","0","0","0","0","3","","","","","","130488054","5.61359","7.8915","2","0","982","thing","Night Parade of a Hundred Yokai: Kami Rising","1","5","40","0","40","2021","2,3,4,5","3","","","","","","","","expansion","","","","","","","","","","","","","","",""
"Night Parade of a Hundred Yokai: Moonlight Whispers","345007","0","0","0","1","0","0","0","0","0","0","0","3","","","","","","130488058","5.62554","7.86224","2","0","1062","thing","Night Parade of a Hundred Yokai: Moonlight Whispers","1","5","40","0","40","2021","2,3,4,5","3","","","","","","","","expansion","","","","","","","","","","","","","","",""
"Nippon: Zaibatsu","434367","0","0","0","0","0","0","0","0","0","0","0","3","","Spiel25","","","","137198630","7.12699","8.50415","3.599","368","6116","thing","Nippon: Zaibatsu","1","4","120","120","60","2026","1,2,3,4","4","14+","No necessary in-game text","","","","","","standalone","","","","","","","","","","","","","","",""
"Octo&Roll","455490","0","0","0","0","0","0","0","1","0","0","0","3","","Spiel25","","","","137198393","0","8","0","0","2","thing","Octo&Roll","2","7","20","20","15","2025","","","","","","","","","","standalone","","","","","","","","","","","","","","",""
"Oh no... INVASION!!!","126168","0","0","0","1","0","0","0","0","0","0","0","3","","","","","","68458933","5.51075","5.76337","1.8","22913","177","thing","Oh no... INVASION!!!","3","5","30","30","30","2012","4,5","4","8+","No necessary in-game text","","","","","","standalone","","","","","","","","","","","","","","",""
"Ojo, Mano, Pata, ¡Monstruos!","416000","0","0","0","0","0","0","0","1","0","0","0","3","Spiel 24","","","","","123596040","0","7","0","0","34","thing","Ojo, Mano, Pata, ¡Monstruos!","2","4","15","15","15","2024","","","4–12","","","","","","","standalone","","","","","","","","","","","","","","",""
"The Original Rummikub","811","0","4","0","1","0","0","0","0","0","0","0","3","","","","","","101181336","6.34092","6.52878","1.7081","1750","51109","thing","Rummikub","2","4","60","60","60","1988","2,3,4","4","8+","No necessary in-game text","","","","","","standalone","","","","","","","","","","","","Goliath Games","Dutch","1988","Goliath Dutch edition 1988"
"Oros","313807","0","1","0","0","0","0","0","0","0","0","0","3","","","","","","96407773","6.15012","7.1737","3.3256","2445","4609","thing","Oros","1","4","120","120","60","2023","3,4","3","12+","Some necessary text - easily memorized or small crib sheet","","","","","","standalone","","","","","","","","","","","","","","",""
"Outside the Scope of BGG","23953","0","9","0","1","0","0","0","0","0","0","0","3","","","","","","130489091","5.75531","6.57624","1.7326","5440","3662","thing","Outside the Scope of BGG","0","0","0","0","0","0","","","2+","No necessary in-game text","","","","","","standalone","","","","","","","","","","","","","","",""
"Overbooked","230200","0","0","0","1","0","0","0","0","0","0","0","3","","","","","","63492574","6.05195","6.9701","1.9714","2936","3278","thing","Overbooked","1","4","40","40","20","2018","1,2,3,4","3","8+","No necessary in-game text","","","","","","standalone","","","","","","","","","","","","","","",""
"Panda Spin","417323","0","0","0","0","0","0","0","1","0","0","0","3","","","","","","120950965","6.20896","7.11348","2.04","2222","3555","thing","Panda Spin","2","5","40","40","25","2024","2,3,4,5","4","10+","No necessary in-game text","","","","","","standalone","","","","","","","","","","","","","","",""
"Papertown","209688","0","2","0","1","0","0","0","0","0","0","0","3","","","","","","110910643","5.53766","6.81667","1.8","15319","217","thing","Papertown","1","4","30","30","15","2021","2,3,4","2","","No necessary in-game text","","","","","","standalone","","","","","","","","","","","","Buró","Portuguese","2021","Portuguese edition"
"Paradox Island","437168","0","0","0","0","0","0","0","1","0","0","0","3","","Spiel 25","","","","136048299","5.57785","7.262","2.6667","10858","187","thing","Paradox Island","2","4","90","90","60","2025","3,4","4","10+","","","","","","","standalone","","","","","","","","","","","","","","",""
"Party Panda Pirates","365119","0","0","0","0","0","0","0","1","0","0","0","3","Spiel 24","","","","","123596962","5.75241","7.45103","1.2","5487","1486","thing","Party Panda Pirates","2","6","45","45","30","2024","3,4,5,6","4","6","Some necessary text - easily memorized or small crib sheet","","","","","","standalone","","","","","","","","","","","","","","",""
"Pasteles","462440","0","0","0","0","0","0","0","1","0","0","0","3","","Spiel26","","","","147723173","0","7.07143","0","0","44","thing","Pasteles","1","1","30","30","30","2026","","","","","","","","","","standalone","","","","","","","","","","","","","","",""
"Pest","353572","0","1","0","1","0","0","0","0","0","0","0","3","","","","","","98487376","5.90079","7.29928","3.2653","3902","2171","thing","Pest","1","5","150","150","60","2024","1,2,3,4,5","3","14+","Moderate in-game text - needs crib sheet or paste ups","","","","","","standalone","","","","","","","","","","","","Archona Games","English","2024","English edition"
"Phase 10 Master","61470","0","1","0","1","0","0","0","0","0","0","0","3","","","","","","68458834","5.50213","5.58763","1.3438","25738","2408","thing","Phase 10 Master","2","6","60","60","60","2008","2,3,4,5,6","3,4","8+","No necessary in-game text","","","","","","standalone","","","","","","","","","","","","","","",""
"Philosophy","263236","0","3","0","1","0","0","0","0","0","0","0","3","Gespeeld op Spiel 2021. Nooit meer iets van gehoord.","","","","","95529673","5.57929","7.22338","2.2","10765","314","thing","Philosophy","2","2","30","30","5","2023","2","2","8+","No necessary in-game text","","","","","","standalone","","","","","","","","","","","","","","",""
"Pick a Pen: Riffen","381826","0","3","0","1","0","0","0","0","0","0","0","3","","","","","","107644013","5.5718","6.4145","1.4286","11366","793","thing","Pick a Pen: Reefs","2","4","30","30","30","2023","1,2,3,4","3","8+","No necessary in-game text","","","","","","standalone","","","","","","","","","","","","999 Games","Dutch; English","2023","Dutch/English edition"
"Pillars of Heracles","391549","0","0","0","0","0","0","0","1","0","0","0","3","","Spiel25","","","","137348310","5.67913","7.48029","3.8857","6855","758","thing","Pillars of Heracles","1","4","120","120","90","2025","2,3,4","3","14+","Extensive use of text - massive conversion needed to be playable","","","","","","standalone","","","","","","","","","","","","","","",""
"Pioneers of Pagonia: The Board Game","469369","0","0","0","0","0","0","0","1","0","0","0","3","","Spiel26","","","","149226275","0","9.33333","3.6667","0","0","thing","Pioneers of Pagonia: The Board Game","1","4","180","180","90","2028","","","","","","","","","","standalone","","","","","","","","","","","","","","",""
"Please Don't Burn My Village!","438119","0","6","0","1","0","0","0","0","0","0","0","3","","","","","","137716682","5.62641","6.41295","1.5","8348","581","thing","Please Don't Burn My Village!","2","5","30","30","20","2025","2,3,4,5","3,4","8+","No necessary in-game text","","","","","","standalone","","20","EUR","","","2025-10-24","Spiel25","","","","","Fireside Games","English","2025","English edition"
"Potion Explosion","180974","0","3","0","1","0","0","0","0","0","0","0","3","","","","","","77575636","6.92422","7.1215","1.7768","603","34316","thing","Potion Explosion","2","4","45","45","30","2015","2,3,4","3","8+","No necessary in-game text","","","","","","standalone","","","","","","","","","","","","","","",""
"Potion Explosion: The 6th Student","257729","0","0","0","1","0","0","0","0","0","0","0","3","","","","","","97643773","5.828","7.49233","2.1429","0","3001","thing","Potion Explosion: The 6th Student","2","6","45","45","30","2019","3,4,5,6","4","14+","","","","","","","expansion","","","","","","","","","","","","","","",""
"Potion Explosion: The Fifth Ingredient","203542","0","0","0","1","0","0","0","0","0","0","0","3","","","","","","80666243","6.22965","7.53133","1.95","0","6863","thing","Potion Explosion: The Fifth Ingredient","2","4","60","60","30","2017","2,3,4","2","8+","No necessary in-game text","","","","","","expansion","","","","","","","","","","","","","","",""
"Power Plants","341974","0","13","0","1","0","0","0","0","0","0","0","3","","","","","","104447872","6.05281","7.09247","2.5094","2930","3196","thing","Power Plants","1","5","30","30","30","2022","1,2,3,4","2","10+","Some necessary text - easily memorized or small crib sheet","","","","","","standalone","","","","","","","","","","","","Happy Meeple Games; KTBG","Dutch","2022","Dutch edition"
"Punto","259069","0","10","0","1","0","0","0","0","0","0","0","3","","","","","","92478697","5.80666","6.5711","1.069","4759","3219","thing","Punto","2","4","20","20","20","2018","2,3,4","4","8+","No necessary in-game text","","","","","","standalone","","","","","","","","","","","","White Goblin Games","Dutch","2018","Dutch edition"
"Pusheen: The Stacking Game!","422690","0","0","0","0","0","0","0","1","0","0","0","3","Spiel 24","","","","","123594437","5.49561","5.45942","1","27428","229","thing","Pusheen: The Stacking Game!","2","8","15","15","3","2024","","","3+","","","","","","","standalone","","","","","","","","","","","","","","",""
"Queen Alice","456236","0","0","0","0","0","0","0","1","0","0","0","3","","Spiel 26","","","","147664802","5.58133","8.54205","3.8","10635","249","thing","Queen Alice","1","4","120","120","30","2026","2,3,4","3","","No necessary in-game text","","","","","","standalone","","","","","","","","","","","","","","",""
"Quibbles","388539","8","3","0","1","0","0","0","0","0","0","0","3","","","","","","112103356","5.52987","5.85143","1.2727","16908","352","thing","Quibbles","1","6","25","25","10","2023","2,3","2","8+","No necessary in-game text","","","","","","standalone","","11","EUR","","","2023-11-05","Spellenspektakel","","","","","Gam'inBIZ","Dutch; English; French; German","2023","EN/FR/DE/NL edition (cover A)"
"Raas: A Dance of Love","358912","0","0","0","0","0","0","0","1","0","0","1","1","","Spiel24
Spiel25","","","","120950900","5.65769","7.66322","2.5","7374","88","thing","Raas: A Dance of Love","1","6","90","90","30","2026","2,3","2,4","","","","","","","","standalone","","","","","","","","","","","","","","",""
"Railroad Ink Challenge: Shining Yellow Edition","306882","0","1","0","0","0","0","0","0","0","0","0","3","","","","","","100060555","6.40481","7.43279","2","1589","7346","thing","Railroad Ink Challenge: Shining Yellow Edition","1","4","30","30","15","2021","1,2,3,4","2","8+","No necessary in-game text","","","","","","standalone","","","","","","","","","","","","","","",""
"Railroad Tiles","418062","0","0","0","0","0","0","0","1","0","0","0","3","","Spiel25","","","","124546597","6.34918","7.47287","1.75","1728","4250","thing","Railroad Tiles","1","4","30","30","30","2025","1,2,3,4","3","8+","No necessary in-game text","","","","","","standalone","","","","","","","","","","","","","","",""
"Raindrops","462541","0","0","0","0","0","0","0","1","0","0","0","3","","Spiel26","","","","149226548","0","7.73529","0","0","56","thing","Raindrops","2","4","45","45","45","2026","","","","","","","","","","standalone","","","","","","","","","","","","","","",""
"Ramen Ink","292507","0","11","0","1","0","0","0","0","0","0","0","3","","","","","","93658471","5.54211","6.23872","1.6667","14579","536","thing","Ramen Ink","2","5","20","20","15","2020","2,3,4,5","2","8+","","","","","","","standalone","","10","EUR","","","2022-04-15","Intertoys","","","","","Jumbo","Dutch; English; French; German; Italian; Portuguese; Spanish","2020","Multilingual edition"
"Rebirth","417197","0","2","0","1","0","0","0","0","0","0","0","3","","","","","","123862706","7.18132","7.76713","1.9722","320","13282","thing","Rebirth","2","4","60","60","45","2024","2,3,4","3","8+","Moderate in-game text - needs crib sheet or paste ups","","","","","","standalone","","","","","","","","","","","","","","",""
"Red Outpost","287589","0","3","0","1","0","0","0","0","0","0","0","3","","","","","","115910276","6.15135","6.86475","2.5368","2440","5159","thing","Red Outpost","1","4","60","60","30","2021","2,3,4","3","10+","No necessary in-game text","","","","","","standalone","","","","","","","","","","","","Happy Meeple Games; Lifestyle Boardgames Ltd","Dutch","2021","Dutch edition"
"Redwood","359962","0","4","0","1","0","0","0","0","0","0","0","3","","","","","","96974543","5.9895","7.16509","2.1515","3272","2481","thing","Redwood","1","4","60","60","45","2023","2,3,4","3","8+","No necessary in-game text","","","","","","standalone","","","","","","","","","Kickstarter okt 2022","","","","","",""
"Revenge of the Dictators","192984","0","0","0","0","0","0","0","0","1","0","0","3","","","","","","63492579","5.51239","6.01548","2.2","22316","415","thing","Revenge of the Dictators","2","5","105","105","45","2016","3,4,5","3,4","12+","Extensive use of text - massive conversion needed to be playable","","","","","","standalone","","","","","","","","","","","","","","",""
"Rival Restaurants","262114","0","3","0","1","0","0","0","0","0","0","0","3","","","","","","130488082","6.20768","7.53463","2.2093","2225","4601","thing","Rival Restaurants","2","6","60","60","45","2019","3,4,5,6","4,5","10+","Some necessary text - easily memorized or small crib sheet","","","","","","standalone","","","","","","","","","","","","","","",""
"River of Gold","399941","0","1","0","0","0","0","0","0","0","0","0","3","","","","","","124546710","6.83964","7.56307","2.4771","711","6880","thing","River of Gold","2","4","90","90","60","2024","2,3,4","3","12+","Some necessary text - easily memorized or small crib sheet","","","","","","standalone","","","","","","","","","","","","","","",""
"Robot Quest Arena","304668","0","3","0","1","0","0","0","0","0","0","0","3","","","","","","111260503","6.35335","7.64668","2.1515","1717","3416","thing","Robot Quest Arena","2","4","60","60","30","2023","2,3,4","4","8+","Extensive use of text - massive conversion needed to be playable","","","","","","standalone","","124","EUR","","","2023-10-07","Spiel 23","","Price including 3 expansions","","","Wise Wizard Games","English","2023","English edition"
"Roll Camera!: Super Hero Story Pack","369987","0","0","0","1","0","0","0","0","0","0","0","3","Spiel 22","","","","","97996300","5.56139","7.81781","2","0","1013","thing","Roll Camera!: Super Hero Story Pack","1","4","90","90","45","2022","2,3,4","3,4","","","","","","","","expansion","","","","","","","","","","","","","","",""
"Roll Camera!: The B-Movie Expansion","344735","0","0","0","1","0","0","0","0","0","0","0","3","","","","","","96686358","5.73948","7.90257","2","0","2340","thing","Roll Camera!: The B-Movie Expansion","1","6","90","90","45","2022","1,2,3,4","2,3,4","6+","Extensive use of text - massive conversion needed to be playable","","","","","","expansion","","","","","","","","","","","","Keen Bean Studio","English","2022","English edition"
"Roll Camera!: The Filmmaking Board Game","298102","0","0","0","1","0","0","0","0","0","0","0","3","","","","","","92965266","6.47048","7.38446","2.2069","1406","5928","thing","Roll Camera!: The Filmmaking Board Game","1","6","90","90","45","2021","1,2,3,4","3","10+","Extensive use of text - massive conversion needed to be playable","","","","","","standalone","","","","","","","","","","","","Keen Bean Studio","English","2021","English edition, first printing (clapper box)"
"Rolling Heights","331820","0","4","0","1","0","0","0","0","0","0","0","3","","","","","","130488087","6.45603","7.45697","2.5455","1448","4897","thing","Rolling Heights","1","4","60","60","45","2023","1,2,3,4","2,3","10+","Moderate in-game text - needs crib sheet or paste ups","","","","","","standalone","","","","","","","","","","","","","","",""
"Rolling Seas","307365","0","0","0","0","0","0","0","1","0","0","0","3","","Spiel 25","","","","136164404","5.52176","7.41258","3","19172","140","thing","Rolling Seas","1","6","60","60","30","2019","1","1","","","","","","","","standalone","","","","","","","","","","","","","","",""
"Rule the Realm","274432","0","0","0","1","0","0","0","0","0","0","0","3","","","","","","68457109","5.66493","6.91468","1.4545","7183","868","thing","Rule the Realm","2","4","40","40","20","2019","2,3,4","2","6+","No necessary in-game text","","","","","","standalone","","","","","","","","","","","","","","",""
"Rumble in the Dungeon","130827","0","0","0","1","0","0","0","0","0","0","0","3","","","","","","68457179","5.73446","6.32401","1.1111","5756","2016","thing","Rumble in the Dungeon","3","6","20","20","20","2012","3,4,5,6","4","6+","No necessary in-game text","","","","","","standalone","","","","","","","","","","","","","","",""
"Rumble in the House","99437","0","0","0","1","0","0","0","0","0","0","0","3","","","","","","68457154","5.6774","6.13696","1.05","6896","1920","thing","Rumble in the House","3","6","20","20","20","2011","3,4,5,6","6","6+","No necessary in-game text","","","","","","standalone","","","","","","","","","","","","","","",""
"Saboteur","9220","0","0","0","1","0","0","0","0","0","0","0","3","","","","","","68458868","6.40973","6.53799","1.3156","1571","68168","thing","Saboteur","3","10","30","30","30","2004","5,6,7,8,9,10","7,8","8+","No necessary in-game text","","","","","","standalone","","","","","","","","","","","","","","",""
"Saboteur 2 (expansion-only editions)","91072","0","0","0","1","0","0","0","0","0","0","0","3","","","","","","68458878","6.44907","6.93377","1.5427","0","18532","thing","Saboteur 2 (expansion-only editions)","2","12","45","45","45","2011","4,5,6,7,8,9,10","5,6,7,8","8+","No necessary in-game text","","","","","","expansion","","","","","","","","","","","","","","",""
"Sakura Dice","401347","8","1","0","1","0","0","0","0","0","0","0","3","","Spiel25","","","","137197848","5.53428","7.76031","2.4286","15949","105","thing","Sakura Dice","2","6","60","60","40","2025","2,3,4","2,3","10+","No necessary in-game text","","","","","","standalone","","","","","","","","","","","","","","",""
"Scenery","441292","0","0","0","0","0","0","0","1","0","0","0","3","","Spiel 25","","","","136085498","5.53209","7.05569","3","16408","110","thing","Scenery","1","5","50","50","20","2025","","","","","","","","","","standalone","","","","","","","","","","","","","","",""
"Sea of Thieves: Voyage of Legends","382016","0","2","0","1","0","0","0","0","0","0","0","3","","","","","","113331938","5.53967","6.53342","2.8","14978","538","thing","Sea of Thieves: Voyage of Legends","2","4","120","120","90","2023","2,3,4","3","10+","","","","","","","standalone","","","","","","","","","","","","Steamforged Games Ltd.","English","2023","English edition"
"Septima","360692","0","0","0","0","0","0","0","0","0","0","0","3","","","","","","95967540","6.55529","7.33366","3.6575","1207","9056","thing","Septima","1","4","100","100","50","2023","1,2,3,4","3","14+","Moderate in-game text - needs crib sheet or paste ups","","","","","","standalone","","","","","","","","","","","","","","",""
"Serendipity","34655","0","0","0","1","0","0","0","0","0","0","0","3","","","","","","68458805","5.49197","5.02308","1.8","28155","72","thing","Serendipity","2","6","45","45","45","2008","2,3,4,5,6","6","8+","No necessary in-game text","","","","","","standalone","","","","","","","","","","","","","","",""
"Shake That City","359764","0","6","0","1","0","0","0","0","0","0","0","3","","","","","","110955028","6.02222","7.01635","1.878","3084","2950","thing","Shake That City","1","4","40","40","20","2023","1,2,3,4","3,4","10+","No necessary in-game text","","","","","","standalone","","30","EUR","","","2023-11-01","Spiel 23","","","","","","","",""
"Shear Panic","18866","0","1","0","1","0","0","0","0","0","0","0","3","","","","","","92478686","6.00216","6.34073","2.2214","3190","5871","thing","Shear Panic","2","4","45","45","45","2005","2,3,4","4","10+","No necessary in-game text","","","","","","standalone","","","","","","","","","","","","","","",""
"Shipping Shenanigans","413301","0","0","0","1","0","0","0","0","0","0","0","3","","","","","","117074546","0","7.77273","0","0","176","thing","Shipping Shenanigans","2","4","60","60","45","2023","","","","","","","","","","expansion","","","","","","","","","","","","Phase Shift Games","English","2023","English edition"
"Shogun no Katana","319807","0","6","0","1","0","0","0","0","0","0","0","3","","","","","","124462348","6.3044","7.72892","3.7609","1890","2700","thing","Shogun no Katana","1","4","180","180","60","2023","1,2,3,4","3","14+","No necessary in-game text","","","","","","standalone","","","","","","","","","","","","Placentia Games; Post Scriptum","English","2023","English edition"
"Shugendo","458150","0","0","0","0","0","0","0","1","0","0","0","3","","Spiel26","","","","147722639","0","7","0","0","7","thing","Shugendo","2","4","60","60","50","2026","","","","","","","","","","standalone","","","","","","","","","","","","","","",""
"Side Quest: The Isle of Cats","428890","0","0","0","0","0","0","0","0","0","0","1","3","Spiel 24","","","","","123596395","5.50827","5.75325","2","23744","367","thing","Side Quest: The Isle of Cats","1","4","90","90","60","2024","1,2,3,4","1,2","12+","Extensive use of text - massive conversion needed to be playable","","","","","","standalone","","","","","","","","","","","","","","",""
"Simplicity","288254","0","0","0","0","0","0","0","0","0","0","0","3","","","","","","100060817","5.53787","5.95649","1.6667","15283","193","thing","Simplicity","2","6","40","40","20","2021","2,3,4,5,6","5","6+","No necessary in-game text","","","","","","standalone","","","","","","","","","","","","","","",""
"Small World","40692","0","3","0","1","0","0","0","0","0","0","0","3","","","","","","68458721","7.08214","7.18961","2.3456","412","104717","thing","Small World","2","5","80","80","40","2009","2,3,4,5","4","8+","No necessary in-game text","","","","","","standalone","","","","","","","","","","","","","","",""
"Small World Underground","97786","0","0","0","0","0","0","0","0","0","0","0","3","","","","","","68458758","6.87201","7.21994","2.587","654","20228","thing","Small World Underground","2","5","90","90","30","2011","2,3,4,5","4","10+","Moderate in-game text - needs crib sheet or paste ups","","","","","","standalone","","","","","","","","","","","","","","",""
"Small World: Power Pack 1","241991","0","0","0","1","0","0","0","0","0","0","0","3","","","","","","80666310","5.85263","7.62242","2.1667","0","2402","thing","Small World: Power Pack 1","2","5","80","80","40","2017","2,3,4,5","4,5","8+","","","","","","","expansion","","","","","","","","","","","","","","",""
"Small World: Power Pack 2","241989","0","0","0","1","0","0","0","0","0","0","0","3","","","","","","80666305","5.88507","7.66656","2.2727","0","2608","thing","Small World: Power Pack 2","2","5","80","80","40","2017","2,3,4,5","4","","","","","","","","expansion","","","","","","","","","","","","","","",""
"Solani","331804","0","3","0","1","0","0","0","0","0","0","0","3","","","","","","82135811","5.66023","7.22604","2.2222","7301","876","thing","Solani","1","4","60","60","30","2023","1,2,3,4","3,4","12+","Some necessary text - easily memorized or small crib sheet","","","","","","standalone","","40","EUR","","","","Kickstarter","","","","","","","",""
"Special Attractions (fan expansion for Draftosaurus)","324761","0","0","0","0","0","0","0","0","0","0","0","3","","","","","","100060612","0","7.93333","1","0","75","thing","Special Attractions (fan expansion for Draftosaurus)","2","5","15","15","15","2020","2,3,4","4","8+","","","","","","","expansion","","","","","","","","","","","","","","",""
"Spectacular","415147","0","0","0","0","0","0","0","1","0","0","0","3","","","","","","120951468","6.33886","7.27072","2.2766","1760","3861","thing","Spectacular","1","6","30","30","20","2024","1,2,3,4,5,6","2,4","10+","No necessary in-game text","","","","","","standalone","","","","","","","","","","","","","","",""
"Spirit Island","162886","0","1","0","1","0","0","0","0","0","0","0","3","","","","","","68457224","8.14117","8.33962","4.0755","11","100240","thing","Spirit Island","1","4","120","120","90","2017","1,2,3,4","2","14+","Extensive use of text - massive conversion needed to be playable","","","","","","standalone","","","","","","","","","","","","","","",""
"Stackers","264172","0","1","0","1","0","0","0","0","0","0","0","3","","","","","","68458087","0","6.03333","0","0","32","thing","Stackers","2","4","45","45","15","2018","","","","","","","","","","standalone","","","","","","","","","","","","","","",""
"Star Munchkin","4095","0","0","0","1","0","0","0","0","0","0","0","3","","","","","","68457876","5.82126","6.09987","1.7439","4623","11940","thing","Star Munchkin","3","6","90","90","90","2002","3,4,5,6","4","12+","Extensive use of text - massive conversion needed to be playable","","","","","","standalone","","","","","","","","","","","","","","",""
"Stonesaga","356944","0","0","0","0","0","0","0","1","0","0","0","3","","Spiel25
Engelse versie zoeken","","","","137197949","5.72615","8.10751","3.3913","5905","1300","thing","Stonesaga","1","4","120","120","60","2026","1,2,3,4","2,3","12+","Extensive use of text - massive conversion needed to be playable","","","","","","standalone","","","","","","","","","","","","","","",""
"The Stormlamp Rituals","469854","0","0","0","0","0","0","0","0","0","0","1","1","","","","","","147455955","0","9.75","0","0","10","thing","The Stormlamp Rituals","1","2","600","600","600","2027","","","","Unplayable in another language","","","","","","standalone","","","","","","","","","","","","","","",""
"Storyfold: Wildwoods","425505","0","0","0","0","0","0","0","1","0","0","0","3","","Spiel25","","","","137197988","6.02132","7.81331","2.1429","3087","3088","thing","Storyfold: Wildwoods","1","1","60","60","30","2025","1","1","12+","Extensive use of text - massive conversion needed to be playable","","","","","","standalone","","","","","","","","","","","","","","",""
"Suburbia: Collector's Edition","267367","0","4","0","1","0","0","0","0","0","0","0","3","","","","","","99191955","6.95695","7.96958","2.7733","0","8425","thing","Suburbia: Collector's Edition","1","5","90","90","90","2019","1,2,3,4","3","10+","Some necessary text - easily memorized or small crib sheet","","","","","","standalone","","","","","","","","","","","","Bézier Games","English","2019","Retail edition"
"Subway Squeeze","365308","0","2","0","1","0","0","0","0","0","0","0","3","","","","","","99175106","5.54484","6.93333","1.75","14151","263","thing","Subway Squeeze","2","4","30","30","30","2022","2,3,4","2","6+","No necessary in-game text","","","","","","standalone","","","","","","","","","","","","","","",""
"Super Cats","279014","0","1","0","1","0","0","0","0","0","0","0","3","","","","","","99527092","5.59275","6.24603","1.0909","9943","1004","thing","Teenage Mutant Ninja Turtles: Turtle Power Card Game","3","6","15","15","10","2020","4,5,6","4,5,6","5+","No necessary in-game text","","","","","","standalone","","10","EUR","","","","","","","","","White Goblin Games","Dutch","2020","Dutch edition"
"Super Munchkin","16933","0","0","0","1","0","0","0","0","0","0","0","3","","","","","","68457920","5.63037","5.86389","1.8355","8197","7367","thing","Super Munchkin","3","6","90","90","90","2005","3,4,5,6","4,5","10+","Extensive use of text - massive conversion needed to be playable","","","","","","standalone","","","","","","","","","","","","","","",""
"Sushi Boat","346255","0","2","0","1","0","0","0","0","0","0","0","3","","","","","","111743335","5.56492","6.37554","1.625","11898","593","thing","Sushi Boat","2","5","75","75","30","2023","2,3","2","10+","Some necessary text - easily memorized or small crib sheet","","","","","","standalone","","","","","","","","","","","","","","",""
"Sushi Go!","133473","0","3","0","1","0","0","0","0","0","0","0","3","","","","","","92478690","6.86577","6.9788","1.1626","664","99727","thing","Sushi Go!","2","5","15","15","15","2015","3,4,5","4","6+","No necessary in-game text","","","","","","standalone","","","","","","","","","","","","White Goblin Games","Dutch","2015","Dutch second edition"
"Tacocat Spelled Backwards","333373","0","2","0","1","0","0","0","0","0","0","0","3","","","","","","114089209","5.62232","6.26013","1.2105","8499","2778","thing","Tacocat Spelled Backwards","2","2","20","20","15","2021","2","2","6+","","","","","","","standalone","","","","","","","Secret Santa 2023","","","","","Exploding Kittens","English","2021","English edition"
"Takayama","278169","0","2","0","1","0","0","0","0","0","0","0","3","","","","","","68457533","0","5.79857","0","0","30","thing","Takayama","1","10","30","30","30","2017","","","","","","","","","","standalone","","","","","","","","","","","","","","",""
"Take That","211450","0","4","0","0","0","0","0","0","0","0","0","3","","","","","","96357731","5.58064","6.28033","1.1667","10677","788","thing","Take That","2","4","20","20","20","2016","3,4","3,4","8+","No necessary in-game text","","","","","","standalone","","","","","","","","","","","","White Goblin Games","Dutch","2016","Dutch edition"
"Takenoko","70919","0","3","0","1","0","0","0","0","0","0","0","3","","","","","","80317280","7.05531","7.19588","1.9732","445","78548","thing","Takenoko","2","4","45","45","45","2011","2,3,4","3","8+","No necessary in-game text","","","","","","standalone","","","","","","","","","","","","","","",""
"Takenoko: Chibis","174095","0","0","0","1","0","0","0","0","0","0","0","3","","","","","","93524332","6.76574","7.51819","1.8837","0","18609","thing","Takenoko: Chibis","2","4","45","0","45","2019","2,3,4","3,4","8+","No necessary in-game text","","","","","","expansion","","","","","","","","","","","","Bombyx; Matagot","English","2019","English edition 2019"
"Tang Garden","252153","0","5","0","1","0","0","0","0","0","0","0","3","","","","","","112433606","6.62973","7.29422","2.6286","1054","9668","thing","Tang Garden","1","4","60","60","40","2020","1,2,3,4","3","10+","No necessary in-game text","","","","","","standalone","","40","EUR","","","","Spiel '23","","","","","ThunderGryph Games","English","2020","English edition"
"Tang Garden: Seasons","354718","0","0","0","0","0","0","0","0","0","0","1","2","Spiel 24","","","","","123002890","5.53451","6.24294","0","0","1555","thing","Tang Garden: Seasons","1","4","60","60","45","2024","","","","","","","","","","expansion","","","","","","","","","","","","","","",""
"Tantrix","1038","0","0","0","1","0","0","0","0","0","0","0","3","","","","","","68458921","5.89837","6.358","2.2209","3928","5205","thing","Tantrix","1","6","30","30","30","1991","1,2,3,4","2","8+","No necessary in-game text","","","","","","standalone","","","","","","","","","","","","","","",""
"Tea Garden","422042","0","2","0","0","0","0","0","0","0","0","0","3","Spiel 24","","","","","122548808","6.39411","7.5497","3.0917","1619","3954","thing","Tea Garden","2","4","120","120","90","2024","2,3,4","3","12+","No necessary in-game text","","","","","","standalone","","","","","","","","","","","","","","",""
"Tea Witches","426912","0","0","0","0","0","0","0","1","0","0","0","3","","Spiel25","","","","137226327","5.97308","7.58938","3.125","3385","2516","thing","Tea Witches","2","4","120","120","60","2025","2,3","3","12+","Moderate in-game text - needs crib sheet or paste ups","","","","","","standalone","","","","","","","","","","","","","","",""
"Tearable Quest","444551","0","0","0","0","0","0","0","1","0","0","0","3","","Spiel 25","","","","136083273","5.56028","6.25186","1","12315","561","thing","Tearable Quest","1","50","10","10","10","2025","31","31","","","","","","","","standalone","","","","","","","","","","","","","","",""
"Terminus","350198","0","0","0","0","0","0","0","1","0","0","0","3","","","","","","120951357","5.89385","7.09948","3.7222","3963","2277","thing","Terminus","1","5","180","180","90","2024","3,4,5","4","12+","No necessary in-game text","","","","","","standalone","","","","","","","","","","","","","","",""
"Threads of Fate","378654","0","2","0","0","0","0","0","0","0","1","0","1","","Love every Postcurious game :)","","","","138215575","5.68134","8.40741","3.375","6810","838","thing","Threads of Fate","1","4","800","800","300","2023","1,2,3","2","14+","Unplayable in another language","","","","","","standalone","","","","","","","","","","","","","","",""
"Tidal Blades: Banner Festival","364994","0","2","0","1","0","0","0","0","0","0","0","3","","","","","","97208268","5.88277","6.95132","1.9091","4059","2235","thing","Tidal Blades: Banner Festival","2","5","45","45","30","2022","2,3,4,5","4","6+","Moderate in-game text - needs crib sheet or paste ups","","","","","","standalone","","","","","","","","","","","","","","",""
"Timespan","462479","0","0","0","0","0","0","0","1","0","0","0","3","","Spiel26","","","","147665195","0","8.30333","3","0","9","thing","Timespan","1","5","90","90","90","2026","","","","","","","","","","standalone","","","","","","","","","","","","","","",""
"Tiwanaku","267979","0","4","0","1","0","0","0","0","0","0","0","3","","","","","","96685904","6.17583","7.22989","2.186","2346","3174","thing","Tiwanaku","1","4","60","60","30","2022","1,2,3,4","1,2","12+","No necessary in-game text","","","","","","standalone","","49","EUR","","","","Kickstarter","","","","","","","",""
"Torii","424808","0","0","0","0","0","0","0","1","0","0","0","3","","Spiel25","","","","124546879","5.54039","6.90188","1.3333","14857","132","thing","Torii","2","2","30","30","15","2024","2","2","6+","","","","","","","standalone","","","","","","","","","","","","","","",""
"Torres","88","0","2","0","1","0","0","0","0","0","0","0","3","","","","","","99823783","6.73983","7.07439","2.8464","856","15101","thing","Torres","2","4","60","60","60","2017","2,3,4","4","10+","No necessary in-game text","","","","","","standalone","","","","","","","","","","","","White Goblin Games","Dutch","2017","Dutch edition"
"Towers of the Sun","236508","0","0","0","0","0","0","0","0","0","0","1","2","Nog niet uit, komt (ooit) naar kickstarter?","","","","","125290424","5.51933","7.23457","2.5","19919","4","thing","Towers of the Sun","2","4","60","60","20","2023","2,3,4","2,3,4","10+","","","","","","","standalone","","","","","","","","","","","","","","",""
"Transmissions","313065","0","4","0","1","0","0","0","0","0","0","0","3","","","","","","82135807","6.06688","7.25663","2.0312","2862","2815","thing","Transmissions","1","4","60","60","45","2022","1,2,3,4","3","8+","No necessary in-game text","","","","","","standalone","","54","EUR","","","","Kickstarter","","","","","","","",""
"Turing Machine","356123","0","21","0","1","0","0","0","0","0","0","0","3","Spiel 22","","","","","96685431","7.17794","7.59662","2.5314","326","20313","thing","Turing Machine","1","4","20","20","20","2022","1,2,3,4","1","12+","Some necessary text - easily memorized or small crib sheet","","","","","","standalone","","","","","","","","","","","","","","",""
"TwinStar Valley","359288","0","0","0","0","0","0","0","1","0","0","0","3","","Spiel 25","","","","136165878","5.57458","7.14067","2.5","11123","134","thing","TwinStar Valley","1","4","80","80","60","2025","1,2,3,4","4","12+","No necessary in-game text","","","","","","standalone","","","","","","","","","","","","","","",""
"Tzolk'in: The Mayan Calendar","126163","0","0","0","1","0","0","0","0","0","0","0","3","","","","","","68457252","7.67888","7.84233","3.663","77","50888","thing","Tzolk'in: The Mayan Calendar","2","4","90","90","90","2012","2,3,4","4","12+","No necessary in-game text","","","","","","standalone","","","","","","","","","","","","","","",""
"Tzolk'in: The Mayan Calendar – Tribes & Prophecies","143065","0","0","0","1","0","0","0","0","0","0","0","3","","","","","","68457322","7.167","8.11211","3.6129","0","14782","thing","Tzolk'in: The Mayan Calendar – Tribes & Prophecies","2","5","90","90","90","2013","2,3,4,5","4","12+","Some necessary text - easily memorized or small crib sheet","","","","","","expansion","","","","","","","","","","","","","","",""
"Under the Sea","244193","0","5","0","1","0","0","0","0","0","0","0","3","","","","","","82135837","0","6.22143","1","0","47","thing","Under the Sea","1","4","10","10","5","2017","1,2,3,4","3,4","3–8","","","","","","","standalone","","","","","","","","","","","","","","",""
"Villagers","241724","0","5","0","1","0","0","0","0","0","0","0","3","","","","","","111414545","6.69227","7.09487","2.2246","933","16000","thing","Villagers","1","5","60","60","30","2019","1,2,3,4","3","10+","Some necessary text - easily memorized or small crib sheet","","","","","","standalone","","","","","","","","","","","","","","",""
"Viral","194690","0","6","0","1","0","0","0","0","0","0","0","3","","","","","","89104871","6.31658","6.9186","2.5942","1836","6242","thing","Viral","1","5","90","90","60","2017","3,4,5","4","10+","Moderate in-game text - needs crib sheet or paste ups","","","","","","standalone","","","","","","","","","","","","Arcane Wonders; MESAboardgames","English","2017","English edition"
"Viral: The Hive","328560","0","0","0","1","0","0","0","0","0","0","0","3","","","","","","89107177","5.55903","7.22471","2.6667","0","946","thing","Viral: The Hive","2","5","90","90","60","2021","2,3,4,5","3","10+","","","","","","","expansion","","","","","","","","","","","","","","",""
"Virus!: Roll & Write","417719","0","0","0","0","0","0","0","1","0","0","0","3","Spiel 24","","","","","123002989","5.62238","7.02135","1.8889","8496","795","thing","Virus!: Roll & Write","2","4","20","20","20","2024","2,3,4","4","8+","No necessary in-game text","","","","","","standalone","","","","","","","","","","","","","","",""
"Vortex","209290","0","0","0","1","0","0","0","0","0","0","0","3","","","","","","63492600","5.56408","6.78884","2","11976","337","thing","Vortex","1","6","60","60","15","2016","1,2,3,4,5","1","6+","No necessary in-game text","","","","","","standalone","","","","","","","","","","","","","","",""
"The Voynich Puzzle","439983","9","4","0","1","0","0","0","0","0","0","0","3","","Spiel 2025","","","","134047994","5.93234","7.28373","3.8734","3654","1936","thing","The Voynich Puzzle","1","4","120","120","90","2025","2,3,4","3","14+","No necessary in-game text","","","","","","standalone","","60","EUR","","","2025-10-23","Spiel25","","","","","","","",""
"Walking in Osaka","448055","0","0","0","0","0","0","0","1","0","0","0","3","","Spiel 25","","","","136083629","5.52916","6.74687","2","17086","187","thing","Walking in Osaka","1","4","30","30","15","2025","","","","","","","","","","standalone","","","","","","","","","","","","","","",""
"Warp & Weft","412013","0","0","0","0","0","0","0","0","0","0","1","3","Spiel 24","","","","","123002863","5.54775","6.94271","2","13764","179","thing","Warp & Weft","2","5","35","35","25","2024","4","4","","No necessary in-game text","","","","","","standalone","","","","","","","","","","","","","","",""
"Waterfall Park","396618","0","2","0","0","0","0","0","0","1","0","0","3","","","","","","114175552","6.01713","7.0293","1.913","3110","3102","thing","Waterfall Park","3","5","45","45","45","2023","4,5","5","8+","No necessary in-game text","","","","","","standalone","","","","","","","","","","","","","","",""
"Waterfall Park","396618","0","2","0","0","0","0","0","0","1","0","0","3","","","","","","125766099","6.01713","7.0293","1.913","3110","3102","thing","Waterfall Park","3","5","45","45","45","2023","4,5","5","8+","No necessary in-game text","","","","","","standalone","","","","","","","","","","","","","","",""
"Welcome to the Dungeon","150312","0","2","0","1","0","0","0","0","0","0","0","3","","","","","","106347969","6.36634","6.52339","1.2345","1687","27776","thing","Welcome to the Dungeon","2","4","30","30","30","2015","2,3,4","3","8+","Some necessary text - easily memorized or small crib sheet","","","","","","standalone","","","","","","","","","","","","IELLO","Dutch","2015","Dutch edition"
"Welcome to the Moon","339789","0","23","0","1","0","0","0","0","0","0","0","3","","","","","","89149616","7.35169","7.84314","2.4578","213","21048","thing","Welcome to the Moon","1","6","30","30","25","2021","1,2,3,4,5,6","2,3,4","10+","No necessary in-game text","","","","","","standalone","","","","","","","","","","","","Blue Cocker Games","English","2021","English UK edition 2021"
"The Werewolves of Miller's Hollow","25821","0","0","0","1","0","0","0","0","0","0","0","3","","","","","","68458854","6.4147","6.67018","1.3125","1559","24846","thing","The Werewolves of Miller's Hollow","8","18","30","30","30","2001","8,9,10,11,12,13,14,15,16,17,18","10,11,12,13,14","10+","No necessary in-game text","","","","","","standalone","","","","","","","","","","","","","","",""
"Whirling Witchcraft","335275","0","2","0","1","0","0","0","0","0","0","0","3","","","","","","92478700","6.26597","7.17761","1.807","2010","3939","thing","Whirling Witchcraft","2","5","30","30","15","2021","2,3,4,5","3","8+","Some necessary text - easily memorized or small crib sheet","","","","","","standalone","","30","EUR","","","2021-10-16","Spiel","","","","","Alderac Entertainment Group","English","2021","English edition"
"Wild World","461255","0","0","0","0","0","0","0","1","0","0","0","3","","Spiel26","","","","147723103","0","8.1","2.6667","0","23","thing","Wild World","1","4","90","90","45","2026","","","","","","","","","","standalone","","","","","","","","","","","","","","",""
"Wispwood","445044","0","3","0","1","0","0","0","0","0","0","0","2","","Spiel25","","","","137198637","6.20359","7.39175","2.025","2240","2941","thing","Wispwood","1","4","45","45","30","2025","1,2,3,4","3","10+","Some necessary text - easily memorized or small crib sheet","","","","","","standalone","","","","","","","","","","","","","","",""
"The Wolves","368058","0","5","0","1","0","0","0","0","0","0","0","3","","","","","","96683954","6.6247","7.24028","2.8212","1061","8241","thing","The Wolves","2","5","75","75","75","2022","2,3,4","3","12+","Some necessary text - easily memorized or small crib sheet","","","","","","standalone","","","","","","","","","","","","","","",""
"Wonderland's War","227935","0","0","0","0","0","0","0","0","0","0","1","3","","","","","","100061061","7.50407","8.02798","3.048","134","17546","thing","Wonderland's War","2","5","125","125","45","2022","3,4,5","4","12+","Moderate in-game text - needs crib sheet or paste ups","","","","","","standalone","","","","","","","","","","","","","","",""
"Wondrous Creatures","400366","0","0","0","0","0","0","0","0","0","0","1","2","","","","","","138215838","7.36724","8.03112","3.0267","197","13845","thing","Wondrous Creatures","1","4","80","80","40","2024","1,2,3","2,3","12+","Moderate in-game text - needs crib sheet or paste ups","","","","","","standalone","","","","","","","","","","","","","","",""
"World Wonders","365258","0","5","0","1","0","0","0","0","0","0","0","3","","","","","","110746853","7.0282","7.59687","2.2551","477","12220","thing","World Wonders","1","5","70","70","50","2023","1,2,3,4","3","10+","No necessary in-game text","","","","","","standalone","","","","","","","","","","","","","","",""
"World Wonders: Mundo Wonders Pack","406746","0","0","0","1","0","0","0","0","0","0","0","2","","","","","","120951066","6.04985","8.05795","2.3","0","3988","thing","World Wonders: Mundo Wonders Pack","1","5","70","70","50","2024","1,2,3,4,5","1,2,3","10+","No necessary in-game text","","","","","","expansion","","","","","","","","","","","","","","",""
"Wunder der Welt: Europa Wunderpaket","441235","0","0","0","1","0","0","0","0","0","0","0","3","","","","","","137716753","5.62933","8.23531","2","0","1071","thing","World Wonders: Europa Wonders Pack","1","5","70","70","70","2025","","","","No necessary in-game text","","","","","","expansion","","28","EUR","","","2025-10-24","Spiel25","","","","","Kobold Spieleverlag","German","2025","German edition"
"Wutaki","314393","0","3","0","1","0","0","0","0","0","0","0","3","","","","","","80317272","5.65262","7.38218","2.7778","7512","409","thing","Wutaki","2","4","90","90","60","2021","2,3,4","4","12+","No necessary in-game text","","","","","","standalone","","60","EUR","","","","Kickstarter","","","","","","","",""
"Yummy Yummy Monster Tummy","344254","0","4","0","1","0","0","0","0","0","0","0","3","","","","","","101571048","5.89867","6.98176","1.125","3926","2259","thing","Yummy Yummy Monster Tummy","2","4","30","30","15","2021","2,3,4","3","4+","Some necessary text - easily memorized or small crib sheet","","","","","","standalone","","","","","","","","","","","","HYBR; Lucky Duck Games","English","2021","English edition"
"Zähl mal!","321753","0","1","0","1","0","0","0","0","0","0","0","3","","","","","","82135847","0","6.63333","0","0","38","thing","Count 'em Up","2","4","20","20","10","2020","2,3,4","2","2–5","","","","","","","standalone","","","","","","","","","","","","HABA","Dutch; English; French; German; Italian; Spanish","2020","Multilingual edition (German packaging)"
"Zookeepers","283482","0","1","0","1","0","0","0","0","0","0","0","3","","","","","","99022640","5.47904","5.31837","1.75","29700","64","thing","Zookeepers","2","6","60","60","30","2022","","","10+","No necessary in-game text","","","","","","standalone","","","","","","","","","","","","","","",""
