"Title","Type","Availability","MSRP Currency","MSRP","Show Price Currency","Show Price","Publisher","Location","Priority","Notes","Thumbs","BGGId","BGGVersionId","Mfg Product Code","Release Date","Override Release Date","Events"
"Discat","Standalone","For Sale","EUR",12,"N/A","N/A","funbot","",4,"",8,"424455","757537","1032413","2025-08-18","",""
"Texas Hold It","Standalone","For Sale","EUR",14,"N/A","N/A","funbot","",4,"",4,"429963","749171","1032313","2025-05-00","Q3 2025",""
"Shackleton Base: A Journey to the Moon","Standalone","For Sale","EUR",75,"N/A","N/A","Giant Roc","",4,"",170,"408180","731671","1032040","2025-06-02","",""
"Tiletum: Prospect for Silver","Expansion","For Sale","EUR",40,"N/A","N/A","Giant Roc","",4,"",76,"434042","745187","1031894","2025-06-00","",""
"Nucleum: Energy Research Institute","Expansion","For Sale","EUR",32,"N/A","N/A","Giant Roc","",4,"",65,"436059","752350","1032247","2025-08-20","",""
"Minos: Dawn of Faith","Expansion","For Sale","EUR",28,"N/A","N/A","Giant Roc","",4,"",47,"436060","754956","","0000-00-00","Q4 2025",""
"Windmill Valley: Blooming Sails","Expansion","For Sale","EUR",28,"N/A","N/A","Giant Roc","",4,"",76,"434507","758904","","0000-00-00","Q4 2025",""
"Brass: Lancashire","Standalone","For Sale","EUR",100,"N/A","N/A","Giant Roc","",4,"",35,"28720","733628","","0000-00-00","Q2 2025",""
"Marajoara","Standalone","For Sale","EUR",40,"N/A","N/A","Giant Roc","",4,"",70,"392463","727872","1031706","2025-05-00","",""
"Undaunted: Battle of Britain","Standalone","For Sale","EUR",35,"N/A","N/A","Giant Roc","",4,"",8,"366495","716608","1031378","2025-02-14","",""
"Let's talk NEON: Pink","Standalone","For Sale","EUR",13,"N/A","N/A","HABA","6-F301",4,"",14,"446396","758894","2012403001","2025-08-15","",""
"Let's talk NEON: Yellow","Standalone","For Sale","EUR",13,"N/A","N/A","HABA","6-F301",4,"",14,"445996","758246","2013260001","2025-08-15","",""
"Let's talk NEON: Blue","Standalone","For Sale","EUR",13,"N/A","N/A","HABA","6-F301",4,"",15,"446397","758896","2013265001","2025-08-15","",""
"Carni Flora","Standalone","For Sale","EUR",18,"N/A","N/A","HABA","6-F301",4,"",15,"446697","759362","2012211001","2025-08-15","",""
"My Very First Games: Hello, Vacation!","Standalone","For Sale","EUR",18,"N/A","N/A","HABA","6-F301",4,"",9,"446833","759622","201221001","2025-08-15","",""
"Obstgarten Tropic","Standalone","For Sale","EUR",20,"N/A","N/A","HABA","6-F301",4,"",15,"446836","759626","2013575001","2025-09-15","",""
"Funkyphant","Standalone","For Sale","EUR",10,"N/A","N/A","HABA","6-F301",4,"",11,"446913","759756","2012220001","2025-08-15","",""
"Game Meets Puzzle: Ocean Twist","Standalone","For Sale","EUR",25,"N/A","N/A","HABA","6-F301",4,"",14,"446914","759759","2012216001","2025-08-15","",""
"Game Meets Puzzle: Crazy Copter","Standalone","For Sale","EUR",25,"N/A","N/A","HABA","6-F301",4,"",13,"446916","759762","2012215001","2025-08-15","",""
"Hooray!","Standalone","For Sale","EUR",13,"N/A","N/A","HABA","6-F301",4,"",11,"446912","759749","2012214001","2025-08-15","",""
"Secret Recipe","Standalone","For Sale","EUR",44,"N/A","N/A","SnowBoardGames","5-B210",4,"",22,"419502","711097","","2025-07-00","",""
"Secret Recipe: Kitchen Mischief Expansion","Expansion","For Sale","EUR",17,"N/A","N/A","SnowBoardGames","5-B210",4,"",9,"448954","763298","","2025-07-00","",""
"El Camarero","Standalone","For Sale","EUR",25,"EUR",20,"frechverlag","6-H200",4,"",7,"273657","756743","18660","2025-10-14","",""
"Leuchtturm voraus!","Standalone","For Sale","EUR",30,"EUR",24,"frechverlag","6-H200",4,"",45,"445050","756745","18686","2025-09-10","",""
"Wie Arsch auf Eimer","Standalone","For Sale","EUR",14,"EUR",11,"frechverlag","6-H200",4,"",4,"445054","756750","18677","2025-09-10","",""
"Crime Files: Fallakte – Verliebt, verlobt, verwitwet","Standalone","For Sale","EUR",25,"EUR",20,"frechverlag","6-H200",4,"",6,"445108","756864","18676","2025-10-14","",""
"Crime Files Adventskalender: Fallakte – Winter-Einbruch","Standalone","For Sale","EUR",30,"EUR",24,"frechverlag","6-H200",4,"",6,"445109","756865","18630","2025-08-06","",""
"Krimi al Dente: Weinprobe des Wahnsinns – Das letzte Glas","Standalone","For Sale","EUR",22,"EUR",17.5,"frechverlag","6-H200",4,"",2,"445427","757311","18674","2025-10-14","",""
"Krimi al Dente: Tödliche Datingshow – Ärger im Paradies","Standalone","For Sale","EUR",22,"EUR",17.5,"frechverlag","6-H200",4,"",2,"445428","757312","18675","2025-10-14","",""
"Krimi al Dente: Dinner for One – Not the Same Procedure","Standalone","For Sale","EUR",25,"EUR",20,"frechverlag","6-H200",4,"",10,"445429","757313","18657","2025-09-10","",""
"Tower Up: Paradise Islands","Expansion","For Sale","N/A","N/A","N/A","N/A","Monolith Board Games","",4,"",64,"440836","749860","","2025-10-00","",""
"Underwater Cities: Data Era","Expansion","For Sale","EUR",25,"N/A","N/A","Delicious Games","4-B425",4,"",423,"440715","749613","","0000-00-00","Q4 2025",""
"Card Game Traders","Standalone","For Sale","N/A","N/A","N/A","N/A","Samaruc Games","",4,"",31,"437985","743989","","2025-10-23","",""
"SETI: Space Agencies","Expansion","For Sale","EUR",30,"N/A","N/A","Czech Games Edition","",4,"",720,"445048","756741","CGE00134","2025-10-23","",""
"Wispwood","Standalone","For Sale","EUR",30,"N/A","N/A","Czech Games Edition","",2,"",111,"445044","756734","CGE00133","2025-10-23","",""
"Zoology","Standalone","For Sale","EUR",25,"N/A","N/A","ICE Makes","3-M300",4,"",18,"438932","745859","","2025-10-23","",""
"River of Gold","Standalone","For Sale","EUR",50,"N/A","N/A","KOSMOS","",4,"",98,"399941","758645","","2025-09-14","",""
"Tag Team","Standalone","For Sale","EUR",23,"N/A","N/A","KOSMOS","",4,"",24,"434906","759663","68545","2025-10-15","",""
"Four Planets","Standalone","For Sale","EUR",20,"N/A","N/A","KOSMOS","",4,"",16,"446876","759691","68468","2025-10-15","",""
"Wildwuchs","Standalone","For Sale","EUR",25,"N/A","N/A","KOSMOS","",4,"",29,"446878","759693","68469","2025-10-15","",""
"Pulitzer","Standalone","For Sale","EUR",60,"N/A","N/A","Tranjis Games","4-D320",3,"",351,"428231","727081","","2025-10-23","",""
"Carnival of Sins","Standalone","For Sale","EUR",18,"N/A","N/A","Tranjis Games","4-D320",4,"",194,"447379","760595","","2025-10-23","",""
"Keyflower: Vault","Expansion","For Sale","EUR",2,"N/A","N/A","R&D Games","",4,"",26,"448455","762367","","2025-10-00","",""
"Keyflower: Boat 8","Expansion","For Sale","EUR",2,"N/A","N/A","R&D Games","",4,"",25,"448443","762340","","2025-10-00","",""
"Rock Swap Flip-Flop","Standalone","For Sale","EUR",15,"N/A","N/A","Alley Cat Games","",4,"",46,"448476","762410","","2025-10-23","",""
"Lost! in the Woods","Standalone","For Sale","EUR",20,"N/A","N/A","Alley Cat Games","",2,"Voor Tessa?",88,"448477","762412","","2025-10-23","",""
"Pyradice","Standalone","For Sale","EUR",25,"N/A","N/A","MEBO Games","5-F215",4,"",71,"423170","717891","","2025-08-00","",""
"A Wild Venture","Standalone","For Sale","EUR",30,"N/A","N/A","PIKA Games","",4,"",56,"447174","760221","","2025-10-23","",""
"FLOE","Standalone","Demo","N/A","N/A","N/A","N/A","PIKA Games","",2,"",188,"363204","615472","","2025-12-00","",""
"Cats & Dragons","Standalone","Demo","N/A","N/A","N/A","N/A","PIKA Games","",2,"",83,"427828","726377","","2025-00-00","Q2 2026",""
"The Strange Forgeries of Mr. S.C.Rheber","Standalone","For Sale","EUR",65,"N/A","N/A","Beyond Words Games","",4,"",16,"378109","645727","","0000-00-00","Q1/Q2 2025",""
"The Bestiary","Standalone","For Sale","EUR",18,"N/A","N/A","Beyond Words Games","",4,"",19,"431392","732435","","2025-00-00","",""
"The League of the Extraordinary Collectors","Standalone","For Sale","EUR",18,"N/A","N/A","Beyond Words Games","",4,"",17,"432701","734607","","2025-01-31","",""
"Khlor","Standalone","For Sale","EUR",60,"EUR",55,"Tembo Games","5-B700",4,"",20,"419701","711423","","0000-00-00","Q3 2025",""
"Earth 2053: Tipping Point","Standalone","For Sale","EUR",75,"EUR",65,"Crimson Company","3-M417",3,"",185,"367911","625891","","2025-10-22","",""
"Bluffosaurus","Standalone","Demo","N/A","N/A","N/A","N/A","Crimson Company","3-M417",4,"",8,"448236","762013","","0000-00-00","Q3 2026",""
"Aetherspire","Standalone","For Sale","EUR",50,"EUR",40,"Phase Shift Games","2-E530",3,"",14,"423020","717639","","2025-10-00","",""
"Widget's Workshop","Standalone","For Sale","EUR",20,"N/A","N/A","Phase Shift Games","2-E530",4,"",17,"437584","743134","","2025-07-31","",""
"Norsewind","Standalone","For Sale","EUR",30,"N/A","N/A","Aporta Games","",4,"",169,"446329","758758","","2025-10-23","",""
"Epona","Standalone","For Sale","EUR",40,"N/A","N/A","Delicious Games","4-B425",4,"",134,"449155","763642","","0000-00-00","Q4 2025",""
"Lords of Worlds","Standalone","For Sale","EUR",35,"N/A","N/A","Mojito Studios","",4,"",38,"415182","703124","","2026-00-00","Q4 2025",""
"Sinister Institute","Standalone","For Sale","EUR",35,"N/A","N/A","Mojito Studios","",4,"",26,"413913","701129","","2025-00-00","Q4 2025",""
"Tropicalia","Standalone","For Sale","EUR",40,"N/A","N/A","Mojito Studios","",4,"",31,"415188","703134","","0000-00-00","Q4 2025",""
"Theocratia","Standalone","For Sale","EUR",70,"N/A","N/A","Mojito Studios","",4,"",63,"415200","703147","","2025-00-00","Q4 2025",""
"Incubo","Standalone","For Sale","EUR",25,"N/A","N/A","Mojito Studios","",4,"",21,"395667","672768","","2025-07-00","Q4 2025",""
"Nature","Standalone","For Sale","EUR",30,"N/A","N/A","North Star Games, LLC","4-D600",4,"",91,"330152","549334","","2025-08-00","",""
"Crash Derby","Standalone","Demo","N/A","N/A","N/A","N/A","Albi","",4,"",35,"444886","756418","","2025-11-05","",""
"Dirt & Dust","Standalone","For Sale","EUR",52,"N/A","N/A","Albi","",4,"",124,"432715","734873","","2025-09-00","Q3 2025",""
"Garden Lake","Standalone","For Sale","EUR",30,"N/A","N/A","Albi","",4,"",109,"432711","734878","","2025-00-00","Q4 2025",""
"Karak II: Chaos","Expansion","For Sale","EUR",20,"N/A","N/A","Albi","",4,"",34,"444882","756412","","2025-10-23","",""
"Strange World Above the Clouds","Standalone","For Sale","EUR",17,"N/A","N/A","Board Game Circus","5-D110",4,"",79,"425560","744488","BGC-0081.0","2025-07-01","",""
"Wizards Cup","Standalone","For Sale","EUR",13,"N/A","N/A","Board Game Circus","5-D110",4,"",34,"400756","744489","BGC-0080.0","2025-07-01","",""
"Naishi","Standalone","For Sale","EUR",17,"N/A","N/A","Board Game Circus","5-D110",4,"",67,"423648","744487","BGC-0079.0","2025-08-01","",""
"Magic Number Eleven: Expansion","Expansion","For Sale","EUR",13,"N/A","N/A","Pluto Games","",4,"",25,"445419","757291","","2025-00-00","",""
"Aquatica: Stubborn Crab & Huntress Promo Cards","Expansion","For Sale","N/A","N/A","N/A","N/A","Cosmodrome Games","4-A400",4,"",29,"449928","765000","","2025-10-23","",""
"Sensu","Standalone","For Sale","EUR",20,"N/A","N/A","DV Games","3-J400",4,"",23,"402312","764971","DVG9087","2025-11-00","",""
"Papyria","Standalone","For Sale","EUR",55,"EUR",50,"Irongames","3-H110",4,"",137,"438534","745139","","2025-09-00","",""
"The White Castle Duel","Standalone","For Sale","EUR",25,"N/A","N/A","Devir","",4,"",423,"438936","745863","","0000-00-00","Q3 2025",""
"Covenant","Standalone","For Sale","EUR",60,"N/A","N/A","Devir","",4,"",551,"429863","729797","","0000-00-00","Q3 2025",""
"Ace of Spades","Standalone","For Sale","EUR",25,"N/A","N/A","Devir","",4,"",384,"429861","729793","","2025-08-01","",""
"Sanctuary","Standalone","For Sale","N/A","N/A","N/A","N/A","Feuerland Spiele","",4,"",545,"441696","751289","","0000-00-00","Q4 2025",""
"Terra Mystica: Fan Factions","Expansion","For Sale","N/A","N/A","N/A","N/A","Feuerland Spiele","",4,"",69,"356035","598261","","2025-00-00","Q4 2025",""
"Echoes of Time","Standalone","For Sale","EUR",40,"N/A","N/A","Cranio Creations","3-T400",2,"",434,"441850","751501","CC746","2025-10-00","",""
"Where is That?: Europe","Standalone","For Sale","N/A","N/A","N/A","N/A","Fractal Juegos","",4,"",48,"437167","742359","","2025-10-00","Q1 2026",""
"Where is That?: South America","Standalone","For Sale","N/A","N/A","N/A","N/A","Fractal Juegos","",4,"",39,"437166","742356","","2025-10-00","Q1 2026",""
"Kingdom Crossing","Standalone","For Sale","N/A","N/A","N/A","N/A","Sorry We Are French","",2,"",73,"437245","742485","","0000-00-00","Q4 2025",""
"365 Adventures: The Dungeon – 2026","Standalone","For Sale","N/A","N/A","N/A","N/A","Sorry We Are French","",2,"",28,"437252","742495","","2025-00-00","",""
"Believe in Me! (Please)","Standalone","For Sale","N/A","N/A","N/A","N/A","Wyrmgold GmbH","",4,"",51,"436790","741467","","0000-10-00","Q4 2025",""
"Under the Leaves","Standalone","For Sale","N/A","N/A","N/A","N/A","Fractal Juegos","",4,"",66,"436751","741412","","2025-10-00","Q1 2026",""
"Cat Packs: Meow Resort","Expansion","For Sale","EUR",15,"N/A","N/A","All Or None Games","3-L615",4,"",25,"436786","741458","","2025-10-00","",""
"My Very First Games: Block by Block","Standalone","For Sale","EUR",25,"N/A","N/A","HABA","6-F301",4,"",13,"446921","759771","2012209001","2025-08-15","",""
"My Very First Games to Go: Leo the Party Lion","Standalone","For Sale","EUR",10,"N/A","N/A","HABA","6-F301",4,"",8,"433468","735999","2012213001","2025-08-15","",""
"My Very First Games to Go: Mine or Yours?","Standalone","For Sale","EUR",10,"N/A","N/A","HABA","6-F301",4,"",10,"433471","736011","2012218001","2025-08-15","",""
"My Very First Games to Go: Pete Ahoy!","Standalone","For Sale","EUR",10,"N/A","N/A","HABA","6-F301",4,"",10,"433470","736007","2012217001","2025-08-15","",""
"Froggos","Standalone","For Sale","EUR",18,"N/A","N/A","HABA","6-F301",4,"",13,"433517","736103","2012811001","2025-05-15","",""
"3·4 = Klatsch!","Standalone","For Sale","EUR",30,"N/A","N/A","HABA","6-F301",4,"",13,"35610","741568","2012173001","2025-05-15","",""
"Secret Code 13+4","Standalone","For Sale","EUR",25,"N/A","N/A","HABA","6-F301",4,"",15,"131493","736128"," 2012183001","2025-05-15","",""
"Animals Around the World BINGO","Standalone","For Sale","EUR",18,"N/A","N/A","HABA","6-F301",4,"",9,"433466","735993","2012719001","2025-05-15","",""
"Quiz Challenge Europa","Standalone","For Sale","EUR",18,"N/A","N/A","HABA","6-F301",4,"",12,"433519","736110","2012198001","2025-05-15","",""
"2045","Standalone","For Sale","N/A","N/A","N/A","N/A","Mizo Games","",4,"",13,"423178","717902","","2025-01-00","",""
"JOYRIDE DUEL: Next Gen","Standalone","For Sale","EUR",40,"N/A","N/A","Rebellion Unplugged","2-C140",4,"",30,"399318","677675","RBN06001","2025-02-00","",""
"Sniper Elite: Operation Kraken","Expansion","Demo","N/A","N/A","N/A","N/A","Rebellion Unplugged","2-C140",4,"",23,"444239","755346","","2026-02-00","",""
"Children of the Colossi","Standalone","For Sale","EUR",55,"N/A","N/A","Cosmodrome Games","4-A400",2,"",89,"445474","757417","","2025-10-23","",""
"Xylotar: Unhinged","Expansion","For Sale","EUR",10,"N/A","N/A","Bézier Games","",4,"",37,"439358","746689","","2025-06-18","",""
"Scream!","Standalone","For Sale","EUR",15,"N/A","N/A","Bézier Games","",4,"",29,"438512","745088","","2025-07-00","",""
"The Game Makers","Standalone","Demo","N/A","N/A","N/A","N/A","Bézier Games","",3,"",270,"447776","761279","","2026-00-00","Q3 2026",""
"Silver Eye","Standalone","For Sale","EUR",25,"N/A","N/A","Bézier Games","",3,"",26,"405398","688003","SLVE","2025-03-00","",""
"Silver Fang","Standalone","For Sale","EUR",25,"N/A","N/A","Bézier Games","",3,"",28,"407716","691785","SLVF","2025-03-00","",""
"Zombie Princess","Standalone","Demo","N/A","N/A","N/A","N/A","Bézier Games","",4,"",190,"443074","753336","","0000-00-00","Q3 2026",""
"Haunted Mouse: Deluxe Edition","Standalone","Demo","N/A","N/A","N/A","N/A","Bézier Games","",3,"",58,"443195","753539","","0000-00-00","Q3 2026",""
"Red Carpet","Standalone","For Sale","EUR",27,"N/A","N/A","Devir","",4,"",166,"429849","729769","","2025-08-00","",""
"Transgalactica","Standalone","For Sale","EUR",55,"N/A","N/A","Devir","",3,"",196,"429860","729790","","2025-05-31","",""
"Fritanga","Standalone","For Sale","EUR",18,"N/A","N/A","Devir","",4,"",89,"402678","683354","","2025-03-15","",""
"Whispering Woods","Standalone","For Sale","EUR",30,"N/A","N/A","Wonderbow Games","",4,"",61,"411402","727051","","2025-04-00","",""
"Ironwood","Standalone","For Sale","EUR",49,"N/A","N/A","Wonderbow Games","",4,"",55,"407343","742352","","2025-10-00","",""
"Bad Baby Lich Lords","Standalone","For Sale","EUR",35,"N/A","N/A","Wonderbow Games","",4,"",15,"362528","626977","","2025-10-00","",""
"Leaders","Standalone","Demo","N/A","N/A","N/A","N/A","Wonderbow Games","",4,"",16,"432716","756848","","0000-00-00","Q4 2025",""
"Karuba Since 2015","Standalone","For Sale","EUR",50,"N/A","N/A","HABA","6-F301",4,"",35,"448161","761878","2012208001","2025-09-15","",""
"Point of View: 1 Session – Clash Club","Standalone","For Sale","EUR",15,"N/A","N/A","HABA","6-F301",4,"",29,"448171","761890","2013275001","2025-10-15","",""
"Neuroshima Hex: Battle","Standalone","For Sale","EUR",25,"EUR",19,"Portal Games","3-J120",4,"",11,"437382","742743","","2025-09-04","",""
"Galactic Anomaly","Expansion","For Sale","EUR",0.0001,"N/A","N/A","Seajay Games","3-M110",4,"",3,"451984","768928","","2025-00-00","",""
"Era of Atlantis","Standalone","Demo","N/A","N/A","N/A","N/A","Seajay Games","3-M110",4,"",3,"385960","657280","","2026-00-00","",""
"Biathlon Blast","Standalone","For Sale","EUR",69,"N/A","N/A","carlMax","5-F125",4,"",14,"404422","686392","","2025-00-00","",""
"Dominate & Delegate","Standalone","For Sale","EUR",105,"N/A","N/A","(Self-Published)","See each listing",4,"",24,"392756","668203","","2025-03-00","",""
"Nature: Arctic Tundra","Expansion","For Sale","EUR",20,"N/A","N/A","North Star Games, LLC","4-D600",4,"",17,"450327","765784","","2025-11-00","",""
"Nature: Natural Disasters","Expansion","For Sale","EUR",20,"N/A","N/A","North Star Games, LLC","4-D600",4,"",18,"450326","765783","","2025-11-00","",""
"Little Kingdoms","Standalone","For Sale","EUR",30,"EUR",25,"Ludolux","5-E720",3,"",5,"438089","744168","","2025-00-00","",""
"Scribble City: Hillview Map Pack","Expansion","For Sale","EUR",10,"N/A","N/A","Nekomancy Games","6-D411",4,"",3,"450150","765394","","2025-08-23","",""
"Tricky Kids","Standalone","For Sale","EUR",25,"N/A","N/A","Pandasaurus Games","2-C315",4,"",15,"447378","760594","","2025-10-00","",""
"Beasts","Standalone","For Sale","EUR",18,"N/A","N/A","Pandasaurus Games","2-C315",4,"",17,"448416","762295","","0000-00-00","Q4 2025",""
"Eternitium: Next-Gen","Expansion","For Sale","EUR",6,"EUR",5.5,"Haumea Games","3-R125",4,"",21,"432060","733671","","2025-06-00","",""
"Forest Leader","Standalone","For Sale","EUR",18,"EUR",16,"Haumea Games","3-R125",4,"",19,"438962","745908","","2025-09-00","",""
"Snorkeling","Standalone","For Sale","EUR",12.5,"EUR",11,"Haumea Games","3-R125",4,"",13,"448620","762677","","2025-10-00","",""
"Coloro","Standalone","For Sale","EUR",25,"EUR",20,"Steffen Spiele","5-A225 (Helvetiq)",4,"",8,"434660","738133","","2025-08-14","",""
"Oh My Socks!","Standalone","For Sale","EUR",12,"EUR",10,"Helvetiq","5-A225",4,"",16,"448756","762926","","2025-08-28","",""
"Kariba","Standalone","For Sale","EUR",12,"EUR",10,"Helvetiq","5-A225",4,"",22,"84732","763099","","2025-08-28","",""
"Taco Loco","Standalone","For Sale","EUR",12,"EUR",10,"Helvetiq","5-A225",4,"",8,"438465","748774","","2025-01-30","",""
"Team Quack","Standalone","For Sale","EUR",25,"EUR",20,"Helvetiq","5-A225",4,"",11,"448753","762922","","2025-10-10","",""
"Bugs Buddy","Standalone","For Sale","EUR",20,"EUR",15,"Helvetiq","5-A225",4,"",14,"438466","744926","","2025-03-20","",""
"Ringo","Standalone","For Sale","EUR",15,"EUR",12,"Steffen Spiele","5-A225 (Helvetiq)",4,"",9,"261490","744924","","2025-03-20","",""
"Mini Crimes: Mysteries from the Past – The Stolen Heart","Standalone","For Sale","N/A","N/A","N/A","N/A","GateOnGames","",4,"",6,"450984","766995","","2025-10-00","",""
"Mini Crimes: Black Friday (Special)","Standalone","For Sale","N/A","N/A","N/A","N/A","GateOnGames","",4,"",7,"450985","766996","","0000-00-00","2025",""
"Runes: The Game","Standalone","For Sale","EUR",38,"N/A","N/A","CBGame","4-G225",3,"",17,"419681","711387","","2025-10-00","",""
"INK","Standalone","For Sale","EUR",40,"N/A","N/A","Final Score Games","",3,"",46,"437301","742573","","2025-08-00","",""
"Endangered Rescue #2: Lemur Leaf Frog","Standalone","For Sale","EUR",10,"N/A","N/A","Grand Gamers Guild","3-E400",4,"",88,"449900","764950","","0000-00-00","",""
"The Great Escape","Standalone","Demo","N/A","N/A","N/A","N/A","Sound of Drums GmbH","3-V120",4,"",7,"450840","766738","SOD2025027","0000-00-00","Q2 2026",""
"Operation Valkyrie","Standalone","Demo","N/A","N/A","N/A","N/A","Sound of Drums GmbH","3-V120",4,"",12,"450841","766747","SOD202511","2026-03-10","",""
"A Pirate´s Word","Standalone","For Sale","EUR",20,"N/A","N/A","Primigenio","4-G215",4,"",69,"451212","767398","","2025-10-00","",""
"Europa Universalis: The Price of Power (Deluxe Edition)","Standalone","For Sale","EUR",220,"EUR",200,"Sound of Drums GmbH","3-V120",4,"",18,"370448","768320","SOD202601","2025-03-15","",""
"Magic Maze Pocket","Standalone","For Sale","EUR",10,"N/A","N/A","Pegasus Spiele","3-M120",3,"",29,"450086","766606","","2025-10-00","",""
"Orbita","Standalone","For Sale","N/A","N/A","N/A","N/A","Korea Boardgames","5-A315",4,"",30,"452324","769625","","2025-10-00","",""
"Coffee Rush: Grab & Go","Standalone","For Sale","N/A","N/A","N/A","N/A","Korea Boardgames","5-A315",3,"",32,"452335","769645","","2025-10-00","",""
"Bingsu","Standalone","For Sale","N/A","N/A","N/A","N/A","Korea Boardgames","5-A315",4,"",24,"452510","770017","","2025-12-00","",""
"Boardquest: Tales of Liria","Standalone","For Sale","EUR",89,"N/A","N/A","Ramezware SL","3-F120",4,"",8,"391061","665429","","2025-00-00","",""
"Out of Words","Standalone","For Sale","N/A","N/A","N/A","N/A","Queen Games","3-K400 / 3-K600",4,"",1,"452572","770165","","2025-10-23","",""
"Herd Immunity","Standalone","For Sale","N/A","N/A","N/A","N/A","Cockerel Games AS","",4,"",3,"451820","768582","","2025-00-00","",""
"Schnitt","Standalone","For Sale","N/A","N/A","N/A","N/A","Boardgame Racoon","",4,"",5,"452022","768981","","0000-00-00","Q3 2025",""
"Deep Space Dine","Standalone","For Sale","N/A","N/A","N/A","N/A","Boardgame Racoon","",4,"",18,"452023","768982","","0000-00-00","Q3 2025",""
"Snake Charmers","Standalone","For Sale","EUR",15,"N/A","N/A","Edition Spielwiese","6-A300","N/A","N/A",8,"451310","768076","","2025-00-00","",""
"Oh No, We Crashed!","Standalone","For Sale","EUR",13,"N/A","N/A","Edition Spielwiese","6-A300","N/A","N/A",7,"449024","763419","","2025-08-06","",""
"Stakko","Standalone","For Sale","EUR",15,"EUR",12,"Steffen Spiele","5-A225 (Helvetiq)",4,"",6,"235697","744922","","2025-03-13","",""
"Bouba/Kiki","Standalone","For Sale","EUR",22,"N/A","N/A","Grand Gamers Guild","3-E400",4,"",167,"408945","693831","","2025-05-01","",""
"Holiday Hijinks #10: The Leprechaun Larceny","Standalone","For Sale","EUR",10,"N/A","N/A","Grand Gamers Guild","3-E400",4,"",153,"428296","727210","","2025-11-00","",""
"Holiday Hijinks #11: The New Year Nightmare","Standalone","For Sale","EUR",10,"N/A","N/A","Grand Gamers Guild","3-E400",4,"",148,"428297","727211","","2025-11-00","",""
"Holiday Hijinks #12: The Krampus Caper","Standalone","For Sale","EUR",10,"N/A","N/A","Grand Gamers Guild","3-E400",4,"",148,"428298","727212","","2025-11-00","",""
"Journey to Tír na nÓg","Standalone","For Sale","EUR",10,"N/A","N/A","Grand Gamers Guild","3-E400",2,"",185,"426349","723803","","2025-10-09","",""
"Kokeshi","Standalone","For Sale","EUR",43,"N/A","N/A","Grand Gamers Guild","3-E400",4,"",286,"415507","763414","","2025-00-00","",""
"Pillars of Heracles","Standalone","For Sale","EUR",55,"N/A","N/A","Grand Gamers Guild","3-E400",3,"",229,"391549","666287","","2025-05-00","",""
"Stroop","Standalone","For Sale","EUR",14,"N/A","N/A","Grand Gamers Guild","3-E400",4,"",143,"212376","749717","","2025-09-09","",""
"Tír na nÓg: Blessings & Burdens","Expansion","For Sale","EUR",22,"N/A","N/A","Grand Gamers Guild","3-E400",3,"",198,"428544","727674","","2025-10-09","",""
"I C E: Second Edition","Standalone","Demo","N/A","N/A","N/A","N/A","This Way!","3-J300",2,"",42,"417219","706738","","2025-12-00","",""
"The Royal Study","Standalone","For Sale","N/A","N/A","N/A","N/A","HOT Games","5-E115",3,"",3,"451989","768936","","2025-00-00","",""
"Gnome Village","Standalone","For Sale","EUR",40,"N/A","N/A","Zilverspar Games","3-T125",3,"",3,"416333","705264","","2024-00-00","",""
"Skiwi","Standalone","For Sale","EUR",10,"N/A","N/A","Zilverspar Games","3-T125",3,"",8,"452295","769573","","2025-00-00","",""
"Orbit Master","Standalone","Demo","N/A","N/A","N/A","N/A","Zilverspar Games","3-T125",4,"",2,"386399","658062","","2025-00-00","",""
"Onward","Standalone","For Sale","EUR",60,"N/A","N/A","Skytear Games","3-L400",4,"",4,"431929","733356","","2025-00-00","",""
"Skytear Horde: Campaigns","Standalone","For Sale","EUR",50,"N/A","N/A","Skytear Games","3-L400",4,"",6,"423649","718764","","2025-04-00","",""
"Nature: Flight","Expansion","For Sale","EUR",20,"N/A","N/A","North Star Games, LLC","4-D600",4,"",17,"450260","765594","","2025-08-00","",""
"Nature: Jurassic","Expansion","For Sale","EUR",22,"N/A","N/A","North Star Games, LLC","4-D600",4,"",21,"437688","743348","","2025-08-00","",""
"River Rats","Standalone","For Sale","EUR",16,"N/A","N/A","Four Suit Studio","6-D411",4,"",8,"428024","726716","","2025-11-00","",""
"HELL: Legends","Standalone","Demo","N/A","N/A","N/A","N/A","Hodari Spiele","",4,"",87,"426258","723602","","2026-12-00","Q3 2026",""
"TwinStar Valley","Standalone","For Sale","EUR",40,"N/A","N/A","Jumping Turtle Games","",3,"",158,"359288","604383","","2025-10-23","",""
"TwinStar Valley","Standalone","For Sale","EUR",40,"N/A","N/A","Jumping Turtle Games","",3,"",106,"359288","764909","JTG-TWI-001","2025-10-00","",""
"Parks & Potions","Standalone","For Sale","N/A","N/A","N/A","N/A","Moon Saga Workshop","",4,"Alweer nature..",39,"414927","702675","","2025-06-00","Q3 2025",""
"Loom","Standalone","Demo","N/A","N/A","N/A","N/A","Moon Saga Workshop","",3,"",8,"447262","760386","","2025-00-00","",""
"Dragon Scrolls","Standalone","Demo","N/A","N/A","N/A","N/A","Moon Saga Workshop","",2,"",4,"449349","763964","","2026-00-00","",""
"Between Light & Shadow: Chapter II – Twilight","Standalone","For Sale","EUR",30,"N/A","N/A","Boardgame Racoon","",4,"",23,"427644","764886","","2025-10-00","Q3 2025",""
"Between Light & Shadow: Chapter II – Twilight","Standalone","For Sale","EUR",30,"N/A","N/A","Boardgame Racoon","",4,"",28,"427644","726055","","0000-00-00","Q3 2025",""
"Abroad","Standalone","For Sale","EUR",50,"N/A","N/A","1 More Time Games","",4,"",310,"437337","742640","","2025-10-00","",""
"Kilauea","Standalone","For Sale","EUR",42,"EUR",40,"Combo Games (II)","4-D325",4,"",179,"430319","730570","","2025-10-00","",""
"FaltoMeter:","Standalone","For Sale","EUR",22,"N/A","N/A","biwo spiele","5-D620",4,"",4,"450154","765403","2502","2025-09-00","",""
"MONNEM","Standalone","For Sale","EUR",13,"N/A","N/A","biwo spiele","5-D620",4,"",4,"450153","765401","2501","2025-04-00","",""
"Calcool 2025","Standalone","For Sale","EUR",33,"N/A","N/A","biwo spiele","5-D620",4,"",14,"450146","765387","","2025-10-01","",""
"Natera: New Beginning","Standalone","For Sale","EUR",80,"N/A","N/A","Horizon Games","4-D115",3,"",105,"379761","648715","","2025-10-00","",""
"The Lord of the Rings: Duel for Middle-Earth – Allies","Expansion","For Sale","EUR",8,"N/A","N/A","Repos Production","",4,"",294,"450429","765985","","2025-10-24","",""
"7 Wonders Dice","Standalone","For Sale","EUR",30,"N/A","N/A","Repos Production","",3,"",117,"446231","758601","","2025-10-24","",""
"Take Time","Standalone","For Sale","EUR",25,"N/A","N/A","Libellud","",3,"",48,"440540","749238","","2025-10-03","",""
"Shrinkopolis","Standalone","For Sale","EUR",25,"N/A","N/A","TLAMA games","5-B625",4,"",62,"406529","689930","","2025-10-23","",""
"Dominance","Standalone","For Sale","EUR",35,"EUR",29,"Giochix.it","3-P111",2,"",22,"406499","689887","","2025-05-00","",""
"Earthrise","Standalone","For Sale","EUR",30,"EUR",25,"Kokorïn Games","4-F120",4,"",30,"445867","758058","","2025-10-01","",""
"Snow Colony","Standalone","For Sale","N/A","N/A","N/A","N/A","Arclight Games","5-M600",4,"",53,"447267","760396","","2025-10-00","",""
"Viking Raiders: Loki's Mischief","Expansion","For Sale","N/A","N/A","N/A","N/A","Neowulf Games","",4,"",3,"447200","760259","","2025-10-23","",""
"The Charge of the 3 Kings: Navas de Tolosa 1212","Standalone","For Sale","EUR",80,"EUR",65,"NAC Wargames","3-N300",4,"",18,"345684","576661","MQOE00A73","2025-10-23","",""
"The Republic's Struggle","Standalone","For Sale","EUR",60,"EUR",50,"NAC Wargames","3-N300",4,"",22,"395926","673114","MQOE00B30","2025-10-23","",""
"El Rey Planeta","Standalone","For Sale","EUR",70,"EUR",60,"NAC Wargames","3-N300",4,"",32,"316704","521512","","2025-10-23","",""
"The Other Side of the Hill","Standalone","For Sale","EUR",120,"EUR",100,"NAC Wargames","3-N300",4,"",44,"362917","614706","MQOE00A70","2025-10-23","",""
"Asturias 1936-1937","Standalone","For Sale","EUR",70,"EUR",60,"NAC Wargames","3-N300",4,"",18,"367596","625268","MQOE00B65","2025-10-23","",""
"Berlin 1945: The Fall of the Reichstag","Standalone","For Sale","EUR",45,"EUR",40,"NAC Wargames","3-N300",4,"",30,"429992","729975","MQOE00B64","2025-04-15","",""
"The Republic of Rome: Remastered","Standalone","Demo","N/A","N/A","N/A","N/A","Ediciones MasQueOca","3-N300",4,"",62,"425789","722640","","2025-00-00","Q4 2026",""
"PIPS: Deine Plus/Minus Challenge","Standalone","For Sale","EUR",13,"N/A","N/A","biwo spiele","5-D620",4,"",2,"450137","765367","","2025-10-01","",""
"Norsemen","Standalone","For Sale","EUR",60,"N/A","N/A","Skellig Games","3-C300",4,"",21,"419643","711322","","2025-09-00","",""
"Click A Tree","Standalone","For Sale","EUR",36,"N/A","N/A","Skellig Games","3-C300",3,"",28,"399959","678582","","2025-10-00","",""
"Five Families","Standalone","For Sale","EUR",45,"N/A","N/A","Skellig Games","3-C300",4,"",27,"447813","761337","","2025-10-00","",""
"Fair Enough","Standalone","For Sale","EUR",15,"N/A","N/A","Skellig Games","3-C300",4,"",18,"449996","765111","","2025-10-00","",""
"Drachenpups & Tollkirschkern","Standalone","For Sale","EUR",30,"N/A","N/A","Skellig Games","3-C300",4,"",3,"449995","765109","","2025-10-00","",""
"Merchants of the Dark Road","Standalone","For Sale","EUR",65,"N/A","N/A","Skellig Games","3-C300",4,"",44,"300217","603867","0048-0017-01","2025-09-00","",""
"Daitoshi","Standalone","For Sale","EUR",65,"N/A","N/A","Skellig Games","3-C300",4,"",36,"402677","735951","","2025-09-00","",""
"Transgalactica","Standalone","For Sale","EUR",65,"N/A","N/A","Skellig Games","3-C300",4,"",37,"429860","765097","","2025-10-00","",""
"Aquaria","Standalone","For Sale","EUR",60,"N/A","N/A","Skellig Games","3-C300",4,"",86,"443932","763280","","2025-10-00","",""
"Prestige","Standalone","Demo","N/A","N/A","N/A","N/A","Skellig Games","3-C300",4,"",35,"444252","755362","","0000-00-00","Q2 2026",""
"Medievallons","Standalone","For Sale","EUR",15,"N/A","N/A","Wulfhorn Games","",4,"",35,"439805","747537","","2025-11-00","",""
"Oopsie","Standalone","For Sale","EUR",40,"N/A","N/A","Oopsie AS","",4,"",19,"424294","719876","","2024-11-07","",""
"Diluvium","Standalone","For Sale","EUR",42,"EUR",38,"Nuts! Publishing","3-U210",4,"",34,"394451","671109","2024-01-EN","2024-11-00","",""
"Guerre Eclair","Standalone","For Sale","EUR",30,"EUR",25,"Nuts! Publishing","3-U210",4,"",10,"296425","738688","","2025-10-00","",""
"Mini Rogue: The Council","Standalone","Demo","N/A","N/A","N/A","N/A","Nuts! Publishing","3-U210",4,"",43,"417020","706466","","2026-02-00","",""
"Rolling Seas","Standalone","Demo","N/A","N/A","N/A","N/A","Nuts! Publishing","3-U210",3,"",33,"307365","671106","","2026-07-00","",""
"SPELL","Standalone","Demo","N/A","N/A","N/A","N/A","Nuts! Publishing","3-U210",4,"",17,"286363","671105","","2024-00-00","Q4 2026",""
"Trickerion: Anniversary Edition","Standalone","For Sale","EUR",210,"N/A","N/A","Mindclash Games","3-G115",4,"",171,"441548","750911","","2025-10-00","",""
"Perseverance: Castaway Chronicles – Episodes 3 & 4","Standalone","For Sale","EUR",250,"N/A","N/A","Mindclash Games","3-G115",4,"",116,"387849","660121","","2025-10-00","",""
"Revenant","Standalone","Demo","N/A","N/A","N/A","N/A","Mindclash Games","3-G115",4,"",222,"428099","726879","","2026-03-00","",""
"Virtus!","Standalone","For Sale","EUR",20,"N/A","N/A","Giochi Uniti","3-K515",4,"",16,"440042","766776","","2025-09-00","",""
"Atlantis Exodus: Polymathís","Expansion","For Sale","EUR",13,"N/A","N/A","dlp games","3-K615",4,"",27,"450878","766808","1127","2025-00-00","",""
"Pirates of Maracaibo: Bermuda Triangle","Expansion","For Sale","EUR",19,"N/A","N/A","dlp games","3-K615",4,"",96,"450881","766811","1131","2025-00-00","",""
"Hurry Harry","Standalone","For Sale","EUR",15,"N/A","N/A","biwo spiele","5-D620",4,"",5,"450690","766491","","2025-10-10","",""
"Tokyo Highway Driver's License","Standalone","For Sale","N/A","N/A","N/A","N/A","itten","",4,"",10,"450523","766122","","2025-10-23","",""
"Orleans: Big Box","Standalone","For Sale","EUR",200,"N/A","N/A","dlp games","3-K615",4,"",28,"420068","766812","1118","2025-10-00","",""
"Diver Go!","Standalone","For Sale","N/A","N/A","N/A","N/A","itten","",4,"",12,"450521","766120","","2025-10-23","",""
"Hits & Outs","Standalone","For Sale","N/A","N/A","N/A","N/A","itten","",4,"",25,"443146","753453","","2025-05-17","",""
"Cascadia Junior","Standalone","For Sale","EUR",25,"N/A","N/A","Alderac Entertainment Group","3-B200",4,"",25,"433007","735136","","2025-04-00","",""
"Into the Machine","Standalone","Demo","N/A","N/A","N/A","N/A","Alderac Entertainment Group","3-B200",4,"",28,"446670","759323","","0000-00-00","Q3 2026",""
"Cereal Killer","Standalone","For Sale","EUR",15,"N/A","N/A","Primigenio","4-G215",4,"",277,"449893","764943","","2025-10-00","",""
"Ghost Lift","Standalone","For Sale","EUR",20,"N/A","N/A","Engames","5-M715",4,"",52,"450112","765307","4580071970915","2025-11-00","",""
"Syncanite Foundation","Standalone","For Sale","EUR",110,"N/A","N/A","SYNCANITE GAMES","3-N510",4,"",43,"386377","658014","","2025-09-00","",""
"Syncanite Foundation: The Great Council Box","Expansion","For Sale","EUR",40,"N/A","N/A","SYNCANITE GAMES","3-N510",4,"",13,"437759","743524","","0000-00-00","",""
"Syncanite Foundation: Dignitary Pack – Volume 1","Expansion","For Sale","EUR",15,"N/A","N/A","SYNCANITE GAMES","3-N510",4,"",12,"437757","743521","","0000-00-00","",""
"Grunlings: Fantastic Fruit","Standalone","For Sale","EUR",35,"N/A","N/A","Treecer (Treeceratops)","3-L515",4,"",41,"430780","731366","TRE-GF02","2025-12-00","Q4 2025",""
"Perfect Mismatch","Standalone","For Sale","EUR",29,"N/A","N/A","Ares Games","",4,"",10,"424482","720214","","2025-08-00","",""
"Quartermaster General: South Front","Standalone","For Sale","EUR",50,"N/A","N/A","Ares Games","",4,"",20,"426868","724728","ARTG026","2025-09-00","",""
"Sword & Sorcery: Abyssal Legends","Expansion","For Sale","EUR",90,"N/A","N/A","Ares Games","",4,"",24,"388091","660796","","0000-00-00","Q4 2025",""
"WunderWaffen","Standalone","Demo","N/A","N/A","N/A","N/A","Ares Games","",4,"",23,"439684","747343","ARTG029","0000-00-00","Q4 2025",""
"Firefighters on Duty: Fuel & Electrical Fires","Expansion","For Sale","EUR",22,"N/A","N/A","Artipia Games","3-T200",4,"",16,"437366","742697","","2025-10-00","",""
"Firefighters on Duty: Kickstarter Promos","Expansion","For Sale","EUR",19,"N/A","N/A","Artipia Games","3-T200",4,"",15,"448166","761885","","2025-10-00","",""
"Firefighters on Duty: Tow Truck","Expansion","For Sale","EUR",19,"N/A","N/A","Artipia Games","3-T200",4,"",16,"437367","742698","","2025-10-00","",""
"Oranges & Lemons: Here Comes a Candle","Expansion","For Sale","EUR",38,"EUR",35,"Medusa Games","",4,"",15,"445821","757966","","0000-00-00","Oct 2025",""
"I'm the King of the Castle","Standalone","Demo","N/A","N/A","N/A","N/A","Medusa Games","",4,"",3,"445824","757969","","2026-05-00","",""
"The Great Fire of Chicago 1871","Standalone","Demo","N/A","N/A","N/A","N/A","Medusa Games","",4,"",15,"445827","757974","","2027-00-00","Q4 2027",""
"River Woods","Standalone","For Sale","EUR",30,"N/A","N/A","Good Spirit Games","5-K625",4,"",22,"426329","723745","","2025-01-00","",""
"Patas Arriba","Standalone","For Sale","EUR",16,"EUR",15,"Boqueron Games","",4,"",62,"421647","715047","","2024-11-00","",""
"Pirate King!","Standalone","For Sale","EUR",16,"EUR",15,"Boqueron Games","",4,"",65,"428776","728036","","2025-04-03","",""
"Bim Bam Bum","Standalone","For Sale","EUR",14,"EUR",13,"Boqueron Games","",4,"",67,"441348","750639","","0000-00-00","Q3 2025",""
"Karak: Labyrinth","Standalone","Demo","N/A","N/A","N/A","N/A","Albi","",4,"",35,"444883","756414","","2026-02-12","",""
"Removal","Standalone","For Sale","EUR",28,"N/A","N/A","Albi","",4,"",27,"444880","756407","","2025-09-02","Q4 2025",""
"Reptile Tank","Standalone","For Sale","EUR",16,"N/A","N/A","Albi","",4,"",44,"444884","756416","","2025-04-25","Q3 2025",""
"Severton","Standalone","For Sale","EUR",45,"N/A","N/A","Albi","",4,"",139,"432709","734876","","2025-00-00","Q4 2025",""
"Tea Garden: Puerh","Expansion","For Sale","EUR",28,"N/A","N/A","Albi","",4,"",113,"444887","756420","","2025-10-23","",""
"TroubleZ Run! Revenge of the Jellynator","Standalone","For Sale","EUR",20,"N/A","N/A","Albi","",4,"",13,"444879","756405","","2025-08-19","Q4 2025",""
"1589","Standalone","For Sale","EUR",65,"N/A","N/A","Scribabs","",4,"",32,"449759","764689","","2025-10-28","",""
"Urban Sketchers","Standalone","For Sale","EUR",36,"EUR",30,"DMZ Games","3-T100",4,"",114,"433891","736956","","2025-10-00","",""
"Forest Gangs","Standalone","For Sale","EUR",10,"N/A","N/A","DMZ Games","3-T100",4,"",82,"434663","738139","","2025-07-01","",""
"Driving Me Crazy!","Standalone","For Sale","EUR",25,"N/A","N/A","Simplexity Games","5-G610",4,"",10,"440634","749440","","2025-11-00","",""
"Viking Route","Standalone","Demo","N/A","N/A","N/A","N/A","Ares Games","",3,"",16,"411265","697182","ARTG025","2025-10-00","",""
"Winnie the Pooh: Serious Detective","Standalone","For Sale","EUR",45,"N/A","N/A","CrowD Games","",4,"",31,"449448","764209","","2026-01-00","",""
"Countryside","Standalone","For Sale","EUR",35,"N/A","N/A","Nanox Games","",3,"",49,"450079","765259","NXG 04 EN 01","2025-10-23","",""
"Travelers: Tokyo","Standalone","For Sale","EUR",39,"EUR",29,"Keep Exploring Games","",3,"",28,"405188","687604","","2025-10-13","",""
"Age of Bitcoin","Standalone","Demo","N/A","N/A","N/A","N/A","Four Comma Game","2-D335",4,"",27,"446835","759625","","2026-02-00","",""
"Keyside","Standalone","For Sale","EUR",65,"N/A","N/A","R&D Games","",3,"",92,"410628","696186","883 780","2025-10-00","",""
"Giraffe Raffe","Standalone","For Sale","N/A","N/A","N/A","N/A","Mandoo Games","",4,"",26,"428639","754348","MDCN08PLW","2025-04-04","",""
"Tolleno","Standalone","For Sale","EUR",30,"N/A","N/A","Sit Down!","",3,"",32,"434131","737317","SIT041G","2025-10-00","",""
"Octocube","Standalone","For Sale","EUR",28,"N/A","N/A","Sit Down!","",3,"",14,"424371","719999","SIT040GENFRNL","2025-07-00","",""
"Tricky Twist","Standalone","For Sale","EUR",14,"N/A","N/A","Sit Down!","",4,"",24,"450053","765214","","2025-10-00","",""
"Reef Gardens","Standalone","For Sale","EUR",45,"N/A","N/A","dlp games","3-K615",3,"",28,"450708","766523","1128","2025-00-00","",""
"Railway Boom","Standalone","For Sale","N/A","N/A","N/A","N/A","Cranio Creations","3-T400",4,"",31,"448159","766526","CC791","2025-00-00","Q4 2025",""
"Sword & Sorcery: Ancient Chronicles – Northwind Tales","Expansion","For Sale","EUR",100,"N/A","N/A","Ares Games","",4,"",21,"362393","765765","GRPR202","2025-08-00","",""
"Codenames","Standalone","For Sale","N/A","N/A","N/A","N/A","Czech Games Edition","",4,"",14,"178900","766654","","0000-00-00","Q4 2025",""
"Pinched!","Standalone","For Sale","EUR",30,"N/A","N/A","Mighty Boards","3-K315",4,"",67,"450685","766477","","0000-00-00","",""
"Eternitium","Standalone","For Sale","EUR",24,"EUR",22,"Haumea Games","3-R125",4,"",22,"402324","765811","","2025-10-00","",""
"Gelati","Standalone","For Sale","EUR",25,"N/A","N/A","Jolly Dutch Productions","6-F110",3,"",22,"446194","758527","","2025-05-10","",""
"Cakes!","Standalone","For Sale","EUR",25,"N/A","N/A","Pegasus Spiele","3-M120",4,"",6,"327643","764847","","2025-10-00","",""
"Neither King Nor God LTD pilot edition","Standalone","For Sale","EUR",69,"EUR",29,"Sound of Drums GmbH","3-V120",3,"",14,"392398","667685","SOD2025001","2025-10-20","",""
"Battle Commander: Volume I","Standalone","For Sale","EUR",79,"EUR",70,"Sound of Drums GmbH","3-V120",4,"",18,"404204","686040","","2025-09-15","",""
"Railway Boom","Standalone","For Sale","N/A","N/A","N/A","N/A","Arclight Games","5-M600",4,"",148,"448159","761876","","2025-00-00","",""
"Verdun","Standalone","For Sale","EUR",33,"N/A","N/A","Dragon Dawn Productions","2-C330",4,"",25,"411937","698210","","2025-04-00","",""
"Golem Run","Standalone","For Sale","EUR",33,"N/A","N/A","Dragon Dawn Productions","2-C330",4,"",16,"411938","698211","","2025-07-00","",""
"Mine 77","Standalone","For Sale","EUR",33,"N/A","N/A","Dragon Dawn Productions","2-C330",3,"",36,"402619","683190","","2025-10-00","",""
"Tricky Seasons: Finland","Standalone","Demo","N/A","N/A","N/A","N/A","Dragon Dawn Productions","2-C330",4,"",9,"443041","753276","","0000-00-00","Q2 2026",""
"Quantum Tricks","Standalone","Demo","N/A","N/A","N/A","N/A","Dragon Dawn Productions","2-C330",4,"",10,"448436","762330","","0000-00-00","Q2 2026",""
"Beasts and Diplomacy","Standalone","Demo","N/A","N/A","N/A","N/A","Dragon Dawn Productions","2-C330",3,"",27,"423194","717935","","2026-07-00","",""
"Proving Ground","Standalone","Demo","N/A","N/A","N/A","N/A","Dragon Dawn Productions","2-C330",4,"",11,"427128","725147","","2025-00-00","Q3 2025",""
"Arkham Travel Guide","Standalone","For Sale","EUR",20,"N/A","N/A","CrowD Games","",3,"",58,"439409","746785","","2025-09-00","",""
"En Route","Standalone","For Sale","EUR",35,"N/A","N/A","CrowD Games","",4,"",31,"406454","689748","","2025-03-00","",""
"Lunch [atop a Skyscraper]","Standalone","For Sale","EUR",30,"EUR",25,"Kokorïn Games","4-F120",4,"",28,"445866","758057","","2025-10-01","",""
"1906 San Francisco","Standalone","For Sale","EUR",25,"N/A","N/A","Looping Games","3-D310",4,"",75,"257668","764914","","2025-10-00","",""
"Paragliders","Standalone","Demo","N/A","N/A","N/A","N/A","Thematic Games","4-E400",4,"",10,"450604","766236","PARA-1.0-EN.FR.DE.CN","0000-00-00","Q1 2026",""
"Civolution: Acceptance Letter","Expansion","For Sale","EUR",10,"N/A","N/A","Deep Print Games","3-B300",4,"",151,"450530","766133","","0000-00-00","Q4 2025",""
"Perch","Standalone","For Sale","EUR",40,"N/A","N/A","Inside Up Games","3-R400 (Stonemaier Games)",4,"",37,"387560","659744","","2025-03-05","",""
"Earth: Abundance","Expansion","For Sale","EUR",35,"N/A","N/A","Inside Up Games","3-R400 (Stonemaier Games)",4,"",62,"414734","702369","IUG017","2025-05-29","",""
"Ice and Idols","Standalone","For Sale","EUR",50,"N/A","N/A","Inside Up Games","3-R400 (Stonemaier Games)",3,"",33,"423013","717624","IUG018","2025-07-00","",""
"Crits & Tricks","Standalone","Demo","N/A","N/A","N/A","N/A","Inside Up Games","3-R400 (Stonemaier Games)",4,"",31,"436907","741688","","2026-01-00","Q2 2026",""
"Tug of Roar","Standalone","Demo","N/A","N/A","N/A","N/A","Inside Up Games","3-R400 (Stonemaier Games)",4,"",13,"436909","741693","","2026-01-00","Q2 2026",""
"Thieves of Eldris","Standalone","Demo","N/A","N/A","N/A","N/A","Inside Up Games","3-R400 (Stonemaier Games)",3,"",17,"436908","741690","","2026-01-00","Q2 2026",""
"Adamastor","Standalone","For Sale","EUR",20,"N/A","N/A","Ludonova","3-F115",4,"",173,"448435","762327","","2025-09-00","",""
"Coming of Age","Standalone","For Sale","EUR",55,"N/A","N/A","Ludonova","3-F115",4,"",502,"431837","733214","","2025-10-03","",""
"Junk Art Revolution","Standalone","For Sale","EUR",40,"N/A","N/A","Ludonova","3-F115",4,"",91,"448188","761930","","2025-08-00","",""
"Galactic Cruise","Standalone","For Sale","EUR",120,"EUR",100,"Dranda Games","3-H400",4,"",348,"391137","669203","DRNGC001","2025-04-07","",""
"Lost Lights","Standalone","For Sale","EUR",30,"N/A","N/A","Dranda Games","3-H400",4,"",43,"289957","729500","DRNLL001","2025-10-23","",""
"Mutagen","Standalone","For Sale","EUR",50,"N/A","N/A","Dranda Games","3-H400",4,"",80,"393322","669193","DRNMU001","2025-11-03","",""
"Crispy Critters","Standalone","For Sale","EUR",20,"N/A","N/A","Dranda Games","3-H400",3,"Weinig over bekend",33,"447683","761125","DRNCC001","2026-01-00","",""
"The Old Ones of El Dorado","Standalone","Demo","N/A","N/A","N/A","N/A","Dranda Games","3-H400",3,"",59,"449260","763847","","2026-10-00","",""
"Jackpot: Set the Reel","Standalone","Demo","N/A","N/A","N/A","N/A","Dranda Games","3-H400",4,"",26,"447589","761004","","2026-06-00","",""
"Luthier","Standalone","For Sale","EUR",95,"N/A","N/A","Paverson Games","4-D200",4,"",376,"371330","633272","","2025-07-00","",""
"Good & Evil","Standalone","For Sale","EUR",15,"N/A","N/A","HOOKed Games","",4,"",10,"436401","740858","","0000-00-00","Q2 2025",""
"Kauri","Standalone","For Sale","EUR",50,"EUR",45,"Koalla Spiele","4-J500",4,"",57,"381188","730650","","2025-03-01","",""
"Vegan Cafe","Standalone","For Sale","EUR",15,"N/A","N/A","Charming Games Collective","",4,"",15,"449453","764214","","2025-00-00","",""
"Use Up All Your Sick Days","Standalone","For Sale","EUR",15,"N/A","N/A","Charming Games Collective","",4,"",37,"449450","764211","","2025-00-00","",""
"Twisted Trumpets","Standalone","For Sale","EUR",35,"N/A","N/A","Play to Z","5-F115",4,"",30,"388520","661382","","2025-00-00","Q4 2025",""
"Soothsayers","Standalone","For Sale","EUR",25,"N/A","N/A","Play to Z","5-F115",4,"",17,"441114","750336","","2025-00-00","Q4 2025",""
"Xenology","Standalone","For Sale","EUR",55,"N/A","N/A","Play to Z","5-F115",4,"",8,"443085","753354","","2025-00-00","Q4 2025",""
"23 Knives","Standalone","For Sale","EUR",35,"N/A","N/A","Play to Z","5-F115",4,"",24,"396740","674180","","2025-04-00","",""
"Wild Cards: Penguin","Expansion","For Sale","EUR",2,"N/A","N/A","Gam'inBIZ","5-E115",4,"",13,"449858","764894","","2025-10-00","",""
"Instinkt: Duell der Tiere","Standalone","For Sale","EUR",13,"N/A","N/A","Board Game Circus","5-D110",3,"",43,"437919","743866","BGC-0077.0","2025-07-01","",""
"Neuroshima Hex: Wiremen","Expansion","For Sale","EUR",9,"EUR",8,"Portal Games","3-J120",4,"",13,"437408","742775","","2025-10-23","",""
"Neuroshima Hex","Standalone","For Sale","EUR",50,"EUR",39,"Portal Games","3-J120",4,"",24,"21241","742779","","2025-10-23","",""
"Age of Galaxy (Second Edition)","Standalone","For Sale","EUR",35,"EUR",28,"Portal Games","3-J120",4,"",110,"437383","742744","","2025-10-23","",""
"Bohemians","Standalone","For Sale","EUR",35,"EUR",28,"Portal Games","3-J120",4,"",158,"437384","742745","","2025-10-23","",""
"Race to Berlin (Second Edition)","Standalone","For Sale","EUR",75,"EUR",60,"Portal Games","3-J120",4,"",21,"437385","742747","","2025-10-23","",""
"1906 San Francisco","Standalone","For Sale","EUR",30,"N/A","N/A","Biberstein Spiele","",4,"",44,"257668","764820","","2025-10-00","",""
"1923 Cotton Club","Standalone","For Sale","EUR",30,"N/A","N/A","Biberstein Spiele","",4,"",45,"340790","764823","","2025-10-00","",""
"Pompeii","Standalone","For Sale","EUR",59,"N/A","N/A","Bad Rule Games","",4,"",49,"428939","728261","","2025-10-00","",""
"Mindbug x King of Tokyo","Standalone","For Sale","EUR",22,"N/A","N/A","Nerdlab Games","1-F311",4,"",69,"449353","763998","","2025-10-23","",""
"Final Titan","Standalone","Demo","N/A","N/A","N/A","N/A","Nerdlab Games","1-F311",4,"",53,"428280","727179","","2026-10-00","",""
"Clans of Caledonia: Industria","Expansion","For Sale","EUR",65,"EUR",59,"Karma Games","3-M117 (Crimson Company)",4,"",254,"391913","666896","","2025-09-00","",""
"Thiefdom","Standalone","For Sale","EUR",65,"EUR",59,"Karma Games","3-M117 (Crimson Company)",3,"",69,"361875","611432","","2025-09-00","",""
"Millennia: Tracks of Time","Standalone","For Sale","EUR",65,"EUR",59,"Karma Games","3-M117 (Crimson Company)",2,"",85,"356883","599985","","2025-09-00","",""
"Peninsula","Standalone","For Sale","EUR",20,"EUR",16,"Karma Games","3-M117 (Crimson Company)",3,"",32,"367898","625868","","2025-09-00","",""
"Caps & Stems: Mushrooms of the World","Standalone","Demo","N/A","N/A","N/A","N/A","Merlin Pool Creative","5-A700",4,"",14,"406182","689290","","0000-00-00","Q3 2026",""
"Red North","Standalone","For Sale","EUR",22,"N/A","N/A","Mighty Boards","3-K315",4,"",61,"447737","761208","","2025-10-00","",""
"Fateforge: Chronicles of Kaan – Kin of the Wild","Expansion","For Sale","EUR",40,"N/A","N/A","Mighty Boards","3-K315",4,"",73,"432589","734391","","2025-11-00","",""
"The Hanging Gardens","Standalone","For Sale","EUR",28,"N/A","N/A","Gigamic","6-F300",3,"",62,"437334","761728","GJARD-EN","2025-06-00","",""
"Verso","Standalone","For Sale","EUR",15,"N/A","N/A","Gigamic","6-F300",4,"",30,"434683","758927","","2025-06-00","",""
"Grachtenpand","Standalone","For Sale","EUR",15,"N/A","N/A","Gigamic","6-F300",4,"",65,"404845","764500","","2025-00-00","",""
"Fantasy Brewers","Standalone","For Sale","EUR",40,"N/A","N/A","Grail Games","",3,"",80,"448371","762220","","0000-00-00","Q3 2025",""
"Manhattan Project: Energy Empire","Standalone","For Sale","EUR",75,"N/A","N/A","Frost Bite Games","",4,"",124,"429401","728998","","2025-10-00","",""
"Panda Spin: Mandate of Heaven","Expansion","For Sale","EUR",10,"N/A","N/A","Moon Gate Design","",4,"",70,"440478","749113","","2025-10-00","",""
"Kemet: Rise of the Gods","Expansion","Demo","N/A","N/A","N/A","N/A","Matagot","",4,"",65,"419158","710419","","2025-07-00","",""
"Western Legends Stories","Standalone","Demo","N/A","N/A","N/A","N/A","Kolossal Games","",4,"",97,"420894","713683","","2025-11-00","",""
"Inis: Nemed","Expansion","Demo","N/A","N/A","N/A","N/A","Kolossal Games","",4,"",72,"418217","708572","","2025-11-00","Q1 2026",""
"Line of Fire: Burnt Moon","Standalone","For Sale","N/A","N/A","N/A","N/A","Osprey Games","3-M600",4,"",20,"427263","725404","","2025-06-12","",""
"Ofrenda","Standalone","For Sale","N/A","N/A","N/A","N/A","Osprey Games","3-M600",4,"",74,"432705","734613","","2025-07-10","",""
"General Orders: Sengoku Jidai","Standalone","For Sale","N/A","N/A","N/A","N/A","Osprey Games","3-M600",4,"",24,"434425","737808","","2025-09-18","",""
"Ayar: Children of the Sun","Standalone","For Sale","N/A","N/A","N/A","N/A","Osprey Games","3-M600",3,"",244,"429438","729058","","2025-10-16","",""
"Aquaria","Standalone","For Sale","EUR",60,"N/A","N/A","Delicious Games","4-B425",4,"",374,"443932","754840","","0000-09-00","Q4 2025",""
"Yokohama Duel","Standalone","For Sale","EUR",25,"N/A","N/A","Synapses Games","2-E610",4,"",52,"264637","743434","YOK03EN","0000-00-00","Q3 2025",""
"Postcards","Standalone","For Sale","EUR",35,"N/A","N/A","Synapses Games","2-E610",4,"",53,"429423","729035","","2025-10-00","",""
"Recall","Standalone","For Sale","EUR",79,"N/A","N/A","Alion – by Dr Ø","",4,"Veel thumbs",815,"446493","759032","","2025-10-00","",""
"Tax the Rich","Standalone","For Sale","EUR",19,"N/A","N/A","Alion – by Dr Ø","",4,"",283,"446492","759030","1006.1","2025-10-01","",""
"Limit","Standalone","For Sale","EUR",50,"N/A","N/A","Ludonaute","2-E121",3,"",60,"439306","760374","","2025-10-00","",""
"Arigatō","Standalone","For Sale","EUR",25,"N/A","N/A","Ludonaute","2-E121",3,"",65,"443348","753789","","2025-09-00","",""
"Rise of the Wastelands","Standalone","For Sale","EUR",59,"N/A","N/A","Wulfhorn Games","",4,"",78,"413303","700234","","2025-08-00","",""
"Goblin Laundromat","Standalone","For Sale","EUR",15,"N/A","N/A","Wulfhorn Games","",4,"",36,"439804","747536","","2025-11-00","",""
"L'oaf","Standalone","For Sale","EUR",15,"N/A","N/A","Wulfhorn Games","",4,"",64,"439803","747535","","2025-10-00","",""
"Munchkin 9 + 10","Expansion","For Sale","EUR",25,"N/A","N/A","Pegasus Spiele","3-M120",4,"",9,"449531","764331","","2025-06-00","",""
"DONE I AM","Standalone","For Sale","EUR",15,"N/A","N/A","Pegasus Spiele","3-M120",4,"",31,"449916","764985","","2025-10-00","",""
"Dorfromantik: Light Luggage","Standalone","For Sale","EUR",20,"N/A","N/A","Pegasus Spiele","3-M120",4,"",34,"449931","765004","51245G","2025-10-31","",""
"Deadly Dinner: Mord im Vorzelt","Standalone","For Sale","EUR",40,"N/A","N/A","Pegasus Spiele","3-M120",4,"",10,"449975","765075","","2025-10-00","",""
"Tricky Traders","Standalone","For Sale","EUR",25,"N/A","N/A","Pegasus Spiele","3-M120",4,"",12,"449978","765080","","2025-10-00","",""
"Light Speed: Arena","Standalone","For Sale","EUR",25,"N/A","N/A","Pegasus Spiele","3-M120",4,"",29,"400498","764870","","2025-10-00","",""
"Everdell Silverfrost","Standalone","For Sale","EUR",60,"N/A","N/A","Pegasus Spiele","3-M120",4,"",84,"436821","764845","","2025-10-00","",""
"The Vale of Eternity: Curse","Expansion","For Sale","EUR",20,"N/A","N/A","Pegasus Spiele","3-M120",4,"",58,"436651","764844","","2025-10-00","",""
"Forestry","Standalone","For Sale","EUR",70,"N/A","N/A","Pegasus Spiele","3-M120",4,"",80,"431493","764871","","2025-10-00","",""
"Katz Fatz","Standalone","For Sale","EUR",13,"N/A","N/A","Skellig Games","3-C300",4,"",9,"440432","749050","","2025-05-00","",""
"Knitting Circle","Standalone","For Sale","EUR",30,"N/A","N/A","Alderac Entertainment Group","3-B200",3,"",102,"421606","714916","","2025-07-00","",""
"Point Galaxy","Standalone","For Sale","EUR",20,"N/A","N/A","Alderac Entertainment Group","3-B200",4,"",106,"431998","733456","","2025-07-00","",""
"Propolis","Standalone","For Sale","EUR",20,"N/A","N/A","Alderac Entertainment Group","3-B200",4,"",101,"431994","733452","","2025-07-00","",""
"Valpiedra: Descensus ad tenebras","Standalone","For Sale","N/A","N/A","N/A","N/A","PIF GAMES","",4,"",74,"449957","766552","","2025-10-10","",""
"Yokai Pagoda","Standalone","For Sale","N/A","N/A","N/A","N/A","PIF GAMES","",4,"",54,"394127","765043","","2025-10-10","",""
"Captain's Log: China & Portugal","Expansion","Demo","N/A","N/A","N/A","N/A","PIF GAMES","",4,"",31,"397168","674928","","0000-10-00","Q1 2026",""
"Captain's Log: Myths & Legends","Expansion","Demo","N/A","N/A","N/A","N/A","PIF GAMES","",4,"",31,"398238","676385","","2024-00-00","Q1 2026",""
"Campeones: Oliver y Benji – El juego de cartas","Standalone","For Sale","N/A","N/A","N/A","N/A","PIF GAMES","",4,"",46,"421232","765347","","2025-10-10","",""
"Frank's Zoo","Standalone","For Sale","EUR",16,"N/A","N/A","HeidelBÄR Games","6-B200",4,"",23,"340","764362","HG018E","2025-09-00","",""
"Umami","Standalone","For Sale","EUR",16,"N/A","N/A","HeidelBÄR Games","6-B200",4,"",26,"449542","764356","HG019E","2025-09-00","",""
"Very Bad Lands: Brachio","Standalone","For Sale","EUR",10,"N/A","N/A","Pegasus Spiele","3-M120",4,"",27,"422692","742748","18522G","2025-08-00","",""
"Very Bad Lands: T-Rex","Standalone","For Sale","EUR",10,"N/A","N/A","Pegasus Spiele","3-M120",4,"",21,"422693","742749","18521G","2025-08-00","",""
"Compile: Main 1","Standalone","For Sale","EUR",20,"N/A","N/A","Pegasus Spiele","3-M120",4,"",133,"406652","742809","18530G","2025-10-00","",""
"Compile: Aux  1","Expansion","For Sale","EUR",8,"N/A","N/A","Pegasus Spiele","3-M120",4,"",57,"417813","743156","18531G","2025-10-00","",""
"365 Adventures: Cthulhu 1926","Standalone","For Sale","EUR",20,"N/A","N/A","Pegasus Spiele","3-M120",4,"",33,"436787","764207","","2025-09-00","",""
"365 Adventures: The Dungeon – 2026","Standalone","For Sale","EUR",20,"N/A","N/A","Pegasus Spiele","3-M120",4,"",34,"437252","764206","","2025-09-00","",""
"Kronologic: Cuzco 1450","Standalone","For Sale","EUR",23,"N/A","N/A","Pegasus Spiele","3-M120",4,"",61,"406619","740813","18712G","2025-09-00","",""
"Lone Wolves","Standalone","For Sale","EUR",20,"N/A","N/A","Pegasus Spiele","3-M120",4,"",39,"422374","742751","","2025-10-00","",""
"LINKX","Standalone","For Sale","EUR",22,"N/A","N/A","Pegasus Spiele","3-M120",4,"",11,"431290","764387","","2025-08-00","",""
"Dice Pool Party","Standalone","For Sale","EUR",10,"N/A","N/A","Deep Print Games","3-B300",4,"",29,"445045","756737","","2025-08-00","",""
"EXIT: Das Spiel – Family: Backstage Boys/Jahrmarkt im Dunkeln","Standalone","For Sale","EUR",25,"N/A","N/A","KOSMOS","",4,"",9,"446885","759701","68537","2025-08-14","",""
"Staying Alive","Standalone","For Sale","EUR",15,"N/A","N/A","KOSMOS","",4,"",14,"446852","759661","68495","2025-10-15","",""
"Masters of Crime: Hollywood","Standalone","For Sale","EUR",25,"N/A","N/A","KOSMOS","",4,"",12,"446886","759702","68486","2025-08-14","",""
"Adventure Games: Mission Mars","Standalone","For Sale","EUR",17,"N/A","N/A","KOSMOS","",4,"",8,"437332","742631","68533","2025-09-18","",""
"EXIT: Das Spiel – Die letzte Vorstellung","Standalone","For Sale","EUR",15,"N/A","N/A","KOSMOS","",4,"",17,"445019","756692","68506","2025-08-14","",""
"Match Me If You Can","Standalone","For Sale","EUR",20,"N/A","N/A","Ravensburger","",4,"",9,"446930","759792","24757","2025-09-00","",""
"Cookie Party","Standalone","For Sale","EUR",20,"N/A","N/A","Ravensburger","",4,"",18,"439031","746041","24749","2025-09-00","",""
"echoes: Ever & After","Standalone","For Sale","EUR",13,"N/A","N/A","Ravensburger","",4,"",15,"446932","759797","24850","2025-10-00","",""
"Mystery Riddles: Adventskalender – Der indische Palast​","Standalone","For Sale","EUR",30,"N/A","N/A","Ravensburger","",4,"",5,"446933","759798","25530","2025-09-00","",""
"KakerlaHex","Standalone","For Sale","EUR",35,"N/A","N/A","Ravensburger","",4,"",3,"446935","759801","24832","2025-09-00","",""
"Far Away: Corporate Espionage","Expansion","Demo","N/A","N/A","N/A","N/A","Cherry Picked Games","5-???",4,"",18,"427631","726037","","2025-06-00","Q4 2025",""
"Knee Deep in Hexes: God's Hand","Expansion","For Sale","EUR",99,"N/A","N/A","till5am","",4,"",18,"448552","762559","","2025-10-00","",""
"Qu'arz","Standalone","Demo","N/A","N/A","N/A","N/A","till5am","",4,"",62,"371842","634316","","2026-06-00","Q1 2026",""
"Nimmerlichtern","Standalone","Demo","N/A","N/A","N/A","N/A","till5am","",4,"",28,"375083","639997","","0000-00-00","Q1 2027",""
"Stupor Mundi","Standalone","For Sale","EUR",50,"N/A","N/A","Pegasus Spiele","3-M120",4,"",101,"392492","742507","","2025-05-00","",""
"LUZ","Standalone","For Sale","EUR",15,"N/A","N/A","Pegasus Spiele","3-M120",4,"",26,"420862","742750","","2025-08-00","",""
"Paws Up","Standalone","For Sale","EUR",15,"N/A","N/A","Pegasus Spiele","3-M120",4,"",19,"438295","744520"," 18292G","2025-06-00","",""
"2 Win","Standalone","For Sale","EUR",15,"N/A","N/A","Pegasus Spiele","3-M120",4,"",12,"431280","742810","","2025-06-00","",""
"Everdell Duo","Standalone","For Sale","EUR",35,"N/A","N/A","Pegasus Spiele","3-M120",4,"",67,"425005","740806","57612G","2025-06-00","",""
"Sandbag","Standalone","For Sale","EUR",10,"N/A","N/A","Pegasus Spiele","3-M120",4,"",15,"412381","742508","","2025-06-00","",""
"Ada's Dream","Standalone","For Sale","EUR",85,"N/A","N/A","Alley Cat Games","",2,"",608,"413469","700462","","2025-10-00","",""
"Baghdad: The City of Peace","Standalone","For Sale","EUR",75,"N/A","N/A","Alley Cat Games","",3,"",424,"425630","722260","","2025-10-00","",""
"Timber Town","Standalone","For Sale","EUR",28,"N/A","N/A","Alley Cat Games","",3,"",223,"436561","741146","ACG094","2025-06-00","",""
"Calimala","Standalone","For Sale","EUR",50,"N/A","N/A","Alley Cat Games","",4,"",227,"199383","670880","","2025-06-00","",""
"Barbecubes","Standalone","For Sale","EUR",15,"N/A","N/A","Alley Cat Games","",4,"",146,"393114","668815","ACG071","2025-05-00","",""
"Tic Tac Trek","Standalone","For Sale","EUR",15,"N/A","N/A","Alley Cat Games","",4,"",118,"438940","745871","","2025-05-00","",""
"Message in a Bottle","Standalone","For Sale","EUR",18,"N/A","N/A","Alley Cat Games","",4,"",61,"411420","697470","ACG092","2025-05-00","",""
"Feel Like a Fool","Standalone","For Sale","EUR",25,"N/A","N/A","Cranio Creations","3-T400",4,"",19,"435502","739209","CC713","2025-08-00","",""
"Tricky Treats","Standalone","For Sale","EUR",30,"N/A","N/A","Cranio Creations","3-T400",4,"",68,"436572","741163","","2025-09-00","",""
"ANTS","Standalone","For Sale","EUR",60,"N/A","N/A","Cranio Creations","3-T400",4,"",311,"446699","759365","","2025-10-00","",""
"Buzzle","Standalone","Demo","N/A","N/A","N/A","N/A","Boqueron Games","",4,"",67,"450024","765159","","0000-00-00","Q3 2025",""
"Orleans: Big Box","Standalone","For Sale","EUR",200,"N/A","N/A","Capstone Games","",4,"",48,"420068","757228","","2025-00-00","",""
"Angel's Share","Standalone","For Sale","EUR",60,"N/A","N/A","Capstone Games","",4,"",44,"440032","748218","","0000-00-00","Q2 2025",""
"Up or Down?","Standalone","For Sale","EUR",10,"N/A","N/A","Capstone Games","",4,"",46,"428058","749226","","2025-00-00","Q3 2025",""
"Meltwater","Standalone","For Sale","EUR",30,"N/A","N/A","Capstone Games","",4,"",27,"250481","752600","","2025-00-00","Q3 2025",""
"Suna Valo","Standalone","For Sale","EUR",45,"EUR",40,"Capstone Games","",4,"",89,"419384","759815","","2025-08-01","",""
"Rise of Myths: Cthulhu","Standalone","Demo","N/A","N/A","N/A","N/A","Synergic Games","4-G200",4,"",32,"442506","752387","","2026-03-00","",""
"Era of Tribes","Standalone","For Sale","EUR",89,"N/A","N/A","Black Beacon Games","3-N500",4,"",57,"196354","766771","","0000-00-00","Q4 2025",""
"Era of Tribes: Beliefs and Betrayals","Expansion","For Sale","EUR",49,"N/A","N/A","Black Beacon Games","3-N500",4,"",23,"431711","733008","","2025-10-00","",""
"Candy Utopia","Standalone","For Sale","EUR",45,"N/A","N/A","Giochi Uniti","3-K515",3,"",19,"450271","765618","GU863","2025-12-00","",""
"Gatsby","Standalone","For Sale","EUR",20,"N/A","N/A","Catch Up Games","6-F400",4,"",98,"433908","736981","","2025-06-06","",""
"Château Combo: Au cachot!","Expansion","For Sale","EUR",6,"N/A","N/A","Catch Up Games","6-F400",4,"",422,"448182","761910","","0000-00-00","Nov 2025",""
"Celestia Duo","Standalone","For Sale","EUR",26,"N/A","N/A","BLAM !","6-F400",4,"",87,"434422","762254","","2025-09-05","",""
"Moonshine","Standalone","For Sale","EUR",22,"N/A","N/A","BLAM !","6-F400",4,"",42,"440843","762256","","2025-10-10","",""
"Viva Catrina","Standalone","For Sale","EUR",28,"N/A","N/A","The Flying Games","6-F400",4,"",61,"447583","760992","","2025-10-24","",""
"Moustache","Standalone","For Sale","EUR",17,"N/A","N/A","Lumberjacks Studio","6-F400",4,"",22,"448428","762317","","2025-09-05","",""
"Alice, de l'autre côté du miroir","Standalone","For Sale","EUR",20,"N/A","N/A","Lumberjacks Studio","6-F400",4,"",20,"448432","762323","","2025-10-31","",""
"Philharmonix","Standalone","For Sale","EUR",68,"N/A","N/A","Archona Games","3-U215",4,"",93,"385436","656562","","0000-00-00","Q3 2025",""
"Light in the Dark: Fires of Thokaia","Expansion","Demo","N/A","N/A","N/A","N/A","Archona Games","3-U215",4,"",43,"445034","756722","","2026-08-00","",""
"The Great Harbor","Standalone","Demo","N/A","N/A","N/A","N/A","Archona Games","3-U215",4,"",81,"398776","677036","","0000-00-00","Q1 2026",""
"Popcorn","Standalone","For Sale","EUR",32,"N/A","N/A","IELLO","6-F200",3,"",60,"430563","730979","","2025-11-00","",""
"Unmatched Adventures: Teenage Mutant Ninja Turtles","Standalone","For Sale","EUR",75,"N/A","N/A","IELLO","6-F200",4,"",44,"425276","750909","","2025-10-23","",""
"Emergency Exit Only","Standalone","For Sale","EUR",12,"N/A","N/A","IELLO","6-F200",4,"",15,"438010","744040","","2025-09-00","",""
"Twinkle Twinkle","Standalone","For Sale","N/A","N/A","N/A","N/A","Allplay","5-L415",4,"",27,"408280","739071","","2025-07-00","",""
"Waddle","Standalone","For Sale","N/A","N/A","N/A","N/A","Allplay","5-L415",4,"",36,"435360","738992","","2025-07-00","",""
"Merchants of Andromeda","Standalone","For Sale","N/A","N/A","N/A","N/A","Allplay","5-L415",4,"",32,"436516","741070","","2025-07-00","",""
"Soda Jerk","Standalone","For Sale","N/A","N/A","N/A","N/A","Allplay","5-L415",4,"",56,"446953","759836","","2025-08-00","",""
"Llama Llama","Standalone","For Sale","N/A","N/A","N/A","N/A","Allplay","5-L415",4,"",38,"444547","755859","","2025-07-00","",""
"Tearable Quest","Standalone","For Sale","N/A","N/A","N/A","N/A","Allplay","5-L415",3,"",17,"444551","755863","","2025-07-00","",""
"VIVO","Standalone","For Sale","N/A","N/A","N/A","N/A","Allplay","5-L415",4,"",29,"420242","759834","","2025-07-00","",""
"Meenakshi Temple","Standalone","For Sale","EUR",69,"N/A","N/A","Kobold Spieleverlag","",3,"",14,"322556","758851","1031218","2025-05-00","",""
"Inheritors","Standalone","For Sale","EUR",23,"N/A","N/A","Mirakulus","",4,"",14,"367476","727617","1029654","2025-05-00","",""
"Keep the Heroes Out!: Boss Battles","Expansion","For Sale","EUR",65,"N/A","N/A","Mirakulus","",4,"",62,"394150","755061","1032279","2025-08-18","",""
"Merchants of Magick: Dangerous Business","Expansion","For Sale","EUR",35,"N/A","N/A","Mirakulus","",4,"",10,"393388","748417","","0000-00-00","Q3 2025",""
"Merchants of Magick: Draught of the Dragons","Expansion","For Sale","EUR",35,"N/A","N/A","Mirakulus","",4,"",10,"401754","748428","","0000-00-00","Q3 2025",""
"Cascadia: Alpine Lakes","Standalone","Demo","N/A","N/A","N/A","N/A","Flatout Games","5-A700",4,"",269,"446815","759579","","0000-00-00","Q4 2026",""
"Breaking Moon","Standalone","For Sale","EUR",59,"EUR",45,"Strange Games","4-E220",4,"",36,"398768","677023","","2025-10-23","",""
"Deckers","Standalone","For Sale","EUR",35,"N/A","N/A","Deep Print Games","3-B300",4,"",258,"443306","753719","","2025-10-00","",""
"Skybridge","Standalone","For Sale","EUR",50,"N/A","N/A","Deep Print Games","3-B300",3,"",169,"449298","763896","","2025-10-00","",""
"Ghostbumpers","Standalone","For Sale","EUR",10,"N/A","N/A","Deep Print Games","3-B300",4,"",42,"449297","763893","","2025-10-00","",""
"Algae, Inc.","Standalone","For Sale","EUR",69,"N/A","N/A","Giant Roc","",4,"",105,"403683","717557","1031301","2025-06-02","",""
"Imperium: Horizons","Standalone","For Sale","EUR",55,"N/A","N/A","Giant Roc","",4,"",74,"367518","706698","1030999","2025-02-25","",""
"Bone Wars","Standalone","For Sale","EUR",65,"N/A","N/A","Giant Roc","",4,"",54,"383983","695496","1030738","2025-02-14","",""
"Skyrise","Standalone","Demo","N/A","N/A","N/A","N/A","Giant Roc","",4,"",34,"298231","743337","","0000-00-00","Q4 2025",""
"Fossilium","Standalone","For Sale","N/A","N/A","N/A","N/A","Giant Roc","",4,"",86,"427886","726504","","2025-12-00","",""
"Sniper Elite: The Board Game","Standalone","For Sale","EUR",60,"N/A","N/A","Grimspire","",4,"",20,"295262","750309","1031595","2025-06-02","",""
"Sniper Elite: Eagle's Nest","Expansion","For Sale","EUR",35,"N/A","N/A","Grimspire","",4,"",12,"363022","738900","1031596","2025-06-02","",""
"Radlands: Cult of Chrome","Expansion","For Sale","N/A","N/A","N/A","N/A","Grimspire","",4,"",48,"422233","757237","","2025-10-00","",""
"Forgeflame","Standalone","For Sale","EUR",55,"N/A","N/A","Grimspire","",4,"",17,"401787","736097","","2025-00-00","Q3 2025",""
"Undaunted 2200: Callisto","Standalone","For Sale","EUR",79,"N/A","N/A","Grimspire","",4,"",38,"401978","727870","1031380","2025-08-18","",""
"Class of '89","Standalone","Demo","N/A","N/A","N/A","N/A","Paverson Games","4-D200",4,"",73,"442093","751816","","2026-00-00","Q3 2026",""
"Distilled: Cocktails","Expansion","Demo","N/A","N/A","N/A","N/A","Paverson Games","4-D200",4,"",110,"431123","731990","","0000-00-00","Q4 2026",""
"Cassette Dungeons!","Standalone","For Sale","EUR",12,"N/A","N/A","Corax Games","",4,"",19,"418131","754313","1032605","2025-08-00","",""
"One Card Dungeon","Standalone","For Sale","EUR",14,"N/A","N/A","Corax Games","",4,"",29,"319263","763968","1032275","2025-08-18","",""
"Western Legends: Showdown","Standalone","For Sale","EUR",12,"N/A","N/A","Corax Games","",4,"",16,"394332","754771","","0000-00-00","Q2 2025",""
"Power Vacuum","Standalone","For Sale","EUR",35,"N/A","N/A","Corax Games","",4,"",45,"402106","754776","","0000-00-00","Q4 2025",""
"Pax Viking","Standalone","For Sale","EUR",65,"N/A","N/A","Corax Games","",4,"",19,"303954","736961","","2025-00-00","Q3 2025",""
"Last Penguin","Standalone","For Sale","N/A","N/A","N/A","N/A","funbot","",4,"",6,"405437","758941","","0000-00-00","Q3 2025",""
"Number Chain","Standalone","For Sale","N/A","N/A","N/A","N/A","funbot","",4,"",5,"421921","758947","","0000-00-00","Q3 2025",""
"Wie die Karnickel","Standalone","For Sale","EUR",15,"N/A","N/A","funbot","",4,"",15,"448473","762396","","0000-00-00","Q2 2025",""
"Sky Empire","Standalone","Demo","N/A","N/A","N/A","N/A","Greymarsh Games","4-B120",4,"",26,"414316","701754","","2026-03-00","Q1 2026",""
"Koi","Standalone","For Sale","EUR",40,"N/A","N/A","DV Games","3-J400",2,"Ziet mooi en leuk uit. Maar voegt het iets toe?",151,"436161","740521","","2025-07-31","",""
"Deckscape: Dungeon","Standalone","For Sale","EUR",13,"N/A","N/A","DV Games","3-J400",4,"",40,"436134","740477","","2025-11-00","",""
"Dungeons of Doria: Arcane Abominations","Expansion","For Sale","EUR",34,"N/A","N/A","(Self-Published)","See each listing",4,"",96,"427892","726528","","2025-10-00","",""
"GODŌ: The five paths","Standalone","For Sale","EUR",25,"N/A","N/A","Snovid","2-D120",4,"Triominos++",57,"442733","752846","","2025-10-00","",""
"The Voynich Puzzle","Standalone","For Sale","EUR",60,"N/A","N/A","Salt & Pepper Games","",2,"",399,"439983","748139","","2025-11-00","",""
"Habemus Papam","Standalone","For Sale","EUR",35,"N/A","N/A","Salt & Pepper Games","",4,"",185,"434283","737565","","2025-07-00","",""
"The Battle of the Divas","Standalone","For Sale","EUR",35,"N/A","N/A","Salt & Pepper Games","",4,"",172,"439547","747073","","2025-10-00","",""
"Onoda","Standalone","For Sale","EUR",35,"N/A","N/A","Salt & Pepper Games","",4,"",127,"426355","723813","","2025-07-00","",""
"Operation Barclay","Standalone","For Sale","EUR",35,"N/A","N/A","Salt & Pepper Games","",4,"",64,"404923","687158","","2025-01-00","",""
"Kilia","Standalone","For Sale","N/A","N/A","N/A","N/A","HUCH!","6-B300",3,"",41,"437099","742196","884688","2025-00-00","Q4 2025",""
"Rising Cultures","Standalone","For Sale","N/A","N/A","N/A","N/A","HUCH!","6-B300",4,"",43,"437073","742170","883797","2025-00-00","Q4 2025",""
"Magic Maze Pocket","Standalone","For Sale","EUR",14,"N/A","N/A","Sit Down!","",4,"",16,"450086","765276","","2025-10-00","",""
"24SEVEN: The Sleepless World","Standalone","Demo","N/A","N/A","N/A","N/A","# Hashtag 64","4-B110",3,"",21,"452261","769493","","0000-00-00","Q4, 2025",""
"Antiques","Standalone","For Sale","EUR",30,"N/A","N/A","PYTHAGORAS","5-G515",4,"",14,"442617","752620","","0000-00-00","Q3 2025",""
"Oliva","Standalone","For Sale","EUR",20,"N/A","N/A","PYTHAGORAS","5-G515",4,"",25,"442615","752612","","0000-00-00","Q3 2025",""
"Burnout","Standalone","Demo","N/A","N/A","N/A","N/A","Laughing Sticks Pte. Ltd.","6-D411",4,"",3,"446698","759364","","2026-00-00","",""
"Ultraviolett","Standalone","For Sale","EUR",40,"EUR",30,"Kampfhummel Spiele GmbH","5-D111",4,"",2,"449296","763890","","2025-00-00","",""
"FOUNDERS","Standalone","Demo","N/A","N/A","N/A","N/A","This Way!","3-J300",4,"",18,"364732","619369","","2025-12-00","",""
"ARCTICA","Standalone","Demo","N/A","N/A","N/A","N/A","This Way!","3-J300",4,"",41,"423309","718146","","2026-00-00","",""
"Depot","Standalone","For Sale","EUR",12,"N/A","N/A","Playte","6-D310",4,"",34,"445142","767295","","0000-00-00","",""
"Digit Code","Standalone","For Sale","EUR",13.5,"N/A","N/A","Playte","6-D310",3,"",35,"437781","743575","","2025-02-00","",""
"Layer Puzzle","Standalone","For Sale","EUR",21.5,"N/A","N/A","Playte","6-D310",3,"",26,"412816","748229","","2025-00-00","",""
"Zombie Dot","Standalone","For Sale","EUR",12,"N/A","N/A","Playte","6-D310",4,"",33,"393359","752704","","2025-00-00","Q2 2025",""
"Stereo Mind","Standalone","For Sale","EUR",18,"N/A","N/A","Playte","6-D310",4,"",31,"369257","761867","","0000-00-00","Q4 2025",""
"Big Shot","Standalone","For Sale","EUR",21.5,"N/A","N/A","Playte","6-D310",4,"",32,"1125","736241","","0000-00-00","",""
"Barrel Dice","Standalone","For Sale","EUR",18,"N/A","N/A","Playte","6-D310",4,"",31,"148531","760407","","0000-00-00","Q2 2025",""
"Billabong","Standalone","For Sale","EUR",18,"N/A","N/A","Playte","6-D310",4,"",30,"464","742728","","2025-00-00","",""
"Cash","Standalone","For Sale","EUR",18,"N/A","N/A","Playte","6-D310",4,"",28,"2310","761865","","2025-00-00","",""
"Buffalo Chess","Standalone","For Sale","EUR",18,"N/A","N/A","Playte","6-D310",4,"",26,"32","761868","","2025-00-00","",""
"Hacienda","Standalone","For Sale","EUR",50,"N/A","N/A","Pandasaurus Games","2-C315",3,"",15,"450713","766532","","0000-00-00","Q1 2026",""
"1899 DAIHAN","Standalone","For Sale","EUR",75,"N/A","N/A","Schemers","6-D310",4,"",13,"428264","727136","","2025-07-00","",""
"Map Masters","Standalone","For Sale","EUR",36,"EUR",30,"Captain Games","3-Q600",4,"",23,"443297","753701","","2025-10-00","Oct/Nov 2025",""
"Ringyō","Standalone","Demo","N/A","N/A","N/A","N/A","Paverson Games","4-D200",4,"",31,"451298","767529","","2026-00-00","",""
"Rowdy Partners","Standalone","For Sale","N/A","N/A","N/A","N/A","Capstone Games","",4,"",21,"450337","765805","","2025-10-23","",""
"Arkwright","Standalone","For Sale","N/A","N/A","N/A","N/A","Capstone Games","",4,"",34,"154825","768836","","2025-10-23","",""
"Alphabet Code","Standalone","For Sale","EUR",13.5,"N/A","N/A","Playte","6-D310",3,"",37,"451154","767294","","0000-00-00","",""
"Orapa Space","Standalone","For Sale","EUR",21.5,"N/A","N/A","Playte","6-D310",3,"",45,"448740","762884","","0000-00-00","",""
"Batam","Standalone","For Sale","EUR",21.5,"N/A","N/A","Playte","6-D310",4,"",38,"448136","762883","","0000-00-00","",""
"Meow Meow Dice","Standalone","For Sale","EUR",20,"N/A","N/A","Playte","6-D310",4,"",34,"440029","748213","","2025-04-05","",""
"Oh Crab!: Adventure Pack","Expansion","For Sale","EUR",10,"N/A","N/A","Smart Flamingo","5-D315",3,"",7,"426232","723564","","2025-07-00","",""
"Primal Hex","Standalone","Demo","N/A","N/A","N/A","N/A","Smart Flamingo","5-D315",4,"",9,"402503","682842","","0000-00-00","Q4 2026",""
"Sneaky Supper","Standalone","For Sale","EUR",18,"N/A","N/A","Capital Gains Studio","5-L510",4,"",10,"433679","736358","","2025-06-00","",""
"Zombielife Insurance","Standalone","For Sale","EUR",26,"N/A","N/A","Capital Gains Studio","5-L510",4,"",9,"326475","749966","","2025-03-00","",""
"Bunny 100","Standalone","For Sale","EUR",12,"N/A","N/A","Capital Gains Studio","5-L510",4,"",5,"413238","700148","","2024-12-00","",""
"FaeKin","Standalone","For Sale","EUR",23,"N/A","N/A","Lioness Games","3-A112",3,"",12,"445610","757645","","2025-08-00","",""
"Glaze","Standalone","Demo","N/A","N/A","N/A","N/A","Lioness Games","3-A112",3,"",4,"450827","766713","","2026-00-00","Q2 2026",""
"Puru Puru Paradice","Standalone","For Sale","EUR",20,"N/A","N/A","Origame","6-G102",3,"",9,"451167","767334","","0000-00-00","Q3 2025",""
"Siberian Manhunt","Standalone","For Sale","USD",55,"N/A","N/A","Dangerous Games OÜ","2-E109",4,"",15,"400137","678857","","2025-00-00","",""
"Under Our Sun","Standalone","For Sale","EUR",85,"N/A","N/A","tabletopper games","3-R130",4,"",26,"406977","767803","","2025-11-00","",""
"Niwashi","Standalone","For Sale","EUR",12,"N/A","N/A","AllGo-Games","4-J420","N/A","N/A",5,"425253","767308","","2025-10-00","",""
"SCENERY","Standalone","For Sale","EUR",30,"N/A","N/A","Cwali","5-B315","N/A","N/A",5,"441292","750541","CWA-SCE-01","2025-10-23","",""
"SCENERY: LIGHT, LOOKS & LAKES","Expansion","For Sale","EUR",5,"N/A","N/A","Cwali","5-B315","N/A","N/A",2,"446740","759429","CWA-SCE-LLL01","2025-10-23","",""
"Gnomic Parliament","Standalone","For Sale","EUR",30,"N/A","N/A","Fobs Games","5-D715","N/A","N/A",3,"210294","328550","","2025-10-00","",""
"The Yellow House","Standalone","For Sale","EUR",20,"N/A","N/A","Nice Game Publishing","6-D320","N/A","N/A",3,"420385","749669"," NG-GH-de","2025-08-19","",""
"Orapa Mine","Standalone","For Sale","EUR",15,"N/A","N/A","Nice Game Publishing","6-D320","N/A","N/A",1,"424152","749666","NG-OR-de","2025-08-20","",""
"Migo","Standalone","Demo","N/A","N/A","N/A","N/A","Nice Game Publishing","6-D320","N/A","N/A",1,"410211","761400","","0000-00-00","Q4 2025",""
"Crazy Sherlock","Standalone","Demo","N/A","N/A","N/A","N/A","Nice Game Publishing","6-D320","N/A","N/A",1,"410231","761399","","0000-00-00","Q4 2025",""
"Yellow Brick Road","Standalone","Demo","N/A","N/A","N/A","N/A","Nice Game Publishing","6-D320","N/A","N/A",1,"410228","761401","","0000-00-00","Q4 2025",""
"何食べたい (What Do You Want to Eat?)","Standalone","For Sale","EUR",10,"N/A","N/A","EmperorS4","4-J325","N/A","N/A",4,"444888","756422","","2025-05-17","",""
"Canopy: Evergreen","Standalone","For Sale","EUR",37,"N/A","N/A","Piatnik","6-G200","N/A","N/A",7,"391886","754652","","2025-10-01","",""
"Elixirus","Standalone","For Sale","EUR",28,"N/A","N/A","Piatnik","6-G200","N/A","N/A",2,"443848","754651","","2025-10-01","",""
"Pass the Word","Standalone","For Sale","EUR",20,"N/A","N/A","Piatnik","6-G200","N/A","N/A",2,"447355","760555","","2025-10-15","",""
"Spotlight","Standalone","For Sale","EUR",28,"N/A","N/A","Piatnik","6-G200","N/A","N/A",3,"420876","757530","","2025-10-01","",""
"Average Joe","Standalone","For Sale","EUR",20,"N/A","N/A","Piatnik","6-G200","N/A","N/A",2,"435922","767650","","2025-10-15","",""
"Letter Hunt","Standalone","For Sale","EUR",12,"N/A","N/A","Piatnik","6-G200","N/A","N/A",0,"451288","767513","","2025-10-15","",""
"TETO","Standalone","For Sale","EUR",17,"N/A","N/A","2Tomatoes Games","5-F525","N/A","N/A",0,"435500","739206","2TTT01","2025-07-12","",""
"La Cuenta","Standalone","For Sale","EUR",15,"N/A","N/A","2Tomatoes Games","5-F525","N/A","N/A",5,"437581","743131","2TLC01","2025-07-12","",""
"Everest Go!","Standalone","For Sale","EUR",15,"N/A","N/A","2Tomatoes Games","5-F525","N/A","N/A",0,"447110","760109","2T","2025-09-00","",""
"Genius Idea","Standalone","For Sale","EUR",20,"N/A","N/A","Good Game Studio","5-B115","N/A","N/A",1,"441097","750306","","2025-06-01","",""
"Furry Poker","Standalone","For Sale","EUR",10,"N/A","N/A","Good Game Studio","5-B115","N/A","N/A",1,"445041","756731","","2025-05-15","",""
"Dutch Flower Auction","Standalone","For Sale","EUR",10,"N/A","N/A","Good Game Studio","5-B115","N/A","N/A",4,"433614","736261","","2024-12-15","",""
"신라: 천년의 미소 (Silla: The Smile of a Thousand Years)","Standalone","For Sale","N/A","N/A","N/A","N/A","Magic Bean Games","4-D510","N/A","N/A",6,"423773","719027","","2023-12-01","",""
"Trickerion: Arcane Arts","Expansion","For Sale","EUR",25,"N/A","N/A","Mindclash Games","3-G115","N/A","N/A",14,"441341","750625","","2025-10-00","",""
"Murder on the Moon","Standalone","For Sale","GBP",70,"GBP",50,"The Detective Society","4-G100","N/A","N/A",1,"430697","731226","","2024-12-00","",""
"Countdown To Chaos","Standalone","For Sale","GBP",12,"GBP",10,"The Detective Society","4-G100","N/A","N/A",2,"447812","761336","PO2406-07CA3324ZS","2024-12-00","",""
"Vantage","Standalone","For Sale","EUR",108,"N/A","N/A","Stonemaier Games","3-R400","N/A","N/A",33,"420033","712045","","2025-08-29","",""
"TOPO TOP!","Standalone","For Sale","EUR",17,"N/A","N/A","ATOMO GAMES","3-G120","N/A","N/A",3,"450990","767002","","2025-05-00","",""
"CLICKIES","Standalone","For Sale","EUR",20,"N/A","N/A","ATOMO GAMES","3-G120","N/A","N/A",1,"449038","763435","","2025-07-00","",""
"Rival Cities","Standalone","For Sale","EUR",25,"N/A","N/A","Deep Print Games","3-B300",4,"",111,"433384","735823","PNA57823.USA","2025-08-00","",""
"Sierra","Standalone","For Sale","EUR",24,"N/A","N/A","Kobold Spieleverlag","",4,"",14,"423690","764053","","0000-00-00","Q3 2025",""
"Triplo","Standalone","For Sale","EUR",15,"EUR",12,"Steffen Spiele","5-A225 (Helvetiq)",4,"",6,"46614","744923","","2025-06-13","",""
"7 for Luck","Standalone","For Sale","EUR",18,"N/A","N/A","HABA","6-F301",4,"",11,"446690","759350","2012207001","2025-08-15","",""
"Unicorn Glitterluck: Cloud Crystals","Standalone","For Sale","EUR",18,"N/A","N/A","HABA","6-F301",4,"",9,"159566","760424","","2025-08-15","",""
"It's High Tide!","Standalone","For Sale","EUR",30,"N/A","N/A","HABA","6-F301",4,"",11,"446688","759346","2012221001","2025-08-15","",""
"Galaxolotl","Standalone","For Sale","EUR",18,"N/A","N/A","HABA","6-F301",4,"",28,"446693","759355","2012227001","2025-08-15","",""
"Monza","Standalone","For Sale","EUR",30,"N/A","N/A","HABA","6-F301",4,"",26,"4209","759777","2012226001","2025-08-15","",""
"Pencil Pirates","Standalone","For Sale","EUR",25,"N/A","N/A","HABA","6-F301",3,"",26,"446695","759359","2012233001","2025-09-15","",""
"Animal Upon Animal","Standalone","For Sale","EUR",20,"N/A","N/A","HABA","6-F301",4,"",20,"17329","759988","2012352001","2025-08-15","",""
"Bug Run","Standalone","For Sale","EUR",35,"N/A","N/A","Bombyx","6-G300",4,"",17,"440820","749830","","2025-10-00","",""
"Legions","Standalone","For Sale","EUR",25,"N/A","N/A","Bombyx","6-G300",4,"",43,"435810","739723","","2025-10-00","",""
"Ministry of Lost Things: Case 1 – Lint Condition","Standalone","For Sale","EUR",30,"EUR",27,"PostCurious","5-J415",1,"",47,"425765","722598","","2025-04-00","",""
"Orléans: Neue Ortskarten N°6","Expansion","For Sale","EUR",4,"N/A","N/A","dlp games","3-K615",4,"",37,"443274","753640","1123","2025-07-00","",""
"Muster: Raise the Banners","Standalone","For Sale","EUR",25,"N/A","N/A","Play Monkey Games","5-G610 (Simplexity Games)",4,"",19,"410580","750417","","2025-05-31","",""
"Mini Crimes: Mysteries from the Past – Fatal Brushstrokes","Standalone","For Sale","N/A","N/A","N/A","N/A","GateOnGames","",4,"",6,"450978","766986","","2025-10-00","",""
"Mini Crimes: Mysteries from the Past – Falling to Pieces","Standalone","For Sale","N/A","N/A","N/A","N/A","GateOnGames","",4,"",6,"450979","766988","","2025-10-00","",""
"Mini Crimes: Mysteries from the Past – Those Who Trespass","Standalone","For Sale","N/A","N/A","N/A","N/A","GateOnGames","",4,"",6,"450980","766991","","2025-10-00","",""
"Mini Crimes: Mysteries from the Past – An Unbearable Weight","Standalone","For Sale","N/A","N/A","N/A","N/A","GateOnGames","",4,"",7,"450982","766993","","2025-10-00","",""
"Mini Crimes: Mysteries from the Past – The Fall of a God","Standalone","For Sale","N/A","N/A","N/A","N/A","GateOnGames","",4,"",6,"450983","766994","","2025-10-00","",""
"Agent Avenue: Division M","Expansion","For Sale","EUR",14,"N/A","N/A","Nerdlab Games","1-F311",4,"",118,"450196","765502","","2025-10-23","",""
"Synchro Horizon","Standalone","Demo","N/A","N/A","N/A","N/A","New Game Entertainment Pte Ltd.","",3,"",36,"423058","717694","","2026-04-00","",""
"ARDEVUR: The Game of Resources","Standalone","For Sale","EUR",64,"EUR",50,"# Hashtag 64","4-B110",4,"",44,"430825","731442","","2025-10-00","",""
"BLUFFIT","Standalone","For Sale","USD",10,"N/A","N/A","Gameplay Publishing ApS","6-A101",4,"",16,"450039","765178","","2025-10-23","",""
"Fruitoplay","Standalone","For Sale","EUR",15,"N/A","N/A","Brettspielloesung","",4,"",61,"394325","764889","","0000-00-00","",""
"Draft & Write Records","Standalone","For Sale","EUR",30,"N/A","N/A","Brettspielloesung","",4,"",104,"350185","764973","","2025-10-00","",""
"Forest Shuffle: Dartmoor","Standalone","For Sale","EUR",28,"N/A","N/A","Lookout Games","3-V300",4,"",202,"438402","744681","","2025-10-00","",""
"DONE I AM","Standalone","For Sale","EUR",15,"N/A","N/A","Pegasus Spiele","3-M120",4,"",19,"449916","765016","","2025-10-00","",""
"Dorfromantik: Light Luggage","Standalone","For Sale","EUR",20,"N/A","N/A","Pegasus Spiele","3-M120",4,"",29,"449931","765003","51245E","2025-10-31","",""
"Tricky Traders","Standalone","For Sale","EUR",25,"N/A","N/A","Pegasus Spiele","3-M120",4,"",10,"449978","765081","","2025-10-00","",""
"Satchel Quest","Standalone","Demo","N/A","N/A","N/A","N/A","Weird City Games","",4,"",36,"359842","605400","","2026-10-00","",""
"Colosseum: The Grand Spectacle","Standalone","Demo","N/A","N/A","N/A","N/A","Fantasia Games","3-Q315",4,"",199,"447850","761405","","2026-06-00","Q3 2026",""
"Don Quixote: The Ingenious Hidalgo","Standalone","For Sale","EUR",35,"EUR",30,"Llamascape Games","",4,"",25,"417317","706912","","2025-04-00","",""
"Moby Dick: Wrath of the Seas","Standalone","Demo","N/A","N/A","N/A","N/A","Llamascape Games","",4,"",15,"434097","737270","","0000-00-00","Q1 2026",""
"18España","Standalone","For Sale","EUR",95,"N/A","N/A","Lonny Games","",4,"",22,"413525","700556","","2025-10-00","",""
"1807 The Big Four","Standalone","For Sale","EUR",95,"N/A","N/A","Lonny Games","",4,"",19,"362222","746606","1807","2025-10-00","",""
"Tectonic Tribes","Standalone","For Sale","EUR",14,"N/A","N/A","Jolly Dutch Productions","6-F110",3,"",39,"445031","756719","","2025-04-01","",""
"Iconic Neon Stories","Standalone","For Sale","EUR",14,"N/A","N/A","Jolly Dutch Productions","6-F110",4,"",21,"448554","762563","","2025-07-01","",""
"Kuldhara","Standalone","For Sale","EUR",50,"N/A","N/A","Jolly Dutch Productions","6-F110",4,"",52,"399132","677471","","2025-11-00","",""
"Echo Team: Spearhead","Standalone","Demo","N/A","N/A","N/A","N/A","Black Mask","",4,"",19,"428721","727956","","2026-10-00","",""
"Gems of Iridescia","Standalone","For Sale","EUR",50,"EUR",45,"Rock, Stone & Dice Games","4-B415","N/A","N/A",5,"396375","673712","RSD01001","2025-09-29","",""
"Gems of Iridescia: Starlight of Iridescia Mini Expansion","Expansion","For Sale","EUR",10,"EUR",5,"Rock, Stone & Dice Games","4-B415","N/A","N/A",3,"429769","729650","","2025-09-29","",""
"Last Minute","Standalone","For Sale","EUR",15,"N/A","N/A","inPatience","5-D700","N/A","N/A",3,"413250","700171","","2025-03-00","Q2 2025",""
"R.A.V.E.L.","Standalone","For Sale","EUR",15,"N/A","N/A","inPatience","5-D700","N/A","N/A",8,"413248","700169","","2025-03-00","Q2 2025",""
"Mayor of Chicago","Standalone","Demo","N/A","N/A","N/A","N/A","inPatience","5-D700","N/A","N/A",7,"413252","700173","","2025-00-00","Q1 2026",""
"Freigard","Standalone","Demo","N/A","N/A","N/A","N/A","inPatience","5-D700","N/A","N/A",11,"413249","700170","","2025-00-00","Q1 2026",""
"MARVEL: Skirmish! In New York","Standalone","For Sale","EUR",28,"N/A","N/A","Lookout Games","3-V300","N/A","N/A",6,"448741","762885","LOG0154","2025-10-00","",""
"Eppi: Book 2 – The Chocolate Cheat","Standalone","For Sale","EUR",30,"N/A","N/A","Lookout Games","3-V300","N/A","N/A",1,"440764","749975","LOG0181","2025-10-00","",""
"Bango","Standalone","For Sale","EUR",15,"N/A","N/A","AllGo-Games","4-J420","N/A","N/A",9,"434143","767307","","2025-10-00","",""
"Space Aztecs","Standalone","For Sale","EUR",18,"N/A","N/A","AllGo-Games","4-J420","N/A","N/A",0,"352725","767309","","2025-10-00","",""
"Innsmouth Travel Guide","Standalone","For Sale","EUR",22,"N/A","N/A","CrowD Games","",4,"",54,"447571","760952","CGA18002","2025-09-00","",""
"Nippon: Zaibatsu","Standalone","Demo","N/A","N/A","N/A","N/A","CrowD Games","",3,"",340,"434367","745693","","2025-11-00","Q4 2025",""
"Zoo Tycoon: The Board Game – New Shores","Expansion","For Sale","EUR",105,"N/A","N/A","Treecer (Treeceratops)","3-L515",4,"",79,"420962","713788","TRE-ZT09/10","2025-07-00","",""
"Rewild: South America","Standalone","For Sale","EUR",70,"N/A","N/A","Treecer (Treeceratops)","3-L515",4,"",226,"436205","740588","","2026-01-00","",""
"Dogfight: 1917","Standalone","For Sale","EUR",40,"N/A","N/A","Korea Boardgames","5-A315",4,"",87,"445533","757489","","2025-05-00","",""
"Hidden Leaders Duel","Standalone","For Sale","EUR",13,"N/A","N/A","Gam'inBIZ","5-E115",4,"",58,"440000","748605","","2025-00-00","Q3 2025",""
"Caterpillars","Standalone","For Sale","EUR",9,"N/A","N/A","Gam'inBIZ","5-E115",4,"",63,"404899","743941","","2025-04-00","Q3 2025",""
"Instinkt: Duell der Tiere","Standalone","For Sale","EUR",13,"N/A","N/A","Gam'inBIZ","5-E115",4,"",56,"437919","744032","","2025-07-17","",""
"Rebel Princess: 2nd Edition","Standalone","For Sale","EUR",16,"N/A","N/A","Gam'inBIZ","5-E115",4,"",97,"420017","746143","","2025-05-13","",""
"Póker a Voces","Standalone","For Sale","EUR",22,"N/A","N/A","Perro Loko Games","3-U115",4,"",147,"445039","756729","","2025-11-00","",""
"The Peak Team","Standalone","For Sale","EUR",35,"N/A","N/A","Matagot","",4,"",75,"430726","731267","","2025-10-00","",""
"Mission: Red Planet (Second/Third Edition)","Standalone","For Sale","EUR",50,"N/A","N/A","Matagot","",4,"",80,"176920","731251","","2025-07-00","",""
"Asterix & Co.","Standalone","For Sale","EUR",20,"N/A","N/A","Matagot","",4,"",59,"428182","754953","MAT-ATC-001-522","2025-06-00","",""
"Aliens Attack!","Standalone","For Sale","EUR",12,"N/A","N/A","Grail Games","",4,"",40,"440022","748205","","2026-02-00","",""
"Ohio Bob","Standalone","For Sale","EUR",12,"N/A","N/A","Grail Games","",4,"",46,"440014","748197","","2026-02-00","",""
"Harvest Valley","Standalone","For Sale","EUR",12,"N/A","N/A","Grail Games","",4,"",46,"440016","748199","","2026-02-00","",""
"Farm Hand","Standalone","For Sale","EUR",15,"N/A","N/A","Grail Games","",4,"",67,"386860","736440","","2025-09-00","",""
"Fjords","Standalone","For Sale","EUR",15,"N/A","N/A","Grail Games","",4,"",57,"15511","741599","","2025-09-00","",""
"Tango","Standalone","For Sale","EUR",15,"N/A","N/A","Grail Games","",4,"",51,"415472","742061","","2025-09-00","",""
"Night Soil","Standalone","For Sale","EUR",40,"N/A","N/A","Grail Games","",4,"",108,"421530","714791","","2025-10-00","",""
"Ruins","Standalone","For Sale","N/A","N/A","N/A","N/A","Allplay","5-L415",4,"",84,"428635","727826","","2025-06-00","",""
"Oddland","Standalone","For Sale","N/A","N/A","N/A","N/A","Allplay","5-L415",3,"",27,"428636","727827","","2025-06-00","",""
"Money!","Standalone","For Sale","N/A","N/A","N/A","N/A","Allplay","5-L415",4,"",24,"125","727830","","2025-06-00","",""
"Vegas Strip","Standalone","For Sale","N/A","N/A","N/A","N/A","Allplay","5-L415",4,"",20,"428638","727829","","2025-06-00","",""
"Alibis","Standalone","For Sale","N/A","N/A","N/A","N/A","Allplay","5-L415",4,"",30,"435423","739075","","2025-05-00","",""
"Wordsy","Standalone","For Sale","N/A","N/A","N/A","N/A","Allplay","5-L415",4,"",14,"208480","733021","","2025-05-00","",""
"Slambo!","Standalone","For Sale","N/A","N/A","N/A","N/A","Allplay","5-L415",4,"",19,"435357","738989","","2025-06-00","",""
"For the Emperor","Standalone","For Sale","N/A","N/A","N/A","N/A","Allplay","5-L415",4,"",24,"435356","738988","","2025-06-00","",""
"Oh Crab!","Standalone","For Sale","EUR",42,"EUR",35,"Smart Flamingo","5-D315",3,"",14,"373009","636338","","2025-07-31","",""
"Wedding Seating Chart","Standalone","For Sale","EUR",20,"EUR",15,"Smart Flamingo","5-D315",4,"",7,"446915","759761","","2025-06-00","",""
"Fathom","Standalone","For Sale","EUR",35,"N/A","N/A","Paper Fort Games","",3,"",49,"379039","647567","","2025-08-00","",""
"Meister Makatsu","Standalone","For Sale","N/A","N/A","N/A","N/A","AMIGO","",4,"",33,"447384","760603","02553","2025-06-02","",""
"Bohnanza: Dahlias","Standalone","For Sale","N/A","N/A","N/A","N/A","AMIGO","",4,"",24,"386906","765146","","2025-00-00","",""
"Last Droids","Standalone","For Sale","EUR",22,"N/A","N/A","Blue Cocker Games","",4,"",85,"438417","744703","LDD_FR-001-092025","2025-09-00","",""
"Compile: Main 2","Standalone","For Sale","EUR",22,"N/A","N/A","Synapses Games","2-E610",4,"",82,"440606","749381","","2025-12-00","Q4 2025",""
"Dark Romance","Standalone","For Sale","EUR",70,"N/A","N/A","Funtails","",4,"",37,"410722","696312","279376","2025-00-00","",""
"Luthier","Standalone","For Sale","EUR",129,"N/A","N/A","Funtails","",4,"",131,"371330","724699","","0000-00-00","Q4 2025",""
"Galaxy Postman","Standalone","For Sale","EUR",60,"N/A","N/A","Hodari Spiele","",4,"",68,"369341","735543","","2025-08-00","",""
"Galaxy Postman: Overdrive Modules","Expansion","For Sale","EUR",25,"N/A","N/A","Hodari Spiele","",4,"",18,"432913","734989","","2025-08-00","",""
"Galaxy Postman: Interstellar Modules","Expansion","For Sale","EUR",25,"N/A","N/A","Hodari Spiele","",4,"",15,"432848","734883","","2025-08-00","",""
"How to Save a World","Standalone","For Sale","EUR",50,"N/A","N/A","Frosted Games","3-D200",4,"",90,"406232","689352","","2025-05-00","",""
"Leviathan Wilds","Standalone","For Sale","EUR",65,"N/A","N/A","Frosted Games","3-D200",4,"",90,"358737","736405","","0000-00-00","Q4 2025",""
"One-Hit Heroes","Standalone","For Sale","EUR",35,"N/A","N/A","Frosted Games","3-D200",3,"",66,"412731","753971","","0000-00-00","Q4 2025",""
"Chu Han","Standalone","For Sale","EUR",27,"N/A","N/A","Frosted Games","3-D200",4,"",48,"288558","711499","FG24-CH-0","2025-04-00","",""
"Battlecrest: Fellwoods Base Game","Standalone","For Sale","N/A","N/A","N/A","N/A","Frosted Games","3-D200",4,"",34,"339532","713452","","2025-04-00","",""
"Star Trek: Captain's Chair","Standalone","Demo","N/A","N/A","N/A","N/A","Frosted Games","3-D200",4,"",98,"422541","736407","","0000-00-00","Q4 2025",""
"The Elder Scrolls: Betrayal of the Second Era","Standalone","Demo","N/A","N/A","N/A","N/A","Frosted Games","3-D200",4,"",102,"356080","685187","","2025-00-00","Q4 2025",""
"Astro Knights","Standalone","Demo","N/A","N/A","N/A","N/A","Frosted Games","3-D200",4,"",67,"352179","713450","","2025-00-00","Q4 2025",""
"Aquatica","Standalone","For Sale","EUR",50,"N/A","N/A","Frosted Games","3-D200",4,"",70,"283393","753958","","0000-00-00","Q4 2025",""
"Makoto","Standalone","For Sale","N/A","N/A","N/A","N/A","HUCH!","6-B300",4,"",44,"437109","742224","884640","2025-00-00","Q2 2025",""
"Penguin Kaboom","Standalone","For Sale","EUR",25,"N/A","N/A","Perro Loko Games","3-U115",4,"",165,"447065","760034","0609143667059","2025-12-00","",""
"Orloj: The Prague Astronomical Clock","Standalone","For Sale","EUR",60,"N/A","N/A","Perro Loko Games","3-U115",3,"Veel thumbs",696,"429405","729007","","2025-10-00","",""
"Kanal","Standalone","For Sale","EUR",55,"N/A","N/A","Fentasy Games","4-D615",4,"",148,"438018","758049","","2025-00-00","",""
"Yinzi: Ming","Standalone","Demo","N/A","N/A","N/A","N/A","Fentasy Games","4-D615",4,"",79,"369938","630005","","2025-12-00","",""
"BRICOLAGE HEADS","Standalone","For Sale","EUR",45,"N/A","N/A","Fentasy Games","4-D615",4,"",141,"406231","741426","","2025-00-00","",""
"1975 White Christmas","Standalone","For Sale","EUR",25,"N/A","N/A","Looping Games","3-D310",4,"",163,"449774","764712","","2025-10-00","",""
"20,000 Leagues Under the Sea","Standalone","For Sale","EUR",24,"N/A","N/A","Looping Games","3-D310",2,"",160,"419512","711111","","2025-10-00","",""
"Feya's Swamp","Standalone","For Sale","EUR",38,"N/A","N/A","Fractal Juegos","",2,"Veel thumbs",660,"438442","744734","","0000-00-00","Q1 2026",""
"Galactic Cruise","Standalone","For Sale","EUR",120,"EUR",100,"Kinson Key Games","",4,"",176,"391137","665523","GME-KKG-GC","2025-01-00","",""
"Galactic Cruise: Advancements","Expansion","For Sale","EUR",25,"N/A","N/A","Kinson Key Games","",4,"",93,"414974","702793","DRNGC002","2025-02-00","",""
"Terrorscape: Putrefied Enmity","Expansion","For Sale","EUR",55,"N/A","N/A","Grimspire","",4,"",27,"423733","722116","1031761","2025-08-18","",""
"Terrorscape: Feral Instincts","Expansion","For Sale","EUR",30,"N/A","N/A","Grimspire","",4,"",21,"385269","678704","1030228","2025-05-27","",""
"Terrorscape: Amorphous Peril","Expansion","For Sale","EUR",30,"N/A","N/A","Grimspire","",4,"",20,"385270","678705","1030229","2025-05-27","",""
"Terrorscape: Lethal Immortals","Expansion","For Sale","EUR",30,"N/A","N/A","Grimspire","",4,"",16,"385271","678706","1030230","2025-05-27","",""
"The Dark Quarter","Standalone","For Sale","EUR",120,"N/A","N/A","Grimspire","",4,"",45,"354768","611614","","2025-00-00","Q3 2025",""
"Akropolis: Athena","Expansion","For Sale","EUR",15,"N/A","N/A","Kobold Spieleverlag","",4,"",37,"422822","731672","1032081","2025-07-14","",""
"Foundations of Metropolis","Standalone","For Sale","EUR",52,"N/A","N/A","Kobold Spieleverlag","",4,"",31,"412865","758373","","0000-00-00","Q3 2025",""
"Charcuterie: The Board Game","Standalone","For Sale","EUR",39,"N/A","N/A","Kobold Spieleverlag","",4,"",17,"360058","738947","","2025-00-00","Q3 2025",""
"World Wonders: Europa Wonders Pack","Expansion","For Sale","EUR",28,"N/A","N/A","Kobold Spieleverlag","",2,"",55,"441235","750475","1032528","2025-08-18","",""
"Junk Drawer","Standalone","For Sale","EUR",39,"N/A","N/A","Kobold Spieleverlag","",4,"",8,"362366","734588","1031510","2025-02-25","",""
"Codenames","Standalone","For Sale","EUR",20,"N/A","N/A","Czech Games Edition","",4,"",35,"178900","760576","","2025-07-01","",""
"Galaxy Trucker: Do What?!","Expansion","For Sale","EUR",30,"N/A","N/A","Czech Games Edition","",4,"",60,"445049","756744","CGE00132","2025-08-00","",""
"Codenames: Duet","Standalone","For Sale","EUR",20,"N/A","N/A","Czech Games Edition","",4,"",35,"224037","760581","","2025-08-00","",""
"Lost Ruins of Arnak: Adventure Chest","Expansion","For Sale","EUR",80,"N/A","N/A","Czech Games Edition","",4,"",323,"439816","747570","CGE00129","2025-07-00","",""
"Codenames: Pictures","Standalone","For Sale","EUR",20,"N/A","N/A","Czech Games Edition","",4,"",30,"198773","760585","","0000-00-00","Q4 2025",""
"Alebrijes","Standalone","For Sale","EUR",16,"N/A","N/A","Fractal Juegos","",4,"",40,"438736","745473","","2025-00-00","Q1 2025",""
"Castle Raisers","Standalone","For Sale","EUR",40,"N/A","N/A","Wonderful World Board Games","",2,"",21,"427596","725991","","2025-08-00","",""
"Last Lantern","Standalone","For Sale","EUR",30,"N/A","N/A","Wonderful World Board Games","",3,"",31,"439519","747026","","2025-09-00","Q4 2025",""
"Dragonarium","Standalone","For Sale","N/A","N/A","N/A","N/A","Wonderful World Board Games","",3,"",25,"439520","747027","","2025-12-00","Q4 2025",""
"Calupum: Shadowed by the Wolf","Standalone","For Sale","EUR",45,"N/A","N/A","Board Game Box","",4,"",12,"449040","763441","","2025-10-23","",""
"Bombastic","Standalone","For Sale","EUR",17,"N/A","N/A","Bitewing Games","5-J525",4,"",48,"438845","745669","","2025-10-00","",""
"Fearless","Standalone","For Sale","EUR",11,"EUR",9,"2F-Spiele","3-G500",4,"",126,"448496","762441","34.07.01","2025-10-00","",""
"Formidable Farm","Standalone","For Sale","EUR",35,"EUR",28,"2F-Spiele","3-G500",4,"",151,"448500","762446","34.09.01","2025-10-00","",""
"Der König des Waldes","Standalone","For Sale","EUR",15,"N/A","N/A","Steinbock Brettspiele","",4,"",94,"429477","729136","","2025-03-28","",""
"Bobbidi Boom","Standalone","For Sale","EUR",20,"N/A","N/A","Steinbock Brettspiele","",4,"",102,"229369","759095","","2025-07-16","",""
"Era of Pioneers","Standalone","Demo","N/A","N/A","N/A","N/A","Steinbock Brettspiele","",4,"",135,"439183","746376","","0000-00-00","Q3 2026",""
"Cup the Crab","Standalone","For Sale","N/A","N/A","N/A","N/A","Mandoo Games","",4,"",39,"437879","743771","","0000-00-00","",""
"Kingdom of Dice","Standalone","For Sale","N/A","N/A","N/A","N/A","Mandoo Games","",3,"",40,"436650","741284","","0000-00-00","",""
"The Vale of Eternity: Curse","Expansion","For Sale","N/A","N/A","N/A","N/A","Mandoo Games","",4,"",110,"436651","741285","","0000-00-00","",""
"Forestry","Standalone","For Sale","EUR",60,"N/A","N/A","Pink Troubadour","",4,"",183,"431493","732618","","2025-00-00","Q3 2025",""
"Galactic Cruise: Accommodations","Expansion","For Sale","EUR",25,"N/A","N/A","Kinson Key Games","",4,"",89,"414976","702795","DRNGC003","2025-02-00","",""
"Nocturnis","Standalone","For Sale","EUR",20,"N/A","N/A","(Self-Published)","See each listing",2,"Weinig bekend. Flip & write",82,"447485","760791","","2025-10-00","",""
"Mimir's Challenge","Standalone","For Sale","EUR",55,"EUR",45,"Mistzone Games","4-E220",3,"",60,"412006","698300","","2025-10-23","",""
"Iliad","Standalone","For Sale","EUR",26,"N/A","N/A","Bitewing Games","5-J525",4,"",139,"420914","713716","","2025-05-00","",""
"Ichor","Standalone","For Sale","EUR",26,"N/A","N/A","Bitewing Games","5-J525",4,"",70,"420915","713717","","2025-05-00","",""
"Silos","Standalone","For Sale","EUR",47,"N/A","N/A","Bitewing Games","5-J525",4,"",80,"429765","729641","","2025-07-00","",""
"EGO","Standalone","For Sale","EUR",43,"N/A","N/A","Bitewing Games","5-J525",4,"",70,"429766","729642","","2025-07-00","",""
"Orbit","Standalone","For Sale","EUR",43,"N/A","N/A","Bitewing Games","5-J525",4,"",67,"429767","729643","","2025-07-00","",""
"Gingham","Standalone","For Sale","EUR",34,"N/A","N/A","Bitewing Games","5-J525",4,"",79,"440024","748207","","2025-10-00","",""
"Gazebo","Standalone","For Sale","EUR",34,"N/A","N/A","Bitewing Games","5-J525",4,"",71,"440023","748206","","2025-10-00","",""
"Assault: Sicily '43 – Gela Beachhead","Standalone","For Sale","EUR",130,"EUR",120,"Sound of Drums GmbH","3-V120",4,"",12,"376753","643464","","2025-01-15","",""
"Assault Sicily 43: Primosole Bridge Expansion","Expansion","For Sale","EUR",69,"EUR",59,"Sound of Drums GmbH","3-V120",4,"",13,"438566","745199","","2025-09-15","",""
"1793: Patriots & Traitors","Standalone","For Sale","EUR",79,"EUR",59,"Sound of Drums GmbH","3-V120",4,"",23,"375311","640363","","2025-03-15","",""
"1795: The Thermidorians","Expansion","For Sale","EUR",19,"EUR",15,"Sound of Drums GmbH","3-V120",4,"",14,"415490","703668","","2025-03-15","",""
"Battles of Napoleon: Volume II – QUATRE BRAS 1815","Standalone","For Sale","EUR",89,"EUR",79,"Sound of Drums GmbH","3-V120",4,"",12,"376564","643094","","2025-10-20","",""
"Arcs","Standalone","For Sale","EUR",65,"N/A","N/A","Spielworxx","",4,"",80,"359871","724457","","2025-07-00","",""
"Limit","Standalone","For Sale","EUR",50,"N/A","N/A","Spielworxx","",4,"",28,"439306","760370","","2025-10-23","",""
"Wishlist Version 2","Standalone","For Sale","EUR",53,"EUR",45,"Wizards of Learning","",4,"",13,"442535","752487","","2025-05-05","",""
"Evil:101","Standalone","For Sale","EUR",35,"N/A","N/A","Tombs Foundry AS","",4,"",9,"356523","599303","","2024-10-26","",""
"Firefighters on Duty","Standalone","For Sale","EUR",60,"N/A","N/A","Artipia Games","3-T200",4,"",49,"395848","673025","","2025-10-00","",""
"Underwater Cities: Data Era","Expansion","For Sale","EUR",30,"N/A","N/A","Pegasus Spiele","3-M120",4,"",76,"440715","764999","","2025-10-00","",""
"Paws Up","Standalone","For Sale","EUR",15,"N/A","N/A","Pegasus Spiele","3-M120",4,"",16,"438295","760802"," 18292E","2025-07-00","",""
"Takenoko: Chibis","Expansion","For Sale","EUR",25,"N/A","N/A","Pegasus Spiele","3-M120",4,"",15,"174095","764866","","2025-09-00","",""
"Bohemians","Standalone","For Sale","EUR",35,"N/A","N/A","Pegasus Spiele","3-M120",4,"",66,"437384","765799","","2025-10-00","",""
"Light Speed: Arena","Standalone","For Sale","EUR",25,"N/A","N/A","Pegasus Spiele","3-M120",4,"",24,"400498","765798","","2025-10-00","",""
"National Economy","Standalone","For Sale","EUR",40,"N/A","N/A","Korokorodou","",4,"",22,"449831","764815","","2025-10-00","",""
"Bid Coin","Standalone","For Sale","EUR",15,"N/A","N/A","Korokorodou","",4,"",27,"436178","765723","","2025-05-00","",""
"Insurrection","Standalone","For Sale","EUR",20,"N/A","N/A","La Boîte de Jeu","6-K400",4,"",37,"450281","765638","INS-EN-STD","2025-00-00","",""
"Malhya: Lands of Legends","Standalone","For Sale","EUR",200,"N/A","N/A","La Boîte de Jeu","6-K400",4,"",77,"274471","764965","MAL-EN-HERO","2025-00-00","",""
"Tornado Splash","Standalone","For Sale","N/A","N/A","N/A","N/A","Arclight Games","5-M600",4,"",46,"444648","756035","","2025-05-23","",""
"LUCHA LUCHA Three Four Five","Standalone","For Sale","EUR",20,"N/A","N/A","Whales Entertainment","6-D300",4,"",11,"436304","740722","","2025-06-00","",""
"Tailor Master: New Challenge 4+ Expansion","Expansion","For Sale","EUR",15,"N/A","N/A","Whales Entertainment","6-D300",4,"",3,"445632","757672","","2025-08-00","",""
"Werewolf: Duel!","Standalone","For Sale","N/A","N/A","N/A","N/A","Whales Entertainment","6-D300",4,"",4,"436306","740725","","2025-01-00","Q4 2025",""
"Vines and Flowers: Blooming Harmony","Standalone","Demo","N/A","N/A","N/A","N/A","Whales Entertainment","6-D300",3,"",14,"424745","720642","","2026-03-00","",""
"Catch the Bomber","Standalone","For Sale","EUR",18,"N/A","N/A","Jolly Thinkers","5-D300",4,"",28,"335763","761898","","2025-10-00","",""
"Eternitium: Next-Gen","Expansion","For Sale","EUR",6.5,"EUR",6,"Ornament Games","2-D110",4,"",20,"432060","761842","","2025-05-12","",""
"Lunar Skyline","Standalone","For Sale","EUR",30,"N/A","N/A","Dead Alive Games","",4,"",26,"426665","724390","","2025-07-10","",""
"Cat Rescue (Second Edition)","Standalone","For Sale","EUR",20,"N/A","N/A","Dead Alive Games","",4,"",14,"446478","759011","","2025-10-01","",""
"Kittens in Space","Standalone","Demo","N/A","N/A","N/A","N/A","Dead Alive Games","",4,"",7,"446480","759014","","2025-12-00","",""
"March of the Ants: Evolved Edition","Standalone","For Sale","EUR",60,"N/A","N/A","Weird City Games","",4,"",297,"416079","704682","","2025-11-00","",""
"Tag Team","Standalone","For Sale","EUR",23,"N/A","N/A","Scorpion Masqué","6-F300",4,"",69,"434906","738420","","2025-09-26","",""
"Mooki Island","Standalone","For Sale","EUR",12,"N/A","N/A","Scorpion Masqué","6-F300",4,"",20,"435346","738973","","2025-06-06","",""
"Almighty","Standalone","Demo","N/A","N/A","N/A","N/A","Keen Bean Studio","5-B720",3,"",51,"382158","652748","","2026-00-00","Q4 2026",""
"The Presence","Standalone","For Sale","EUR",70,"N/A","N/A","Purple Lantern Games","4-A415",4,"",131,"329543","548104","","2025-09-01","",""
"Hercules and the 12 Labors","Standalone","Demo","N/A","N/A","N/A","N/A","Envy Born Games","",4,"",109,"436038","740214","","2025-09-00","",""
"Roblins!","Standalone","For Sale","N/A","N/A","N/A","N/A","Baroque Games","",4,"",67,"399304","677660","","2025-10-00","",""
"Propuh","Standalone","For Sale","EUR",20,"N/A","N/A","InterHuman","3-C411",4,"",30,"408769","737678","","2025-03-00","",""
"Fear of the Dark","Standalone","For Sale","EUR",28,"N/A","N/A","InterHuman","3-C411",4,"",42,"427439","725791","","2025-08-00","",""
"Badgers","Standalone","For Sale","EUR",25,"N/A","N/A","InterHuman","3-C411",4,"",31,"444687","756112","","2025-10-00","",""
"Jure Grando: The First Vampire","Standalone","Demo","N/A","N/A","N/A","N/A","InterHuman","3-C411",4,"",30,"432841","734866","","0000-00-00","Q2 2026",""
"YUM YUM Trouble Gum","Standalone","For Sale","EUR",20,"EUR",17,"Loosey Goosey Games","5-J800",4,"",9,"448181","761909","2502 400","0000-00-00","Q4 2025",""
"Fortunes of Scoundrel Bay","Standalone","For Sale","EUR",55,"N/A","N/A","Chilifox Games","",4,"",192,"446703","759371","","2025-10-23","",""
"Movie Tricks","Standalone","For Sale","EUR",15,"N/A","N/A","Chilifox Games","",4,"",94,"442512","752399","","2025-10-23","",""
"A Way Back Home","Standalone","For Sale","EUR",30,"N/A","N/A","Agie Games","5-B400",2,"",50,"423892","719218","","2025-10-06","",""
"Violet and the meddlings of Madame Kamila","Expansion","For Sale","EUR",15,"N/A","N/A","Agie Games","5-B400",4,"",38,"428409","727420","","2025-10-05","",""
"Cat Packs: Whiskers in the Night","Expansion","For Sale","EUR",15,"N/A","N/A","All Or None Games","3-L615",4,"",25,"429120","728506","","2025-03-00","",""
"Diceocracy","Standalone","For Sale","EUR",50,"N/A","N/A","All Or None Games","3-L615",4,"",40,"400499","679391","","2025-10-00","",""
"Anne Bonny's Malediction","Standalone","For Sale","EUR",14,"N/A","N/A","Cayro, The Games","5-A100",4,"",34,"413526","700558","","2025-03-28","",""
"Make Your Bubble Tea","Standalone","For Sale","EUR",14,"N/A","N/A","Cayro, The Games","5-A100",4,"",29,"431107","731954","","2025-03-28","",""
"Pesky Island","Standalone","For Sale","EUR",16,"N/A","N/A","Cayro, The Games","5-A100",4,"",22,"436968","741786","","2025-03-28","",""
"Thebai","Standalone","For Sale","EUR",70,"N/A","N/A","Pegasus Spiele","3-M120",4,"",54,"451214","768416","","2025-10-00","",""
"Frank's Zoo","Standalone","For Sale","EUR",16,"N/A","N/A","HeidelBÄR Games","6-B200",4,"",20,"340","764361","HG018","2025-10-00","",""
"Umami","Standalone","For Sale","EUR",16,"N/A","N/A","HeidelBÄR Games","6-B200",4,"",12,"449542","764357","HG019","2025-10-00","",""
"We're Sinking!","Standalone","For Sale","EUR",50,"N/A","N/A","Lucky Duck Games","5-J715",4,"",20,"340910","761236","","2025-10-00","",""
"We're Sinking!: Swords & Souls","Expansion","For Sale","EUR",15,"N/A","N/A","Lucky Duck Games","5-J715",4,"",8,"382413","653197","","2025-10-00","",""
"Critter Kitchen","Standalone","For Sale","EUR",40,"N/A","N/A","Lucky Duck Games","5-J715",4,"",35,"393429","761234","","2025-05-00","",""
"Critter Kitchen: À La Cart","Expansion","For Sale","EUR",25,"N/A","N/A","Lucky Duck Games","5-J715",4,"",18,"414479","701985","","2025-05-00","",""
"Borealis: Arctic Expeditions","Standalone","For Sale","EUR",30,"N/A","N/A","Lucky Duck Games","5-J715",4,"",20,"448116","761804","SKU: LKY BAE-R01-EN","2026-01-00","",""
"Children of Morta: The Board Game","Standalone","For Sale","EUR",50,"N/A","N/A","Lucky Duck Games","5-J715",4,"",30,"396619","674023","","2025-10-00","",""
"The Dark Quarter","Standalone","For Sale","EUR",60,"N/A","N/A","Lucky Duck Games","5-J715",4,"",35,"354768","595663","","2025-06-27","",""
"The Dark Quarter: The Yesterday Demon & Other Stories","Expansion","For Sale","EUR",35,"N/A","N/A","Lucky Duck Games","5-J715",4,"",16,"361000","608367","","2025-06-00","",""
"The Dark Quarter: Lost to the Night","Expansion","For Sale","EUR",35,"N/A","N/A","Lucky Duck Games","5-J715",4,"",17,"360999","608366","LKY-TDQ-R02-EN","2025-06-27","",""
"The Sims Board Game","Standalone","For Sale","EUR",20,"N/A","N/A","Goliath Games","5-J715 (Lucky Duck Games)",4,"",23,"448450","762360","","2025-09-00","",""
"Kitsu","Standalone","Demo","N/A","N/A","N/A","N/A","Lucky Duck Games","5-J715",4,"",5,"429411","766948","","2026-01-00","",""
"Purrramid","Standalone","Demo","N/A","N/A","N/A","N/A","Lucky Duck Games","5-J715",3,"",13,"451297","767525","LKY PRR-R01-EN","2026-03-00","",""
"Fifty","Standalone","For Sale","EUR",14,"N/A","N/A","IELLO","6-F200",4,"",13,"292643","760082","","2025-09-00","",""
"Veggie Match","Standalone","For Sale","EUR",12,"N/A","N/A","IELLO","6-F200",4,"",16,"450977","766985","","2025-10-23","",""
"Unmatched: Battle of Legends, Volume Three","Standalone","For Sale","EUR",38,"N/A","N/A","IELLO","6-F200",4,"",28,"439765","747531","","2025-09-00","",""
"Little Soldiers","Standalone","For Sale","EUR",28,"N/A","N/A","IELLO","6-F200",3,"",31,"404356","686285","","2025-10-23","",""
"King of Tokyo: Mindbug","Expansion","For Sale","EUR",17,"N/A","N/A","IELLO","6-F200",4,"",32,"438686","745392","","2025-10-23","",""
"The Rose King","Standalone","For Sale","EUR",18,"N/A","N/A","Playte","6-D310",4,"",34,"201","760408","","0000-00-00","",""
"Pueblo","Standalone","For Sale","EUR",21.5,"N/A","N/A","Playte","6-D310",4,"",46,"3228","760406","","0000-00-00","",""
"Gangster","Standalone","For Sale","EUR",21.5,"N/A","N/A","Playte","6-D310",4,"",27,"31621","761872","","2025-00-00","",""
"Tenby","Standalone","For Sale","EUR",26,"N/A","N/A","Cosy Cub Games","3-K315 (Mighty Boards)",4,"",22,"407233","691072","","2025-05-00","",""
"Please Don't Burn My Village!","Standalone","For Sale","EUR",27,"N/A","N/A","Fireside Games","2-D210 (European Player Network)",4,"",28,"438119","744234","FSD2005","2025-08-06","",""
"Ham Helsing","Standalone","For Sale","EUR",55,"N/A","N/A","Fireside Games","2-D210 (European Player Network)",4,"",19,"439662","747315","FSD1023","2025-10-29","",""
"Blooming Sea","Standalone","For Sale","EUR",25,"N/A","N/A","Korea Boardgames","5-A315",4,"",35,"452320","769621","","2025-10-00","",""
"TomaToss","Standalone","For Sale","EUR",15,"N/A","N/A","Korea Boardgames","5-A315",4,"",28,"452321","769622","","2025-10-00","",""
"Grandma's Recipe","Standalone","For Sale","EUR",15,"N/A","N/A","Korea Boardgames","5-A315",4,"",25,"452322","769623","","2025-12-00","",""
"The Phantom of the Opera","Standalone","For Sale","N/A","N/A","N/A","N/A","Korea Boardgames","5-A315",4,"",28,"452326","769629","","2025-10-00","",""
"Ventopia: Die fliegende Insel","Standalone","For Sale","EUR",40,"N/A","N/A","Ravensburger","",4,"",6,"446948","759828","24582","2025-09-00","",""
"Die glorreichen Gilden von Buttonville","Standalone","For Sale","EUR",35,"N/A","N/A","Ravensburger","",4,"",30,"446949","759829","24783","2025-09-00","",""
"echoes tatort: Der Geisterseher","Standalone","For Sale","EUR",13,"N/A","N/A","Ravensburger","",4,"",13,"446950","759831","24860","2025-09-00","",""
"Backstories: Alone Under the Ice","Standalone","For Sale","EUR",18,"N/A","N/A","Ravensburger","",4,"",17,"415921","757276","24849","2025-09-00","",""
"Federation: Piracy","Expansion","For Sale","N/A","N/A","N/A","N/A","Explor8","4-D515",4,"",79,"448124","761815","","2025-10-00","",""
"Paddy","Standalone","For Sale","EUR",28,"N/A","N/A","2Tomatoes Games","5-F525",4,"",112,"448107","761793","2TPD01","2025-10-00","",""
"Meow-Cala","Standalone","For Sale","EUR",18,"N/A","N/A","Playte","6-D310",4,"",46,"448156","761871","","0000-00-00","",""
"Meow in a Row","Standalone","For Sale","EUR",18,"N/A","N/A","Playte","6-D310",4,"",46,"448155","761870","","0000-00-00","",""
"Meow 10","Standalone","For Sale","EUR",12,"N/A","N/A","Playte","6-D310",4,"",45,"448154","761869","","0000-00-00","",""
"Troublebot","Standalone","For Sale","EUR",20,"EUR",17,"Loosey Goosey Games","5-J800",4,"",17,"448180","761908","2501 400","0000-00-00","Q4 2025",""
"Seaside","Standalone","For Sale","EUR",23,"N/A","N/A","Edition Spielwiese","6-A300","N/A","N/A",10,"406660","741292","RANLIT01-2025-04-DE","0000-00-00","Q2 2025",""
"MicroMacro: Kids – Crazy City Park","Standalone","For Sale","EUR",25,"N/A","N/A","Edition Spielwiese","6-A300","N/A","N/A",13,"437261","742517","686806","2025-06-00","Q1 2025",""
"Planepita","Standalone","For Sale","EUR",35,"N/A","N/A","SzpiLAB","5-K800","N/A","N/A",13,"374542","734742","","2025-06-01","",""
"Rafflesian","Standalone","For Sale","EUR",30,"N/A","N/A","SzpiLAB","5-K800","N/A","N/A",1,"451901","768780","","2025-10-23","",""
"Snowp","Standalone","For Sale","EUR",40,"N/A","N/A","SzpiLAB","5-K800","N/A","N/A",4,"452143","769265","","2025-10-00","",""
"Animal Rescue Team","Standalone","For Sale","EUR",45,"N/A","N/A","Play to Z","5-F115","N/A","N/A",13,"438214","744401","","2025-00-00","Q4 2025",""
"Skirmish: Battle for Draconia","Standalone","For Sale","EUR",25,"N/A","N/A","ICE Makes","3-M300","N/A","N/A",3,"429580","729314","","0000-00-00","",""
"Epochs: Course of Cultures","Standalone","For Sale","EUR",80,"N/A","N/A","ICE Makes","3-M300","N/A","N/A",17,"400817","680010","","0000-00-00","",""
"Terrorscape: Putrefied Enmity","Expansion","For Sale","EUR",42,"N/A","N/A","ICE Makes","3-M300","N/A","N/A",6,"423733","718963","","2025-06-00","",""
"World Order","Standalone","Demo","N/A","N/A","N/A","N/A","Hegemonic Project Games","3-Q500","N/A","N/A",38,"403150","684205","","2025-10-00","",""
"Propeller Islands","Standalone","For Sale","N/A","N/A","N/A","N/A","Queen Games","3-K400 / 3-K600","N/A","N/A",10,"440035","748226","","2025-10-00","",""
"Ronin","Standalone","For Sale","N/A","N/A","N/A","N/A","Queen Games","3-K400 / 3-K600","N/A","N/A",11,"443707","754484","","2025-10-00","",""
"Valencia","Standalone","For Sale","N/A","N/A","N/A","N/A","Queen Games","3-K400 / 3-K600","N/A","N/A",9,"430614","731090","","2025-10-00","",""
"Chichén Itzá","Standalone","For Sale","N/A","N/A","N/A","N/A","Queen Games","3-K400 / 3-K600","N/A","N/A",9,"430616","731092","","2025-10-00","",""
"Marrakesh: Gems & Experts","Expansion","For Sale","N/A","N/A","N/A","N/A","Queen Games","3-K400 / 3-K600","N/A","N/A",10,"439215","746435","","2025-10-00","",""
"Ladybugs","Standalone","For Sale","N/A","N/A","N/A","N/A","Queen Games","3-K400 / 3-K600","N/A","N/A",3,"443708","754485","","2025-10-00","",""
"Der Glückselefant","Standalone","For Sale","N/A","N/A","N/A","N/A","Queen Games","3-K400 / 3-K600","N/A","N/A",2,"439220","746443","","2025-10-00","",""
"Wolf Street","Standalone","For Sale","EUR",25,"N/A","N/A","Broadway Toys LTD","5-B500","N/A","N/A",12,"436843","741569","","2025-08-00","",""
"The Wondrous Museum","Standalone","For Sale","EUR",20,"N/A","N/A","Broadway Toys LTD","5-B500","N/A","N/A",19,"436842","741567","","2025-08-00","",""
"Walking in Osaka","Standalone","For Sale","EUR",20,"N/A","N/A","EmperorS4","4-J325","N/A","N/A",5,"448055","761697","WIO","2025-10-00","",""
"Galileo Galilei: Luna","Expansion","For Sale","EUR",30,"N/A","N/A","Pink Troubadour","",4,"",161,"446834","759624","","0000-00-00","",""
"Pondscape","Standalone","For Sale","EUR",19,"N/A","N/A","Pink Troubadour","",4,"",125,"435330","738950","","2025-00-00","Q3 2025",""
"Movie Fight","Standalone","For Sale","EUR",19,"N/A","N/A","Pink Troubadour","",4,"",52,"439169","746355","","0000-00-00","Q3 2025",""
"Pilgrims: Curious Adventures","Standalone","For Sale","EUR",35,"N/A","N/A","Pink Troubadour","",4,"",104,"444683","756105","","0000-00-00","Q4 2025",""
"Otter","Standalone","For Sale","EUR",15,"N/A","N/A","Charming Games Collective","",4,"",50,"425532","722060","","2025-07-31","",""
"Capybara Crush","Standalone","For Sale","EUR",15,"N/A","N/A","Charming Games Collective","",4,"",48,"436146","740496","","2026-09-00","",""
"Doom Cat","Standalone","For Sale","EUR",30,"N/A","N/A","Charming Games Collective","",4,"",17,"414946","732856","","2025-07-31","",""
"Merge Mountain","Standalone","Demo","N/A","N/A","N/A","N/A","Charming Games Collective","",4,"",7,"449454","764215","","0000-00-00","",""
"Petting Zoom","Standalone","Demo","N/A","N/A","N/A","N/A","Charming Games Collective","",4,"",7,"449451","764212","","0000-00-00","",""
"Dragon Mail","Standalone","Demo","N/A","N/A","N/A","N/A","Charming Games Collective","",4,"",6,"449452","764213","","2026-00-00","",""
"Lost in Adventure: The Curse of Jack Parrot","Standalone","For Sale","EUR",18,"N/A","N/A","DV Games","3-J400",4,"",14,"436157","740516","","2025-10-00","",""
"Until Proven Guilty: Thirst for Justice","Standalone","For Sale","EUR",17,"N/A","N/A","DV Games","3-J400",3,"",25,"436135","740478","","2025-10-00","",""
"Cultivo","Standalone","For Sale","EUR",55,"EUR",50,"Spielefaible","3-G515",4,"",27,"451246","767462","","2025-10-22","",""
"Bier Pioniere: Kölsch","Expansion","For Sale","EUR",19,"EUR",15,"Spielefaible","3-G515",4,"",25,"451245","767460","","2025-10-29","",""
"Paupers' Ladder","Standalone","Demo","N/A","N/A","N/A","N/A","Spielefaible","3-G515",4,"",24,"263938","762173","","2025-11-00","",""
"108 Outlaws","Standalone","For Sale","EUR",30,"N/A","N/A","Origame","6-G102",4,"",12,"451166","767329","","0000-00-00","Q4 2025",""
"Skalvenia","Standalone","Demo","N/A","N/A","N/A","N/A","Smart Flamingo","5-D315",4,"",6,"402705","683398","","0000-00-00","Q2 2027",""
"Rebirth","Standalone","For Sale","EUR",45,"N/A","N/A","Frosted Games","3-D200",4,"",119,"417197","753956","","0000-00-00","Q4 2025",""
"Dead Cells: The Rogue-Lite Board Game","Standalone","For Sale","EUR",90,"N/A","N/A","Frosted Games","3-D200",4,"",91,"380135","736404","","2025-08-00","",""
"Phoenix New Horizon","Standalone","For Sale","EUR",55,"N/A","N/A","Frosted Games","3-D200",4,"",112,"419704","736406","","0000-00-00","Q4 2025",""
"La Galaxia de los Números","Standalone","For Sale","EUR",23,"N/A","N/A","ATOMO GAMES","3-G120","N/A","N/A",1,"451157","767300","","2025-09-00","",""
"Mythwind","Standalone","For Sale","EUR",100,"N/A","N/A","Board Game Circus","5-D110","N/A","N/A",9,"317582","759093","","2025-10-00","",""
"Mythwind: Friends & Family","Expansion","For Sale","EUR",35,"N/A","N/A","Board Game Circus","5-D110","N/A","N/A",7,"417508","741472","","2025-10-00","",""
"Mythwind: Secret Lives of Sprites","Expansion","For Sale","EUR",8,"N/A","N/A","Board Game Circus","5-D110","N/A","N/A",6,"442742","767430","","2025-10-00","",""
"Railroad Tiles","Standalone","For Sale","EUR",35,"N/A","N/A","Horrible Guild","6-C110","N/A","N/A",19,"418062","708308","","2025-07-12","",""
"Similo","Standalone","For Sale","EUR",10,"N/A","N/A","Horrible Guild","6-C110","N/A","N/A",11,"268620","757315","HG270","2025-07-00","",""
"Evergreen: Cherry Blossoms and Bamboo","Expansion","For Sale","EUR",18,"N/A","N/A","Horrible Guild","6-C110","N/A","N/A",16,"448442","762339","HG227","2025-07-07","",""
"TPK: Total Party Kill","Standalone","For Sale","EUR",13,"N/A","N/A","GDM Games","3-G120","N/A","N/A",5,"442511","752395","","2025-06-00","",""
"Jewels","Standalone","For Sale","EUR",25,"N/A","N/A","GDM Games","3-G120","N/A","N/A",2,"450911","766863","","2025-10-00","",""
"Star Explorer","Standalone","For Sale","N/A","N/A","N/A","N/A","Queen Games","3-K400 / 3-K600","N/A","N/A",11,"424995","741141","","2025-04-00","",""
